title,directors,year,genre,runtime,theater,screen_date,screen_times,weekday,wiki_id,language,country
Blue Giant,Yuzuru Tachikawa,,Thriller,0 days 02:00:00,Museum of Fine Arts,2024-03-30,7:00 PM,Saturday,,,
Perfect Days,Wim Wenders,,Thriller,0 days 02:03:00,Museum of Fine Arts,2024-04-05,7:00 PM,Friday,,,
Ghost Dog: The Way of the Samurai,Jim Jarmusch,1999,Crime,0 days 01:56:00,The Brattle,2024-05-24,"4:00 PM, 9:00 PM",Friday,471352,English,United States
Stray Dog,Akira Kurosawa,1949,Crime,0 days 02:02:00,The Brattle,2024-05-24,6:30 PM,Friday,867905,Japanese,Japan
Big Trouble in Little China,John Carpenter,1986,Comedy,0 days 01:40:00,Coolidge Corner Theatre,2024-05-24,11:59 PM,Friday,697113,English,United States
Young Frankenstein,Mel Brooks,1974,Comedy,0 days 01:46:00,The Brattle,2024-05-25,12:00 PM,Saturday,442647,English,United States
Poetry,Lee Chang-dong,2010,Drama,0 days 02:19:00,Museum of Fine Arts,2024-05-25,2:30 PM,Saturday,26964199,Korean,South Korea
Kind Hearts and Coronets,Robert Hamer,1949,Comedy,0 days 01:44:00,The Brattle,2024-05-25,2:30 PM,Saturday,350908,English,United Kingdom
Jour de Fête,Jacques Tati,1949,Comedy,0 days 01:26:00,The Brattle,2024-05-25,4:45 PM,Saturday,30863517,French,France
Thomasine & Bushrod,Gordon Parks Jr.,1974,Western,0 days 01:35:00,The Brattle,2024-05-25,7:00 PM,Saturday,4340576,English,United States
Stop Making Sense,Jonathan Demme,1984,Documentary,0 days 01:28:00,The Brattle,2024-05-25,10:00 PM,Saturday,1471831,English,United States
Black Rain,Ridley Scott,1989,Drama,0 days 02:05:00,Coolidge Corner Theatre,2024-05-25,11:59 PM,Saturday,3529964,English,United States
Ring,Hideo Nakata,1998,Horror,0 days 01:36:00,Somerville Theatre,2024-05-25,11:59 PM,Saturday,180785,Japanese,Japan
On the Town,"Stanley Donen, Gene Kelly",1949,Music,0 days 01:38:00,The Brattle,2024-05-26,"12:00 PM, 4:30 PM",Sunday,12816415,English,United States
The Taking of Pelham One Two Three,Joseph Sargent,1974,Crime,0 days 01:44:00,The Brattle,2024-05-26,"2:15 PM, 6:45 PM",Sunday,955409,English,United States
Audition,Takashi Miike,1999,Horror,0 days 01:55:00,The Brattle,2024-05-26,9:00 PM,Sunday,587265,Japanese,Japan
Kind Hearts and Coronets,Robert Hamer,1949,Comedy,0 days 01:44:00,The Brattle,2024-05-27,12:00 PM,Monday,350908,English,United Kingdom
All About My Mother,Pedro Almodóvar,1999,Comedy,0 days 01:41:00,The Brattle,2024-05-27,"2:30 PM, 7:15 PM",Monday,61664,Spanish,Spain
Female Trouble,John Waters,1974,Comedy,0 days 01:37:00,The Brattle,2024-05-27,"4:45 PM, 9:30 PM",Monday,1328186,English,United States
Heathers,Michael Lehmann,1989,Comedy,0 days 01:43:00,Coolidge Corner Theatre,2024-05-27,7:00 PM,Monday,13901,English,United States
"Sorry, Wrong Number",Anatole Litvak,1948,Thriller,0 days 01:29:00,Somerville Theatre,2024-05-27,7:15 PM,Monday,183828,English,United States
In a Lonely Place,Nicholas Ray,1950,Drama,0 days 01:34:00,Somerville Theatre,2024-05-27,9:00 PM,Monday,812818,English,United States
Spider-Man: Far From Home,Jon Watts,2019,Action,0 days 02:09:00,Coolidge Corner Theatre,2024-05-27,9:30 PM,Monday,52179698,English,United States
Late Spring,Yasujirō Ozu,1949,Drama,0 days 01:50:00,The Brattle,2024-05-28,6:00 PM,Tuesday,846329,Japanese,Japan
Whisper of the Heart,Yoshifumi Kondo,1995,Animation,0 days 01:51:00,Coolidge Corner Theatre,2024-05-28,7:00 PM,Tuesday,25382451,Japanese,Japan
Beau Travail,Claire Denis,2000,Drama,0 days 01:32:00,The Brattle,2024-05-28,8:30 PM,Tuesday,415881,French,France
A Woman Under the Influence,John Cassavetes,1974,Drama,0 days 02:35:00,The Brattle,2024-05-29,"4:00 PM, 7:30 PM",Wednesday,76643,English,United States
The Wind Rises,Hayao Miyazaki,2013,Drama,0 days 02:06:00,Coolidge Corner Theatre,2024-05-29,7:00 PM,Wednesday,37731694,Japanese,Japan
But I'm a Cheerleader,Jamie Babbit,2000,Comedy,0 days 01:25:00,The Brattle,2024-05-30,"5:00 PM, 7:00 PM",Thursday,770156,English,United States
Train to Busan,Yeon Sang-ho,2016,Horror,0 days 01:58:00,Museum of Fine Arts,2024-05-30,7:00 PM,Thursday,50461635,Korean,South Korea
Freaky Friday,Mark Waters,2003,Comedy,0 days 01:37:00,Coolidge Corner Theatre,2024-05-30,7:15 PM,Thursday,2236324,English,United States
Return to Reason: Four Films by Man Ray,Man Ray,2024,Drama,0 days 01:10:00,The Brattle,2024-05-31,"4:30 PM, 9:00 PM",Friday,42163310,English,United States
Snowpiercer,Bong Joon-ho,2013,Action,0 days 02:07:00,Museum of Fine Arts,2024-05-31,7:00 PM,Friday,35816879,English,South Korea
Martial Law,Steve Cohen,1990,Action,0 days 01:29:00,Coolidge Corner Theatre,2024-05-31,11:59 PM,Friday,18791040,English,United States
Nam June Paik: Moon Is the Oldest TV,Amanda Kim,2023,Documentary,0 days 01:50:00,Museum of Fine Arts,2024-06-01,2:30 PM,Saturday,,,
Black Tight Killers,Yasuharu Hasebe,1966,Drama,0 days 01:27:00,Somerville Theatre,2024-06-01,11:59 PM,Saturday,26249449,Japanese,Japan
Darkman,Sam Raimi,1990,Action,0 days 01:35:00,Coolidge Corner Theatre,2024-06-01,11:59 PM,Saturday,1839695,English,United States
Minari,Lee Isaac Chung,2021,Drama,0 days 01:55:00,Museum of Fine Arts,2024-06-02,2:30 PM,Sunday,61276724,Korean,United States
12 Angry Men,Sidney Lumet,1957,Drama,0 days 01:37:00,Coolidge Corner Theatre,2024-06-03,7:00 PM,Monday,92605,English,United States
Opponent,Milad Alami,2023,Drama,0 days 01:59:00,West Newton Cinema,2024-06-03,7:30 PM,Monday,74552614,Swedish,Sweden
Spider-Man: No Way Home,Jon Watts,2021,Action,0 days 02:28:00,Coolidge Corner Theatre,2024-06-03,9:30 PM,Monday,52239333,English,United States
Candyman,Bernard Rose,1992,Drama,0 days 01:40:00,The Brattle,2024-06-04,"4:45 PM, 9:15 PM",Tuesday,1256990,English,United States
Poison,Todd Haynes,1991,Horror,0 days 01:25:00,Coolidge Corner Theatre,2024-06-04,7:00 PM,Tuesday,7444907,English,United States
Get Out,Jordan Peele,2017,Mystery,0 days 01:44:00,The Brattle,2024-06-04,7:00 PM,Tuesday,48526729,English,United States
Get Out,Jordan Peele,2017,Mystery,0 days 01:44:00,The Brattle,2024-06-05,"4:45 PM, 9:45 PM",Wednesday,48526729,English,United States
Rosemary's Baby,Roman Polanski,1968,Drama,0 days 02:18:00,The Brattle,2024-06-05,7:00 PM,Wednesday,9830229,English,United States
Wayne's World,Penelope Spheeris,1992,Comedy,0 days 01:35:00,The Speedway,2024-06-05,8:00 PM,Wednesday,77744,English,United States
Prince: Sign O' the Times,Prince,1987,Music,0 days 01:24:00,The Brattle,2024-06-06,"4:30 PM, 9:00 PM",Thursday,,,
Purple Rain,Albert Magnoli,1984,Drama,0 days 01:51:00,The Brattle,2024-06-06,6:30 PM,Thursday,226331,English,United States
Past Lives,Celine Song,2023,Drama,0 days 01:46:00,Museum of Fine Arts,2024-06-06,7:00 PM,Thursday,72724981,English,South Korea
Nostalgia,Andrei Tarkovsky,1983,Drama,0 days 02:05:00,The Brattle,2024-06-07,"4:00 PM, 7:00 PM",Friday,,,
School Daze,Spike Lee,1988,Comedy,0 days 02:01:00,Museum of Fine Arts,2024-06-07,7:00 PM,Friday,2851281,English,United States
Teenage Mutant Ninja Turtles,Steve Barron,1990,SciFi,0 days 01:33:00,Coolidge Corner Theatre,2024-06-07,11:59 PM,Friday,2323962,English,United States
Road to Boston,Kang Je-kyu,2023,Drama,0 days 01:53:00,Museum of Fine Arts,2024-06-08,2:30 PM,Saturday,70494290,Korean,South Korea
Nostalgia,Andrei Tarkovsky,1983,Drama,0 days 02:05:00,The Brattle,2024-06-08,"4:00 PM, 7:00 PM",Saturday,,,
Dick Tracy,Warren Beatty,1990,Adventure,0 days 01:45:00,Coolidge Corner Theatre,2024-06-08,11:59 PM,Saturday,725984,English,United States
Nostalgia,Andrei Tarkovsky,1983,Drama,0 days 02:05:00,The Brattle,2024-06-09,"12:30 PM, 3:30 PM, 6:30 PM",Sunday,,,
My Own Private Idaho,Gus Van Sant,1991,Drama,0 days 01:44:00,Coolidge Corner Theatre,2024-06-09,2:00 PM,Sunday,605198,English,United States
"Kim Ji-young, Born 1982",Kim Do-young,2019,Drama,0 days 01:59:00,Museum of Fine Arts,2024-06-09,2:30 PM,Sunday,64033010,Korean,South Korea
Nostalgia,Andrei Tarkovsky,1983,Drama,0 days 02:05:00,The Brattle,2024-06-10,"5:00 PM, 8:00 PM",Monday,,,
Rear Window,Alfred Hitchcock,1954,Thriller,0 days 01:55:00,Coolidge Corner Theatre,2024-06-10,7:00 PM,Monday,74577,English,United States
Funny Games,Michael Haneke,1997,Drama,0 days 01:49:00,The Brattle,2024-06-11,"4:30 PM, 9:30 PM",Tuesday,3870912,German,Austria
Us,Jordan Peele,2019,Horror,0 days 01:56:00,The Brattle,2024-06-11,7:00 PM,Tuesday,57371131,English,United States
Young Soul Rebels,Isaac Julien,1991,Drama,0 days 01:45:00,Coolidge Corner Theatre,2024-06-11,7:00 PM,Tuesday,9536996,English,United Kingdom
The Shining,Stanley Kubrick,1980,Horror,0 days 02:24:00,The Brattle,2024-06-12,6:00 PM,Wednesday,1186616,English,United Kingdom
Us,Jordan Peele,2019,Horror,0 days 01:56:00,The Brattle,2024-06-12,9:00 PM,Wednesday,57371131,English,United States
The Shining,Stanley Kubrick,1980,Horror,0 days 02:24:00,The Brattle,2024-06-13,6:00 PM,Thursday,1186616,English,United Kingdom
Selena,Gregory Nava,1997,Drama,0 days 02:07:00,Coolidge Corner Theatre,2024-06-13,7:00 PM,Thursday,275547,English,United States
The Apple,Menahem Golan,1980,Fantasy,0 days 01:32:00,Capitol Theatre,2024-06-13,7:00 PM,Thursday,5461234,English,United States
Spa Night,Andrew Ahn,2016,Drama,0 days 01:36:00,Museum of Fine Arts,2024-06-13,7:30 PM,Thursday,49210494,Korean,United States
Us,Jordan Peele,2019,Horror,0 days 01:56:00,The Brattle,2024-06-13,9:00 PM,Thursday,57371131,English,United States
Street of Chance,Jack Hively,1942,Drama,0 days 01:14:00,The Brattle,2024-06-14,5:00 PM,Friday,3577967,English,United States
Never Open That Door,Carlos Hugo Christensen,1952,Drama,0 days 01:20:00,The Brattle,2024-06-14,7:00 PM,Friday,9911779,Spanish,Argentina
Parasite,Bong Joon-ho,2019,Comedy,0 days 02:13:00,Museum of Fine Arts,2024-06-14,7:00 PM,Friday,56746570,Korean,South Korea
V for Vendetta,James McTeigue,2006,Action,0 days 02:12:00,Coolidge Corner Theatre,2024-06-14,11:59 PM,Friday,1891886,English,United States
Across the Bridge,Ken Annakin,1957,Drama,0 days 01:43:00,The Brattle,2024-06-15,12:00 PM,Saturday,24817139,English,United Kingdom
Zero Focus,Yoshitaro Nomura,1961,Drama,0 days 01:35:00,The Brattle,2024-06-15,2:30 PM,Saturday,13748529,Japanese,Japan
Anselm,Wim Wenders,2023,Documentary,0 days 01:33:00,Museum of Fine Arts,2024-06-15,2:30 PM,Saturday,73588916,German,Germany
Black Tuesday,Hugo Fregonese,1954,Crime,0 days 01:20:00,The Brattle,2024-06-15,5:00 PM,Saturday,2321684,English,United States
Hardly a Criminal,Hugo Fregonese,1949,Crime,0 days 01:28:00,The Brattle,2024-06-15,7:00 PM,Saturday,8959508,Spanish,Argentina
Watchmen,Zack Snyder,2009,Action,0 days 02:43:00,Coolidge Corner Theatre,2024-06-15,11:30 PM,Saturday,5016250,English,United States
Union Station,Rudolph Maté,1950,Drama,0 days 01:21:00,The Brattle,2024-06-16,12:00 PM,Sunday,4150566,English,United states
Cairo Station,Youssef Chahine,1958,Crime,0 days 01:26:00,The Brattle,2024-06-16,2:00 PM,Sunday,25626519,Egyptian Arabic,United Arab Republic
Smog,Franco Rossi,1962,Drama,0 days 01:32:00,The Brattle,2024-06-16,4:30 PM,Sunday,81148333,Italian,
City of Fear,Irving Lerner,1959,Thriller,0 days 01:21:00,The Brattle,2024-06-16,7:00 PM,Sunday,35107447,English,United States
Elevator to the Gallows,Louis Malle,1958,Crime,0 days 01:31:00,The Brattle,2024-06-17,"5:00 PM, 7:15 PM",Monday,3837141,French,France
Field of Dreams,Phil Alden Robinson,1989,Drama,0 days 01:47:00,Coolidge Corner Theatre,2024-06-17,7:00 PM,Monday,129524,English,United States
Buck and the Preacher,Sidney Poitier,1972,Action,0 days 01:42:00,The Brattle,2024-06-18,4:00 PM,Tuesday,18764211,English,United States
Nope,Jordan Peele,2022,Horror,0 days 02:10:00,The Brattle,2024-06-18,6:15 PM,Tuesday,66260186,English,United States
Edward II,Derek Jarman,1991,History,0 days 01:30:00,Coolidge Corner Theatre,2024-06-18,7:00 PM,Tuesday,1306645,English,United Kingdom
Neon Genesis Evangelion: The End of Evangelion,"Hideaki Anno, Kazuya Tsurumaki",1997,Animation,0 days 01:27:00,The Brattle,2024-06-18,9:00 PM,Tuesday,1714278,Japanese,Japan
Buck and the Preacher,Sidney Poitier,1972,Action,0 days 01:42:00,The Brattle,2024-06-19,4:00 PM,Wednesday,18764211,English,United States
Nope,Jordan Peele,2022,Horror,0 days 02:10:00,The Brattle,2024-06-19,6:15 PM,Wednesday,66260186,English,United States
Neon Genesis Evangelion: The End of Evangelion,"Hideaki Anno, Kazuya Tsurumaki",1997,Animation,0 days 01:27:00,The Brattle,2024-06-19,9:00 PM,Wednesday,1714278,Japanese,Japan
Signs,M. Night Shyamalan,2002,Drama,0 days 01:46:00,The Brattle,2024-06-20,"4:00 PM, 6:30 PM",Thursday,72453,English,United States
Nope,Jordan Peele,2022,Horror,0 days 02:10:00,The Brattle,2024-06-20,8:45 PM,Thursday,66260186,English,United States
Fallen Leaves,Aki Kaurismäki,2023,Romance,0 days 01:21:00,The Brattle,2024-06-21,"4:30 PM, 6:00 PM",Friday,73726755,Finnish,Finland
Ravenous,Antonia Bird,1999,Adventure,0 days 01:41:00,The Brattle,2024-06-21,8:30 PM,Friday,874208,English,United Kingdom
Cool World,Ralph Bakshi,1992,Animation,0 days 01:42:00,Coolidge Corner Theatre,2024-06-21,11:59 PM,Friday,600194,English,United States
Fallen Leaves,Aki Kaurismäki,2023,Romance,0 days 01:21:00,The Brattle,2024-06-21,"4:30 PM, 6:30 PM",Friday,73726755,Finnish,Finland
2001: A Space Odyssey,Stanley Kubrick,1968,SciFi,0 days 02:29:00,Somerville Theatre,2024-06-21,8:00 PM,Friday,23941708,English,United Kingdom
Inside the Yellow Cocoon Shell,Phạm Thiên Ân,2023,Drama,0 days 02:59:00,The Brattle,2024-06-22,12:00 PM,Saturday,73900394,Vietnamese,Vietnam
Love Lies Bleeding,Rose Glass,2024,Crime,0 days 01:44:00,The Brattle,2024-06-22,"3:30 PM, 7:45 PM",Saturday,70547951,English,United Kingdom
Drive-Away Dolls,Ethan Coen,2024,Comedy,0 days 01:24:00,The Brattle,2024-06-22,"5:45 PM, 10:00 PM",Saturday,70448628,English,United Kingdom
Mystery Men,Kinka Usher,1999,Adventure,0 days 02:01:00,Coolidge Corner Theatre,2024-06-22,11:59 PM,Saturday,295757,English,United States
Ben-Hur,William Wyler,1959,History,0 days 03:42:00,Somerville Theatre,2024-06-22,2:00 PM,Saturday,1343342,English,United States
Grand Prix,John Frankenheimer,1966,Action,0 days 02:56:00,Somerville Theatre,2024-06-22,7:00 PM,Saturday,970846,English,United States
Scanners,David Cronenberg,1981,SciFi,0 days 01:43:00,Somerville Theatre,2024-06-22,11:59 PM,Saturday,378213,English,Canada
8 Days in August,Samuel Perriard,2024,Comedy,0 days 01:30:00,Coolidge Corner Theatre,2024-06-23,11:00 AM,Sunday,77038622,Tamil,India
Perfect Days,Wim Wenders,2023,Drama,0 days 02:04:00,The Brattle,2024-06-23,"3:30 PM, 6:15 PM, 9:00 PM",Sunday,73588582,Japanese,Japan
Inside the Yellow Cocoon Shell,Phạm Thiên Ân,2023,Drama,0 days 02:59:00,The Brattle,2024-06-23,12:00 PM,Sunday,73900394,Vietnamese,Vietnam
Raintree County,Edward Dmytryk,1957,Drama,0 days 03:08:00,Somerville Theatre,2024-06-23,2:00 PM,Sunday,18549292,English,United States
In the Line of Fire,Wolfgang Petersen,1993,Action,0 days 02:08:00,Somerville Theatre,2024-06-23,6:30 PM,Sunday,676054,English,United States
Late Night with the Devil,"Cameron Cairnes, Colin Cairnes",2024,Horror,0 days 01:33:00,The Brattle,2024-06-24,"5:00 PM, 9:00 PM",Monday,74072280,English,Australia
Invasion of the Body Snatchers,Don Siegel,1956,SciFi,0 days 01:20:00,Coolidge Corner Theatre,2024-06-24,7:00 PM,Monday,74394,English,United States
Immaculate,Michael Mohan,2024,Horror,0 days 01:29:00,The Brattle,2024-06-24,7:00 PM,Monday,73069391,English,United States
From Here to Eternity,Fred Zinnemann,1953,War,0 days 01:58:00,Embassy Theater,2024-06-24,7:15 PM,Monday,42293,English,United States
How to Have Sex,Molly Manning Walker,2023,Drama,0 days 01:31:00,The Brattle,2024-06-25,"5:00 PM, 9:00 PM",Tuesday,73659676,English,United Kingdom
Sometimes I Think About Dying,Rachel Lambert,2024,Romance,0 days 01:31:00,The Brattle,2024-06-25,7:00 PM,Tuesday,72800340,English,United States
Nowhere,Gregg Araki,1997,Comedy,0 days 01:23:00,Coolidge Corner Theatre,2024-06-25,7:00 PM,Tuesday,1223386,English,United States
Tótem,Lila Avilés,2023,Drama,0 days 01:35:00,The Brattle,2024-06-26,"4:45 PM, 7:00 PM",Wednesday,73002607,Spanish,Mexico
Cléo from 5 to 7,Agnès Varda,1962,Drama,0 days 01:30:00,Coolidge Corner Theatre,2024-06-26,7:00 PM,Wednesday,3644380,French,France
La Chimera,Alice Rohrwacher,2023,Adventure,0 days 02:13:00,The Brattle,2024-06-27,5:15 PM,Thursday,70104574,Italian,Italy
Charlie's Angels,McG,2000,Action,0 days 01:38:00,Coolidge Corner Theatre,2024-06-27,7:00 PM,Thursday,342692,English,United States
The Beast,Bertrand Bonello,2024,Drama,0 days 02:27:00,The Brattle,2024-06-27,8:00 PM,Thursday,77618981,English,United Kingdom
300,Zack Snyder,2007,Action,0 days 01:56:00,Coolidge Corner Theatre,2024-06-28,11:59 PM,Friday,2465797,English,United States
Sin City,"Robert Rodriguez, Frank Miller",2005,Thriller,0 days 02:04:00,Coolidge Corner Theatre,2024-06-29,11:59 PM,Saturday,1336308,English,United States
Re-Animator,Stuart Gordon,1985,SciFi,0 days 01:26:00,Somerville Theatre,2024-06-29,11:59 PM,Saturday,1129009,English,United States
Go Fish,Rose Troche,1994,Drama,0 days 01:23:00,Coolidge Corner Theatre,2024-06-30,2:00 PM,Sunday,6721185,English,United States
Dracula vs. Frankenstein,Al Adamson,1971,Horror,0 days 01:31:00,Somerville Theatre,2024-06-30,12:00 PM,Sunday,9267531,English,United States
The Brain That Wouldn't Die,Joseph Green,1962,Horror,0 days 01:22:00,Somerville Theatre,2024-06-30,1:40 PM,Sunday,1771762,English,United States
Mask,Peter Bogdanovich,1985,Drama,0 days 02:00:00,Embassy Theater,2024-06-30,2:00 PM,Sunday,442333,English,United States
Speed,Jan de Bont,1994,Action,0 days 01:56:00,Coolidge Corner Theatre,2024-07-01,7:00 PM,Monday,99123,English,United States
Mask,Peter Bogdanovich,1985,Drama,0 days 02:00:00,Embassy Theater,2024-07-01,7:00 PM,Monday,442333,English,United States
Pearl,Ti West,2022,Horror,0 days 01:42:00,The Brattle,2024-07-02,"5:00 PM, 9:30 PM",Tuesday,70324820,English,United States
Godzilla,Ishirō Honda,1954,Thriller,0 days 01:36:00,Coolidge Corner Theatre,2024-07-02,7:00 PM,Tuesday,12004,Japanese,Japan
X,Ti West,2022,Horror,0 days 01:46:00,The Brattle,2024-07-02,7:15 PM,Tuesday,66437544,English,United States
Jaws,Steven Spielberg,1975,Horror,0 days 02:04:00,The Brattle,2024-07-03,"3:00 PM, 6:00 PM, 9:00 PM",Wednesday,74830,English,United States
Jaws,Steven Spielberg,1975,Horror,0 days 02:04:00,The Brattle,2024-07-04,"1:00 PM, 4:00 PM, 7:00 PM",Thursday,74830,English,United States
Blow Out,Brian De Palma,1981,Thriller,0 days 01:48:00,Coolidge Corner Theatre,2024-07-04,7:00 PM,Thursday,1317987,English,United States
X,Ti West,2022,Horror,0 days 01:46:00,Coolidge Corner Theatre,2024-07-05,"11:59 PM, 11:59 PM",Friday,66437544,English,United States
Serial Mom,John Waters,1994,Comedy,0 days 01:34:00,Coolidge Corner Theatre,2024-07-05,11:59 PM,Friday,294520,English,United States
Fright Night,Tom Holland,1985,Comedy,0 days 01:47:00,Somerville Theatre,2024-07-06,8:00 PM,Saturday,1123132,English,United States
Pearl,Ti West,2022,Horror,0 days 01:42:00,Coolidge Corner Theatre,2024-07-06,11:59 PM,Saturday,70324820,English,United States
The Honeymoon Killers,Leonard Kastle,1970,Crime,0 days 01:48:00,Coolidge Corner Theatre,2024-07-06,11:59 PM,Saturday,3048488,English,United States
Some Like It Hot,Billy Wilder,1959,Comedy,0 days 02:02:00,Coolidge Corner Theatre,2024-07-08,7:00 PM,Monday,76366,English,United States
Mothra vs. Godzilla,Ishirō Honda,1964,Drama,0 days 01:29:00,Coolidge Corner Theatre,2024-07-09,7:00 PM,Tuesday,570269,Japanese,Japan
The Rock,Michael Bay,1996,Action,0 days 02:17:00,Coolidge Corner Theatre,2024-07-10,8:00 PM,Wednesday,29785,English,United States
Rock 'n' Roll High School,Allan Arkush,1979,Comedy,0 days 01:33:00,Coolidge Corner Theatre,2024-07-11,7:00 PM,Thursday,992419,English,United States
Strait-Jacket,William Castle,1964,Drama,0 days 01:33:00,Coolidge Corner Theatre,2024-07-12,11:59 PM,Friday,3954948,English,United States
Friday the 13th,Sean S. Cunningham,1980,Horror,0 days 01:35:00,Coolidge Corner Theatre,2024-07-13,11:59 PM,Saturday,168958,English,United States
City of God,"Fernando Meirelles, Kátia Lund",2002,Drama,0 days 02:10:00,Coolidge Corner Theatre,2024-07-15,7:00 PM,Monday,461322,Portuguese,Brazil
Destroy All Monsters,Ishirō Honda,1968,SciFi,0 days 01:29:00,Coolidge Corner Theatre,2024-07-16,7:00 PM,Tuesday,11994,Japanese,Japan
Cruel Intentions,Roger Kumble,1999,Drama,0 days 01:38:00,Coolidge Corner Theatre,2024-07-18,7:00 PM,Thursday,93559,English,United States
Desperately Seeking Susan,Susan Seidelman,1985,Drama,0 days 01:44:00,The Brattle,2024-07-18,7:30 PM,Thursday,2019025,English,United States
All About Evil,Joshua Grannell,2010,Horror,0 days 01:38:00,Coolidge Corner Theatre,2024-07-19,11:59 PM,Friday,27649189,English,United States
Robot Dreams,Pablo Berger,2023,Animation,0 days 01:42:00,The Brattle,2024-07-20,6:30 PM,Saturday,74621258,,Spain
Office Killer,Cindy Sherman,1997,Horror,0 days 01:22:00,Coolidge Corner Theatre,2024-07-20,11:59 PM,Saturday,1146934,English,United States
Godzilla vs. Hedorah,Yoshimitsu Banno,1971,Action,0 days 01:25:00,Coolidge Corner Theatre,2024-07-23,7:00 PM,Tuesday,570231,Japanese,Japan
Dirty Dancing,Emile Ardolino,1987,Drama,0 days 01:40:00,Coolidge Corner Theatre,2024-07-25,7:00 PM,Thursday,680361,English,United States
Bride of Chucky,Ronny Yu,1998,Comedy,0 days 01:29:00,Coolidge Corner Theatre,2024-07-26,11:59 PM,Friday,30865068,English,United States
Jennifer's Body,Karyn Kusama,2009,Horror,0 days 01:47:00,Coolidge Corner Theatre,2024-07-27,11:59 PM,Saturday,15713038,English,United States
Total Recall,Paul Verhoeven,1990,Action,0 days 01:53:00,Coolidge Corner Theatre,2024-07-29,7:00 PM,Monday,55325,English,United States
Terror of Mechagodzilla,Ishirō Honda,1975,SciFi,0 days 01:23:00,Coolidge Corner Theatre,2024-07-30,7:00 PM,Tuesday,12001,Japanese,
World of Tomorrow,Don Hertzfeldt,2015,Animation,0 days 00:17:00,The Brattle,2024-08-03,"12:00 PM, 9:30 PM",Saturday,47257088,English,United States
Menus-Plaisirs - Les Troisgros,Frederick Wiseman,2023,Documentary,0 days 04:00:00,Museum of Fine Arts,2024-08-03,12:30 PM,Saturday,76603481,French,France
If Beale Street Could Talk,Barry Jenkins,2018,Romance,0 days 02:00:00,The Brattle,2024-08-03,2:30 PM,Saturday,54515886,English,United States
I Heard It Through the Grapevine,"Dick Fontaine, Pat Hartley",1982,Documentary,0 days 01:32:00,The Brattle,2024-08-03,5:00 PM,Saturday,80145027,English,United Kingdom
I Am Not Your Negro,Raoul Peck,2017,Documentary,0 days 01:33:00,The Brattle,2024-08-03,7:00 PM,Saturday,51708233,English,United States
Reign of Fire,Rob Bowman,2002,Adventure,0 days 01:41:00,Coolidge Corner Theatre,2024-08-03,11:59 PM,Saturday,164698,English,United States
Klute,Alan J. Pakula,1971,Thriller,0 days 01:54:00,Somerville Theatre,2024-08-03,11:59 PM,Saturday,223902,English,United States
World of Tomorrow,Don Hertzfeldt,2015,Animation,0 days 00:17:00,The Brattle,2024-08-04,12:00 PM,Sunday,47257088,English,United States
I Heard It Through the Grapevine,"Dick Fontaine, Pat Hartley",1982,Documentary,0 days 01:32:00,The Brattle,2024-08-04,2:15 PM,Sunday,80145027,English,United Kingdom
I Am Not Your Negro,Raoul Peck,2017,Documentary,0 days 01:33:00,The Brattle,2024-08-04,4:15 PM,Sunday,51708233,English,United States
"Jeanne Dielman, 23, quai du Commerce, 1080 Bruxelles",Chantal Akerman,1976,Drama,0 days 03:22:00,The Brattle,2024-08-04,6:30 PM,Sunday,13889076,French,Belgium
Tommy,Ken Russell,1975,Drama,0 days 01:51:00,The Brattle,2024-08-05,6:30 PM,Monday,1221714,English,United Kingdom
Being John Malkovich,Spike Jonze,1999,Comedy,0 days 01:53:00,Coolidge Corner Theatre,2024-08-05,7:00 PM,Monday,349941,English,United States
Wattstax,Mel Stuart,1973,Music,0 days 01:38:00,The Brattle,2024-08-06,"4:15 PM, 8:45 PM",Tuesday,1415007,English,United States
Let the Good Times Roll,"Sidney Levin, Robert Abel",1973,Documentary,0 days 01:39:00,The Brattle,2024-08-06,6:30 PM,Tuesday,33265976,English,United States
Election,Alexander Payne,1999,Comedy,0 days 01:43:00,Coolidge Corner Theatre,2024-08-06,7:00 PM,Tuesday,689969,English,United States
The Bling Ring,Sofia Coppola,2013,Drama,0 days 01:30:00,The Brattle,2024-08-07,"5:00 PM, 9:15 PM",Wednesday,36495174,English,France
Somewhere,Sofia Coppola,2010,Drama,0 days 01:38:00,The Brattle,2024-08-07,7:00 PM,Wednesday,23734853,English,United States
Toni Erdmann,Maren Ade,2016,Comedy,0 days 02:42:00,Goethe-Institut,2024-08-07,8:00 PM,Wednesday,50174610,German,Germany
Scooby-Doo,Raja Gosnell,2002,Mystery,0 days 01:27:00,The Speedway,2024-08-07,8:00 PM,Wednesday,1072075,English,United States
Dog Day Afternoon,Sidney Lumet,1975,Crime,0 days 02:05:00,The Brattle,2024-08-08,"3:30 PM, 8:30 PM",Thursday,101914,English,United States
In the Heat of the Night,Norman Jewison,1967,Crime,0 days 01:49:00,The Brattle,2024-08-08,6:00 PM,Thursday,1715414,English,United States
The Taking of Pelham One Two Three,Joseph Sargent,1974,Crime,0 days 01:44:00,Coolidge Corner Theatre,2024-08-08,7:00 PM,Thursday,955409,English,United States
Wet Hot American Summer,David Wain,2001,Comedy,0 days 01:37:00,Capitol Theatre,2024-08-08,7:30 PM,Thursday,426761,English,United States
Saboteur,Alfred Hitchcock,1942,Thriller,0 days 01:48:00,The Brattle,2024-08-09,"3:30 PM, 8:30 PM",Friday,1576720,English,United States
Rebecca,Alfred Hitchcock,1940,Mystery,0 days 02:10:00,The Brattle,2024-08-09,6:00 PM,Friday,1259785,English,United States
Dragonslayer,Matthew Robbins,1981,Fantasy,0 days 01:48:00,Coolidge Corner Theatre,2024-08-09,11:59 PM,Friday,887388,English,United States
North by Northwest,Alfred Hitchcock,1959,Mystery,0 days 02:16:00,The Brattle,2024-08-10,"12:30 PM, 6:15 PM",Saturday,73412,English,United States
Vertigo,Alfred Hitchcock,1958,Mystery,0 days 02:09:00,The Brattle,2024-08-10,"3:30 PM, 9:00 PM",Saturday,76617,English,United States
The Church,Michele Soavi,1989,Horror,0 days 01:42:00,Coolidge Corner Theatre,2024-08-10,11:59 PM,Saturday,11680456,,Italy
Knowing,Alex Proyas,2009,Action,0 days 02:01:00,Somerville Theatre,2024-08-10,11:59 PM,Saturday,17544255,English,United States
To Catch a Thief,Alfred Hitchcock,1955,Mystery,0 days 01:46:00,The Brattle,2024-08-11,"12:30 PM, 5:45 PM",Sunday,239009,English,United States
Sherlock Jr.,Buster Keaton,1924,Action,0 days 00:45:00,West Newton Cinema,2024-08-11,1:00 PM,Sunday,76346,Silent,United States
Our Hospitality,"Buster Keaton, John G. Blystone",1923,Comedy,0 days 01:13:00,West Newton Cinema,2024-08-11,1:30 PM,Sunday,2685258,Silent,United States
All About My Mother,Pedro Almodóvar,1999,Comedy,0 days 01:41:00,Coolidge Corner Theatre,2024-08-11,2:00 PM,Sunday,61664,Spanish,Spain
North by Northwest,Alfred Hitchcock,1959,Mystery,0 days 02:16:00,The Brattle,2024-08-11,"2:45 PM, 8:00 PM",Sunday,73412,English,United States
La Bamba,Luis Valdez,1987,Drama,0 days 01:48:00,The Brattle,2024-08-12,"3:45 PM, 8:30 PM",Monday,307080,English,United States
The Buddy Holly Story,Steve Rash,1978,Drama,0 days 01:54:00,The Brattle,2024-08-12,6:00 PM,Monday,164359,English,United States
The Big Lebowski,"Joel Coen, Ethan Coen",1998,Comedy,0 days 01:57:00,Coolidge Corner Theatre,2024-08-12,7:00 PM,Monday,29782,English,United States
Dirty Dancing,Emile Ardolino,1987,Drama,0 days 01:40:00,Somerville Theatre,2024-08-12,7:30 PM,Monday,680361,English,United States
Heavy Metal,Gerald Potterton,1981,Animation,0 days 01:30:00,The Brattle,2024-08-13,"5:00 PM, 9:00 PM",Tuesday,155303,English,Canada
The Insider,Michael Mann,1999,Drama,0 days 02:38:00,Coolidge Corner Theatre,2024-08-13,7:00 PM,Tuesday,142469,English,United States
American Pop,Ralph Bakshi,1981,Animation,0 days 01:36:00,The Brattle,2024-08-13,7:00 PM,Tuesday,2040976,English,United States
No Way Out,Roger Donaldson,1987,Thriller,0 days 01:54:00,Somerville Theatre,2024-08-13,7:30 PM,Tuesday,886560,English,United States
Go,Doug Liman,1999,Crime,0 days 01:38:00,Coolidge Corner Theatre,2024-08-14,7:00 PM,Wednesday,585172,English,United States
"sex, lies, and videotape",Steven Soderbergh,1989,Drama,0 days 01:41:00,Somerville Theatre,2024-08-14,7:30 PM,Wednesday,384990,English,United States
I'm Your Man,Maria Schrader,2021,SciFi,0 days 01:48:00,Goethe-Institut,2024-08-14,8:00 PM,Wednesday,66717120,German,Germany
Marie Antoinette,Sofia Coppola,2006,Drama,0 days 02:03:00,The Brattle,2024-08-14,8:00 PM,Wednesday,2701261,English,France
Falling Down,Joel Schumacher,1993,Crime,0 days 01:53:00,The Brattle,2024-08-15,"4:00 PM, 9:00 PM",Thursday,19625929,English,United States
Do the Right Thing,Spike Lee,1989,Drama,0 days 02:00:00,The Brattle,2024-08-15,6:30 PM,Thursday,73428,English,United States
Bird,Clint Eastwood,1988,Drama,0 days 02:41:00,Coolidge Corner Theatre,2024-08-15,7:00 PM,Thursday,2378500,English,United States
Moonrise Kingdom,Wes Anderson,2012,Comedy,0 days 01:34:00,Capitol Theatre,2024-08-15,7:30 PM,Thursday,31462588,English,United States
Pretty Woman,Garry Marshall,1990,Comedy,0 days 01:59:00,Somerville Theatre,2024-08-16,7:00 PM,Friday,156745,English,United States
Caligula: The Ultimate Cut,Tinto Brass,2023,Drama,0 days 02:53:00,Somerville Theatre,2024-08-16,9:30 PM,Friday,243204,English,Italy
Knightriders,George A. Romero,1981,Action,0 days 02:27:00,Coolidge Corner Theatre,2024-08-16,11:30 PM,Friday,2846126,English,United States
Basic Instinct,Paul Verhoeven,1992,Thriller,0 days 02:08:00,Somerville Theatre,2024-08-17,7:00 PM,Saturday,481649,English,United States
Sliver,Phillip Noyce,1993,Drama,0 days 01:48:00,Somerville Theatre,2024-08-17,9:20 PM,Saturday,11059900,English,United States
Monty Python and the Holy Grail,"Terry Jones, Terry Gilliam",1975,Adventure,0 days 01:31:00,Coolidge Corner Theatre,2024-08-17,11:59 PM,Saturday,19701,English,United Kingdom
Wings,William A. Wellman,1927,Drama,0 days 02:24:00,Somerville Theatre,2024-08-18,12:30 PM,Sunday,61046,Sound,United States
Beau Travail,Claire Denis,2000,Drama,0 days 01:32:00,Coolidge Corner Theatre,2024-08-18,2:00 PM,Sunday,415881,French,France
Thelma & Louise,Ridley Scott,1991,Drama,0 days 02:10:00,Somerville Theatre,2024-08-18,7:00 PM,Sunday,106117,English,United States
"The 5,000 Fingers of Dr. T.",Roy Rowland,1953,Family,0 days 01:29:00,The Brattle,2024-08-19,"4:00 PM, 8:30 PM",Monday,1314961,English,United States
Annie,John Huston,1982,Comedy,0 days 02:07:00,The Brattle,2024-08-19,6:00 PM,Monday,12823099,English,United States
Poison Ivy,Katt Shea,1992,Thriller,0 days 01:32:00,Somerville Theatre,2024-08-19,7:00 PM,Monday,555857,English,United States
The Crush,Alan Shapiro,1993,Drama,0 days 01:29:00,Somerville Theatre,2024-08-19,8:45 PM,Monday,805037,English,United States
Annie,John Huston,1982,Comedy,0 days 02:07:00,The Brattle,2024-08-20,4:00 PM,Tuesday,12823099,English,United States
School Daze,Spike Lee,1988,Comedy,0 days 02:01:00,The Brattle,2024-08-20,"7:00 PM, 9:30 PM",Tuesday,2851281,English,United States
The Last Seduction,John Dahl,1994,Thriller,0 days 01:50:00,Somerville Theatre,2024-08-20,7:00 PM,Tuesday,664496,English,United States
Jade,William Friedkin,1995,Mystery,0 days 01:35:00,Somerville Theatre,2024-08-20,9:00 PM,Tuesday,4032134,English,United States
Lost in Translation,Sofia Coppola,2003,Drama,0 days 01:42:00,The Brattle,2024-08-21,"4:30 PM, 7:00 PM, 9:15 PM",Wednesday,369682,English,United States
Showgirls,Paul Verhoeven,1995,Drama,0 days 02:11:00,Somerville Theatre,2024-08-21,7:00 PM,Wednesday,93760,English,United States
Apollo 13,Ron Howard,1995,Drama,0 days 02:20:00,The Greenway,2024-08-21,8:00 PM,Wednesday,142417,English,United States
Run Lola Run,Tom Tykwer,1998,Action,0 days 01:21:00,Goethe-Institut,2024-08-21,8:00 PM,Wednesday,462764,German,Germany
You Don't Nomi,Jeffrey McHale,2019,Documentary,0 days 01:32:00,Somerville Theatre,2024-08-21,9:30 PM,Wednesday,64244981,English,United States
The Texas Chain Saw Massacre,Tobe Hooper,1974,Horror,0 days 01:23:00,The Brattle,2024-08-22,5:00 PM,Thursday,29781,English,United States
Sorcerer,William Friedkin,1977,Thriller,0 days 02:01:00,Coolidge Corner Theatre,2024-08-22,7:00 PM,Thursday,447139,English,United States
Mamma Mia!,Phyllida Lloyd,2008,Comedy,0 days 01:48:00,Capitol Theatre,2024-08-22,7:30 PM,Thursday,8425661,English,United States
Shoeshine,Vittorio De Sica,1946,Drama,0 days 01:31:00,The Brattle,2024-08-23,4:30 PM,Friday,6616873,Italian/English,Italy
The Texas Chain Saw Massacre,Tobe Hooper,1974,Horror,0 days 01:23:00,Somerville Theatre,2024-08-23,8:00 PM,Friday,29781,English,United States
Bad Lieutenant,Abel Ferrara,1992,Crime,0 days 01:36:00,Coolidge Corner Theatre,2024-08-23,11:59 PM,Friday,1238102,English,United States
Highlander,Russell Mulcahy,1986,Adventure,0 days 01:56:00,Coolidge Corner Theatre,2024-08-23,11:59 PM,Friday,4440277,English,United Kingdom
Dangerous Game,Abel Ferrara,1993,Drama,0 days 01:48:00,Coolidge Corner Theatre,2024-08-24,11:59 PM,Saturday,8777894,English,United States
Legend,Ridley Scott,1985,Adventure,0 days 01:34:00,Coolidge Corner Theatre,2024-08-24,11:59 PM,Saturday,922084,English,United States
Thieves Like Us,Robert Altman,1974,Crime,0 days 02:03:00,The Brattle,2024-08-25,3:00 PM,Sunday,4539015,English,United States
Last Embrace,Jonathan Demme,1979,Thriller,0 days 01:42:00,The Brattle,2024-08-25,6:00 PM,Sunday,6715066,English,United States
Across the Universe,Julie Taymor,2007,Drama,0 days 02:13:00,The Brattle,2024-08-26,"6:00 PM, 9:00 PM",Monday,4399897,English,United States
Inside Man,Spike Lee,2006,Crime,0 days 02:09:00,Coolidge Corner Theatre,2024-08-26,7:00 PM,Monday,3592692,English,United States
Bound,"Lana Wachowski, Lilly Wachowski",1996,Drama,0 days 01:45:00,Somerville Theatre,2024-08-26,7:30 PM,Monday,249838,English,United States
Pee-wee's Big Adventure,Tim Burton,1985,Comedy,0 days 01:31:00,The Brattle,2024-08-27,6:00 PM,Tuesday,432236,English,United States
Bringing Out the Dead,Martin Scorsese,1999,Drama,0 days 02:01:00,Coolidge Corner Theatre,2024-08-27,7:00 PM,Tuesday,348356,English,United States
Crash,David Cronenberg,1996,Drama,0 days 01:40:00,Somerville Theatre,2024-08-27,7:00 PM,Tuesday,2077360,English,Canada
Walk Hard: The Dewey Cox Story,Jake Kasdan,2007,Comedy,0 days 01:36:00,The Brattle,2024-08-27,8:30 PM,Tuesday,9264215,English,United States
Boxing Helena,Jennifer Lynch,1993,Drama,0 days 01:47:00,Somerville Theatre,2024-08-27,9:00 PM,Tuesday,77460,English,United States
The Virgin Suicides,Sofia Coppola,2000,Drama,0 days 01:37:00,The Brattle,2024-08-28,"4:30 PM, 7:00 PM, 9:15 PM",Wednesday,3610087,English,United States
Magnolia,Paul Thomas Anderson,1999,Drama,0 days 03:09:00,Coolidge Corner Theatre,2024-08-28,7:00 PM,Wednesday,231829,English,United States
Lost Highway,David Lynch,1997,Drama,0 days 02:14:00,Somerville Theatre,2024-08-28,7:00 PM,Wednesday,204839,English,United States
All Quiet on the Western Front,Edward Berger,2022,Drama,0 days 02:27:00,Goethe-Institut,2024-08-28,8:00 PM,Wednesday,68924608,German,Germany
The Talented Mr. Ripley,Anthony Minghella,1999,Thriller,0 days 02:20:00,The Brattle,2024-08-29,"3:15 PM, 8:30 PM",Thursday,536009,English,United States
Purple Noon,René Clément,1960,Crime,0 days 01:55:00,The Brattle,2024-08-29,6:00 PM,Thursday,1279798,French,France
Pirates of the Caribbean: The Curse of the Black Pearl,Gore Verbinski,2003,Adventure,0 days 02:23:00,Coolidge Corner Theatre,2024-08-29,7:00 PM,Thursday,321496,English,United States
Cruel Intentions,Roger Kumble,1999,Drama,0 days 01:38:00,Somerville Theatre,2024-08-30,7:00 PM,Friday,93559,English,United States
Wild Things,John McNaughton,1998,Mystery,0 days 01:55:00,Somerville Theatre,2024-08-30,8:00 PM,Friday,423372,English,United States
A Knight's Tale,Brian Helgeland,2001,Adventure,0 days 02:12:00,Coolidge Corner Theatre,2024-08-30,11:59 PM,Friday,65669,English,United States
Eyes Wide Shut,Stanley Kubrick,1999,Drama,0 days 02:39:00,Somerville Theatre,2024-08-31,7:30 PM,Saturday,9979,English,United Kingdom
The Dark Knight,Christopher Nolan,2008,Drama,0 days 02:32:00,Coolidge Corner Theatre,2024-08-31,11:30 PM,Saturday,4276475,English,United States
Popeye,Robert Altman,1980,Action,0 days 01:54:00,The Brattle,2024-09-03,4:30 PM,Tuesday,1339188,English,United States
Roxanne,Fred Schepisi,1987,Comedy,0 days 01:47:00,The Brattle,2024-09-03,7:00 PM,Tuesday,574768,English,United States
Brewster McCloud,Robert Altman,1970,Comedy,0 days 01:45:00,The Brattle,2024-09-04,4:15 PM,Wednesday,1436649,English,
The Portrait of a Lady,Jane Campion,1996,Drama,0 days 02:24:00,The Brattle,2024-09-04,6:30 PM,Wednesday,887135,English,United Kingdom
Hundreds of Beavers,Mike Cheslik,2024,Comedy,0 days 01:48:00,Somerville Theatre,2024-09-04,7:30 PM,Wednesday,76208655,English,United States
Napoleon Dynamite,Jared Hess,2004,Comedy,0 days 01:35:00,The Speedway,2024-09-04,8:00 PM,Wednesday,882119,English,United States
Hairspray,John Waters,1988,Comedy,0 days 01:32:00,Coolidge Corner Theatre,2024-09-05,7:00 PM,Thursday,1613987,English,United States
The Trip,Roger Corman,1967,Drama,0 days 01:25:00,Harvard Film Archive,2024-09-06,7:00 PM,Friday,696925,English,United States
The Master,Paul Thomas Anderson,2012,Drama,0 days 02:17:00,Coolidge Corner Theatre,2024-09-06,7:30 PM,Friday,31960682,English,United States
The Last Movie,Dennis Hopper,1971,Drama,0 days 01:48:00,Harvard Film Archive,2024-09-06,9:15 PM,Friday,6228904,English,United States
Showgirls,Paul Verhoeven,1995,Drama,0 days 02:11:00,Coolidge Corner Theatre,2024-09-06,11:59 PM,Friday,93760,English,United States
The Shooting,Monte Hellman,1966,Western,0 days 01:22:00,Harvard Film Archive,2024-09-07,7:00 PM,Saturday,2294746,English,United States
2001: A Space Odyssey,Stanley Kubrick,1968,SciFi,0 days 02:29:00,Coolidge Corner Theatre,2024-09-07,7:30 PM,Saturday,23941708,English,United Kingdom
3 Women,Robert Altman,1977,Drama,0 days 02:04:00,Harvard Film Archive,2024-09-07,9:00 PM,Saturday,2798805,English,United States
Mac and Me,Stewart Raffill,1988,Family,0 days 01:35:00,Coolidge Corner Theatre,2024-09-07,11:59 PM,Saturday,2525385,English,United States
Midnight Cowboy,John Schlesinger,1969,Drama,0 days 01:53:00,Somerville Theatre,2024-09-07,11:59 PM,Saturday,42147,English,United States
King Kong,"Merian C. Cooper, Ernest B. Schoedsack",1933,Adventure,0 days 01:44:00,The Brattle,2024-09-08,12:00 PM,Sunday,16782,English,United States
Airport,George Seaton,1970,Action,0 days 02:17:00,Coolidge Corner Theatre,2024-09-08,2:00 PM,Sunday,99459,English,United States
A Man Escaped,Robert Bresson,1956,Drama,0 days 01:41:00,Harvard Film Archive,2024-09-08,3:00 PM,Sunday,2819346,French,France
Le Deuxième Souffle,Jean-Pierre Melville,1966,Action,0 days 02:30:00,Harvard Film Archive,2024-09-08,7:00 PM,Sunday,18487088,French,France
Empire of the Sun,Steven Spielberg,1987,Drama,0 days 02:33:00,Coolidge Corner Theatre,2024-09-09,7:00 PM,Monday,146077,English,United States
Withnail & I,Bruce Robinson,1987,Comedy,0 days 01:48:00,The Brattle,2024-09-09,9:30 PM,Monday,343404,English,United Kingdom
The Loveless,"Monty Montgomery, Kathryn Bigelow",1984,Drama,0 days 01:22:00,The Brattle,2024-09-10,6:30 PM,Tuesday,24158593,English,United States
The Master,Paul Thomas Anderson,2012,Drama,0 days 02:17:00,Coolidge Corner Theatre,2024-09-10,7:30 PM,Tuesday,31960682,English,United States
Ms .45,Abel Ferrara,1981,Crime,0 days 01:21:00,The Brattle,2024-09-10,9:00 PM,Tuesday,2255173,English,United States
The Warriors,Walter Hill,1979,Action,0 days 01:34:00,The Brattle,2024-09-11,"3:30 PM, 6:00 PM",Wednesday,1173571,English,United States
2001: A Space Odyssey,Stanley Kubrick,1968,SciFi,0 days 02:29:00,Coolidge Corner Theatre,2024-09-11,7:30 PM,Wednesday,23941708,English,United Kingdom
A Clockwork Orange,Stanley Kubrick,1971,SciFi,0 days 02:17:00,The Brattle,2024-09-11,8:15 PM,Wednesday,1659954,English,United Kingdom
The Old Oak,Ken Loach,2023,Drama,0 days 01:53:00,West Newton Cinema,2024-09-12,6:00 PM,Thursday,73635750,English,Belgium
King Kong,"Merian C. Cooper, Ernest B. Schoedsack",1933,Adventure,0 days 01:44:00,The Brattle,2024-09-12,6:00 PM,Thursday,16782,English,United States
Troll 2,Claudio Fragasso,1990,Horror,0 days 01:35:00,Capitol Theatre,2024-09-12,7:00 PM,Thursday,2786477,English,Italy
A Clockwork Orange,Stanley Kubrick,1971,SciFi,0 days 02:17:00,The Brattle,2024-09-12,8:15 PM,Thursday,1659954,English,United Kingdom
Eraserhead,David Lynch,1978,Horror,0 days 01:29:00,Coolidge Corner Theatre,2024-09-12,9:55 PM,Thursday,36814246,English,United States
To Have and Have Not,Howard Hawks,1945,Adventure,0 days 01:40:00,The Brattle,2024-09-13,5:30 PM,Friday,1971307,English,United States
Bob le Flambeur,Jean-Pierre Melville,1956,Drama,0 days 01:43:00,Harvard Film Archive,2024-09-13,7:00 PM,Friday,2482275,French,France
Vertigo,Alfred Hitchcock,1958,Mystery,0 days 02:09:00,Coolidge Corner Theatre,2024-09-13,7:30 PM,Friday,76617,English,United States
Fresh Kill,Shu Lea Cheang,1996,SciFi,0 days 01:20:00,The Brattle,2024-09-13,8:00 PM,Friday,64275988,English,United Kingdom
Friday the 13th: The Final Chapter,Joseph Zito,1984,Horror,0 days 01:31:00,Rocky Woods,2024-09-13,8:00 PM,Friday,2546429,English,United States
Touchez Pas au Grisbi,Jacques Becker,1954,Crime,0 days 01:35:00,Harvard Film Archive,2024-09-13,9:00 PM,Friday,3654148,French,France
Jason X,James Isaac,2001,Horror,0 days 01:31:00,Rocky Woods,2024-09-13,9:30 PM,Friday,2269465,English,United States
Glen or Glenda,Edward D. Wood Jr.,1953,Drama,0 days 01:11:00,Coolidge Corner Theatre,2024-09-13,11:59 PM,Friday,13154,English,United States
To Have and Have Not,Howard Hawks,1945,Adventure,0 days 01:40:00,The Brattle,2024-09-14,12:00 PM,Saturday,1971307,English,United States
The Big Sleep,Howard Hawks,1946,Mystery,0 days 01:54:00,The Brattle,2024-09-14,2:15 PM,Saturday,1645598,English,United States
Dark Passage,Delmer Daves,1947,Romance,0 days 01:46:00,The Brattle,2024-09-14,4:45 PM,Saturday,1668866,English,United States
Un Flic,Jean-Pierre Melville,1972,Crime,0 days 01:40:00,Harvard Film Archive,2024-09-14,7:00 PM,Saturday,3819103,French,France
Key Largo,John Huston,1948,Crime,0 days 01:40:00,The Brattle,2024-09-14,7:00 PM,Saturday,1397142,English,United States
Once Upon a Time... in Hollywood,Quentin Tarantino,2019,Comedy,0 days 02:42:00,Coolidge Corner Theatre,2024-09-14,7:30 PM,Saturday,56717294,English,United States
Le Doulos,Jean-Pierre Melville,1962,Drama,0 days 01:48:00,Harvard Film Archive,2024-09-14,9:00 PM,Saturday,5092969,French,France
Miami Connection,"Y.K. Kim, Richard Park Wu-sang",1987,Action,0 days 01:26:00,Coolidge Corner Theatre,2024-09-14,11:59 PM,Saturday,37471880,English,United States
The Outlaw Josey Wales,Clint Eastwood,1976,Western,0 days 02:15:00,Somerville Theatre,2024-09-14,11:59 PM,Saturday,75270,English,United States
Key Largo,John Huston,1948,Crime,0 days 01:40:00,The Brattle,2024-09-15,12:00 PM,Sunday,1397142,English,United States
Lawrence of Arabia,David Lean,1962,Adventure,0 days 03:48:00,Coolidge Corner Theatre,2024-09-15,2:00 PM,Sunday,43452,English,United Kingdom
Written on the Wind,Douglas Sirk,1956,Drama,0 days 01:39:00,The Brattle,2024-09-15,2:30 PM,Sunday,1365472,English,United States
Alice in Wonderland,"Clyde Geronimi, Wilfred Jackson, Hamilton Luske",1951,Animation,0 days 01:15:00,Harvard Film Archive,2024-09-15,3:00 PM,Sunday,769066,English,United States
How to Marry a Millionaire,Jean Negulesco,1953,Comedy,0 days 01:35:00,The Brattle,2024-09-15,4:45 PM,Sunday,911882,English,United States
Hackers,Iain Softley,1995,Action,0 days 01:47:00,Somerville Theatre,2024-09-15,6:00 PM,Sunday,40852758,English,United States
Le Cercle Rouge,Jean-Pierre Melville,1970,Crime,0 days 02:20:00,Harvard Film Archive,2024-09-15,7:00 PM,Sunday,2498993,French,France
Dogville,Lars von Trier,2003,Crime,0 days 02:58:00,The Brattle,2024-09-15,7:30 PM,Sunday,397310,English,Denmark
The Big Sleep,Howard Hawks,1946,Mystery,0 days 01:54:00,The Brattle,2024-09-16,5:30 PM,Monday,1645598,English,United States
The Straight Story,David Lynch,1999,Drama,0 days 01:52:00,Coolidge Corner Theatre,2024-09-16,7:00 PM,Monday,31351,English,United States
Wheel of Fortune and Fantasy,Ryūsuke Hamaguchi,2021,Drama,0 days 02:01:00,Harvard Film Archive,2024-09-16,7:00 PM,Monday,66730589,Japanese,Japan
Harper,Jack Smight,1966,Mystery,0 days 02:01:00,The Brattle,2024-09-16,8:00 PM,Monday,6646087,English,United States
The 39 Steps,Alfred Hitchcock,1935,Mystery,0 days 01:26:00,Somerville Theatre,2024-09-17,7:00 PM,Tuesday,3724436,English,United Kingdom
Vertigo,Alfred Hitchcock,1958,Mystery,0 days 02:09:00,Coolidge Corner Theatre,2024-09-17,7:30 PM,Tuesday,76617,English,United States
Murder on the Orient Express,Sidney Lumet,1974,Drama,0 days 02:08:00,The Brattle,2024-09-17,8:00 PM,Tuesday,5028092,English,United Kingdom
The Lady Vanishes,Alfred Hitchcock,1938,Mystery,0 days 01:36:00,Somerville Theatre,2024-09-17,8:40 PM,Tuesday,9404578,English,United Kingdom
The Rose King,Werner Schroeter,1986,Drama,0 days 01:46:00,MassArt,2024-09-18,4:30 PM,Wednesday,49367402,English,Australia
Once Upon a Time... in Hollywood,Quentin Tarantino,2019,Comedy,0 days 02:42:00,Coolidge Corner Theatre,2024-09-18,7:30 PM,Wednesday,56717294,English,United States
Harper,Jack Smight,1966,Mystery,0 days 02:01:00,The Brattle,2024-09-18,8:00 PM,Wednesday,6646087,English,United States
Written on the Wind,Douglas Sirk,1956,Drama,0 days 01:39:00,The Brattle,2024-09-19,4:00 PM,Thursday,1365472,English,United States
Donnie Darko,Richard Kelly,2001,Fantasy,0 days 01:54:00,Museum of Fine Arts,2024-09-19,7:00 PM,Thursday,57820,English,United States
Grease,Randal Kleiser,1978,Romance,0 days 01:50:00,Coolidge Corner Theatre,2024-09-19,7:00 PM,Thursday,336846,English,United States
The Searchers,John Ford,1956,Western,0 days 01:59:00,Somerville Theatre,2024-09-19,7:30 PM,Thursday,76335,English,United States
But I'm a Cheerleader,Jamie Babbit,2000,Comedy,0 days 01:25:00,Coolidge Corner Theatre,2024-09-19,9:55 PM,Thursday,770156,English,United States
The Searchers,John Ford,1956,Western,0 days 01:59:00,Somerville Theatre,2024-09-20,"4:00 PM, 7:30 PM",Friday,76335,English,United States
The Silence of the Sea,Jean-Pierre Melville,1949,Drama,0 days 01:27:00,Harvard Film Archive,2024-09-20,7:00 PM,Friday,4074374,French,France
Spartacus,Stanley Kubrick,1960,History,0 days 03:17:00,Coolidge Corner Theatre,2024-09-20,7:30 PM,Friday,166813,English,United States
Naked Acts,Bridgett M. Davis,1996,Comedy,0 days 01:27:00,The Brattle,2024-09-20,8:00 PM,Friday,81404211,English,United States
Moving,Shinji Sōmai,1993,Drama,0 days 02:04:00,Harvard Film Archive,2024-09-20,9:00 PM,Friday,24086703,Japanese,Japan
Troll 2,Claudio Fragasso,1990,Horror,0 days 01:35:00,Coolidge Corner Theatre,2024-09-20,11:59 PM,Friday,2786477,English,Italy
Drive My Car,Ryūsuke Hamaguchi,2021,Drama,0 days 02:59:00,Harvard Film Archive,2024-09-21,6:00 PM,Saturday,67841180,Japanese,Japan
Naked Acts,Bridgett M. Davis,1996,Comedy,0 days 01:27:00,The Brattle,2024-09-21,7:00 PM,Saturday,81404211,English,United States
Inception,Christopher Nolan,2010,Action,0 days 02:28:00,Coolidge Corner Theatre,2024-09-21,7:30 PM,Saturday,23270459,English,United States
The Room,Tommy Wiseau,2003,Drama,0 days 01:39:00,Coolidge Corner Theatre,2024-09-21,11:59 PM,Saturday,5443971,English,United States
Beyond the Blue Border,Sarah Neumann,2024,Drama,0 days 01:42:00,Coolidge Corner Theatre,2024-09-22,11:00 AM,Sunday,,,
Naked Acts,Bridgett M. Davis,1996,Comedy,0 days 01:27:00,The Brattle,2024-09-22,"12:30 PM, 5:00 PM, 7:00 PM",Sunday,81404211,English,United States
The Sound of Music,Robert Wise,1965,Drama,0 days 02:54:00,Coolidge Corner Theatre,2024-09-22,2:00 PM,Sunday,4836239,English,United States
"Léon Morin, Priest",Jean-Pierre Melville,1961,Drama,0 days 01:57:00,Harvard Film Archive,2024-09-22,3:00 PM,Sunday,22076195,French,France
Army of Shadows,Jean-Pierre Melville,1969,War,0 days 02:25:00,Harvard Film Archive,2024-09-22,7:00 PM,Sunday,3723140,French,France
Gift,Ryūsuke Hamaguchi,2023,Music,0 days 01:14:00,Harvard Film Archive,2024-09-23,"6:00 PM, 8:30 PM",Monday,74574510,Japanese,Japan
Spartacus,Stanley Kubrick,1960,History,0 days 03:17:00,Coolidge Corner Theatre,2024-09-23,7:30 PM,Monday,166813,English,United States
8½,Federico Fellini,1963,Drama,0 days 02:19:00,The Brattle,2024-09-24,"4:00 PM, 7:00 PM",Tuesday,318810,Italian,Italy
The Seventh Seal,Ingmar Bergman,1957,Fantasy,0 days 01:36:00,Mount Auburn Cemetery,2024-09-24,7:00 PM,Tuesday,176545,Swedish,Sweden
Join or Die,"Pete Davis, Rebecca Davis",2024,Documentary,0 days 01:39:00,Coolidge Corner Theatre,2024-09-24,7:00 PM,Tuesday,74669461,,United States
Strangers on a Train,Alfred Hitchcock,1951,Crime,0 days 01:41:00,Somerville Theatre,2024-09-24,7:00 PM,Tuesday,261107,English,United States
Bill & Ted's Bogus Journey,Peter Hewitt,1991,Adventure,0 days 01:33:00,Mount Auburn Cemetery,2024-09-24,8:30 PM,Tuesday,254269,English,United States
Dial M for Murder,Alfred Hitchcock,1954,Thriller,0 days 01:45:00,Somerville Theatre,2024-09-24,8:55 PM,Tuesday,77223,English,United States
Inception,Christopher Nolan,2010,Action,0 days 02:28:00,Coolidge Corner Theatre,2024-09-25,7:30 PM,Wednesday,23270459,English,United States
Easy A,Will Gluck,2010,Comedy,0 days 01:33:00,Coolidge Corner Theatre,2024-09-26,7:00 PM,Thursday,23438736,English,United States
Spotlight Newton Filmmakers,"Ellie Lee, Linda Goetz, Steve Ascher, Jeanne Jordan",2024,Drama,0 days 01:40:00,West Newton Cinema,2024-09-26,6:00 PM,Thursday,62992128,English,United States
Pandora's Box,G.W. Pabst,1929,Drama,0 days 02:13:00,The Brattle,2024-09-27,6:00 PM,Friday,457578,Silent,Germany
Le Samouraï,Jean-Pierre Melville,1967,Crime,0 days 01:45:00,Harvard Film Archive,2024-09-27,7:00 PM,Friday,2046252,French,France
The Sicilian Clan,Henri Verneuil,1969,Crime,0 days 01:57:00,Harvard Film Archive,2024-09-27,9:15 PM,Friday,19158255,French,France
Samurai Cop,Amir Shervan,1991,Action,0 days 01:36:00,Coolidge Corner Theatre,2024-09-27,11:59 PM,Friday,45336113,English,United States
"Rebel: Loreta Velazquez, Secret Soldier of the American Civil War",,,,,,2024-09-27,,Friday,,,
Out of Sight,,,,,,2024-09-27,,Friday,,,
Breathless,Jean-Luc Godard,1960,Drama,0 days 01:30:00,Harvard Film Archive,2024-09-28,7:00 PM,Saturday,339526,French,France
Two Men in Manhattan,Jean-Pierre Melville,1959,Crime,0 days 01:24:00,Harvard Film Archive,2024-09-28,9:00 PM,Saturday,20789377,French,France
Miami Connection,"Y.K. Kim, Richard Park Wu-sang",1987,Action,0 days 01:26:00,Somerville Theatre,2024-09-28,11:59 PM,Saturday,37471880,English,United States
Birdemic: Shock and Terror,James Nguyen,2010,Romance,0 days 01:34:00,Coolidge Corner Theatre,2024-09-28,11:59 PM,Saturday,25581548,English,United States
La Roue,Abel Gance,1923,Drama,0 days 06:58:00,The Brattle,2024-09-28,12:00 PM,Saturday,17155163,Silent,France
The Gate of Heavenly Peace,"Richard Gordon, Carma Hinton",1995,Documentary,0 days 03:00:00,West Newton Cinema,2024-09-28,1:00 PM,Saturday,8748773,English,United States
Bonnie Blue: James Cotton's Life in the Blues,Bestor Cram,2022,Documentary,0 days 01:30:00,West Newton Cinema,2024-09-28,7:00 PM,Saturday,,,
Sherlock Jr.,Buster Keaton,1924,Action,0 days 00:45:00,The Brattle,2024-09-29,3:15 PM,Sunday,76346,Silent,United States
Pandora's Box,G.W. Pabst,1929,Drama,0 days 02:13:00,The Brattle,2024-09-29,5:30 PM,Sunday,457578,Silent,Germany
Le Cercle Rouge,Jean-Pierre Melville,1970,Crime,0 days 02:20:00,Harvard Film Archive,2024-09-29,7:00 PM,Sunday,2498993,French,France
Twilight,Catherine Hardwicke,2008,Fantasy,0 days 02:02:00,Coolidge Corner Theatre,2024-09-29,11:00 PM,Sunday,14277334,English,United States
Twilight,Catherine Hardwicke,2008,Fantasy,0 days 02:02:00,Coolidge Corner Theatre,2024-09-29,11:00 AM,Sunday,14277334,English,United States
They Came from Beyond Space,Freddie Francis,1967,SciFi,0 days 01:25:00,Somerville Theatre,2024-09-29,12:30 PM,Sunday,25232018,English,United Kingdom
RPM Fest Presents: Karel Doing,Karel Doing,1998,Documentary,0 days 00:00:00,The Brattle,2024-09-29,1:00 PM,Sunday,,,
Double Feature - Wild Innovators/A Reckoning in Boston,"Maria Agui Carter, James Rutenbeck",2024,Documentary,0 days 01:36:00,West Newton Cinema,2024-09-29,1:30 PM,Sunday,,,
Zontar: The Thing from Venus,Larry Buchanan,1967,Horror,0 days 01:20:00,Somerville Theatre,2024-09-29,2:10 PM,Sunday,,,
"Harry Smith Films Nos. 1 – 5, 7 & 10, 11 & 16",Harry Smith,1946,Documentary,0 days 00:42:00,Harvard Film Archive,2024-09-29,3:00 PM,Sunday,,,
Double Feature: A Father's Kaddish/Why We Dance,"Jen Kaplan, Michal Goldman",2024,Documentary,0 days 01:13:00,West Newton Cinema,2024-09-29,4:00 PM,Sunday,68145,English,United States
La Cocina,Alonso Ruizpalacios,2024,Drama,0 days 02:19:00,Coolidge Corner Theatre,2024-09-29,5:00 PM,Sunday,75892706,English,Mexico
The Big Risk,Claude Sautet,1960,Crime,0 days 01:50:00,Harvard Film Archive,2024-09-30,7:00 PM,Monday,13345131,French,France
Training Day,Antoine Fuqua,2001,Action,0 days 02:02:00,Coolidge Corner Theatre,2024-09-30,7:00 PM,Monday,171623,English,United States
The Circus,Charlie Chaplin,1928,Comedy,0 days 01:13:00,The Brattle,2024-09-30,6:00 PM,Monday,142780,Silent,United States
Sherlock Jr.,Buster Keaton,1924,Action,0 days 00:45:00,The Brattle,2024-09-30,8:30 PM,Monday,76346,Silent,United States
Take Out,"Shih-Ching Tsou, Sean Baker",2004,Drama,0 days 01:28:00,The Brattle,2024-10-01,"5:00 PM, 7:00 PM",Tuesday,21064505,Mandarin,United States
Macabre,William Castle,1958,Horror,0 days 01:12:00,Coolidge Corner Theatre,2024-10-01,7:00 PM,Tuesday,14170318,English,United States
Shadow of a Doubt,Alfred Hitchcock,1943,Thriller,0 days 01:48:00,Somerville Theatre,2024-10-01,7:30 PM,Tuesday,76339,English,United States
Tangerine,Sean Baker,2015,Comedy,0 days 01:27:00,The Brattle,2024-10-01,9:00 PM,Tuesday,45254449,English,United States
Tangerine,Sean Baker,2015,Comedy,0 days 01:27:00,The Brattle,2024-10-02,4:00 PM,Wednesday,45254449,English,United States
The Florida Project,Sean Baker,2017,Drama,0 days 01:52:00,The Brattle,2024-10-02,6:00 PM,Wednesday,53834253,English,United States
Psycho,Alfred Hitchcock,1960,Horror,0 days 01:49:00,Coolidge Corner Theatre,2024-10-02,7:00 PM,Wednesday,23880,English,United States
Red Rocket,Sean Baker,2021,Drama,0 days 02:10:00,The Brattle,2024-10-02,8:30 PM,Wednesday,66691354,English,United States
The Florida Project,Sean Baker,2017,Drama,0 days 01:52:00,The Brattle,2024-10-03,6:00 PM,Thursday,53834253,English,United States
Carmen Comes Home,Keisuke Kinoshita,1951,Comedy,0 days 01:26:00,Harvard Film Archive,2024-10-03,7:00 PM,Thursday,15672543,Japanese,Japan
Wait Until Dark,Terence Young,1967,Thriller,0 days 01:48:00,Coolidge Corner Theatre,2024-10-03,7:00 PM,Thursday,19755481,English,United States
The Man Who Knew Too Much,Alfred Hitchcock,1956,Thriller,0 days 02:00:00,Somerville Theatre,2024-10-03,7:30 PM,Thursday,2345044,English,United States
Red Rocket,Sean Baker,2021,Drama,0 days 02:10:00,The Brattle,2024-10-03,8:30 PM,Thursday,66691354,English,United States
Stop Making Sense,Jonathan Demme,1984,Documentary,0 days 01:28:00,Coolidge Corner Theatre,2024-10-03,9:55 PM,Thursday,1471831,English,United States
Shaun of the Dead,Edgar Wright,2004,Horror,0 days 01:39:00,The Brattle,2024-10-04,3:30 PM,Friday,598397,English,United Kingdom
Billy in the Lowlands,Jan Egleson,1979,Drama,0 days 01:28:00,The Brattle,2024-10-04,6:00 PM,Friday,,,
Rififi,Jules Dassin,1955,Crime,0 days 01:58:00,Harvard Film Archive,2024-10-04,7:00 PM,Friday,1981903,French,France
The Craft,Andrew Fleming,1996,Horror,0 days 01:41:00,Museum of Fine Arts,2024-10-04,7:00 PM,Friday,86533,English,United States
Bob le Flambeur,Jean-Pierre Melville,1956,Drama,0 days 01:43:00,Harvard Film Archive,2024-10-04,9:15 PM,Friday,2482275,French,France
The Pit and the Pendulum,Roger Corman,1961,Horror,0 days 01:21:00,Coolidge Corner Theatre,2024-10-04,11:59 PM,Friday,5422414,English,United States
The Texas Chain Saw Massacre,Tobe Hooper,1974,Horror,0 days 01:23:00,Coolidge Corner Theatre,2024-10-04,11:59 PM,Friday,29781,English,United States
The Tender Age,Jan Egleson,1986,Crime,0 days 01:43:00,The Brattle,2024-10-05,12:00 PM,Saturday,66061508,English,United States
The Blue Diner,Jan Egleson,2001,Comedy,0 days 01:40:00,The Brattle,2024-10-05,2:15 PM,Saturday,23016541,English,United States
The Boy and the Heron,Hayao Miyazaki,2023,Animation,0 days 02:04:00,Museum of Fine Arts,2024-10-05,2:30 PM,Saturday,56741338,Japanese,Japan
Billy in the Lowlands,Jan Egleson,1979,Drama,0 days 01:28:00,The Brattle,2024-10-05,4:30 PM,Saturday,,,
The Dark End of the Street,Jan Egleson,1981,Drama,0 days 01:29:00,The Brattle,2024-10-05,6:30 PM,Saturday,74074834,English,United States
One Step Away,"Ed Pincus, David Neuman",1968,Documentary,0 days 00:54:00,Harvard Film Archive,2024-10-05,7:00 PM,Saturday,43917399,Mandarin,China
Le Deuxième Souffle,Jean-Pierre Melville,1966,Action,0 days 02:30:00,Harvard Film Archive,2024-10-05,8:30 PM,Saturday,18487088,French,France
The Omen,Richard Donner,1976,Horror,0 days 01:51:00,Coolidge Corner Theatre,2024-10-05,11:59 PM,Saturday,186856,English,United Kingdom
The Shining,Stanley Kubrick,1980,Horror,0 days 02:24:00,Somerville Theatre,2024-10-05,11:59 PM,Saturday,1186616,English,United Kingdom
The Blue Diner,Jan Egleson,2001,Comedy,0 days 01:40:00,The Brattle,2024-10-06,1:30 PM,Sunday,23016541,English,United States
Pulp Fiction,Quentin Tarantino,1994,Thriller,0 days 02:34:00,Coolidge Corner Theatre,2024-10-06,2:00 PM,Sunday,54173,English,United States
The Silence of the Sea,Jean-Pierre Melville,1949,Drama,0 days 01:27:00,Harvard Film Archive,2024-10-06,3:00 PM,Sunday,4074374,French,France
Big Time,Jan Egleson,1989,Drama,0 days 01:24:00,The Brattle,2024-10-06,3:45 PM,Sunday,38444154,English,United States
Lemon Sky,Jan Egleson,1988,Drama,0 days 01:36:00,The Brattle,2024-10-06,6:00 PM,Sunday,,,
Les Enfants Terribles,Jean-Pierre Melville,1950,Drama,0 days 01:47:00,Harvard Film Archive,2024-10-06,7:00 PM,Sunday,13118358,French,France
The Babadook,Jennifer Kent,2014,Drama,0 days 01:34:00,Coolidge Corner Theatre,2024-10-07,7:00 PM,Monday,41716245,English,Australia
Where Spring Comes Late,Yoji Yamada,1970,Drama,0 days 01:46:00,Harvard Film Archive,2024-10-07,7:00 PM,Monday,30357155,Japanese,Japan
The Silence of the Lambs,Jonathan Demme,1991,Crime,0 days 01:59:00,The Brattle,2024-10-08,6:00 PM,Tuesday,30006,English,United States
House on Haunted Hill,William Castle,1959,Horror,0 days 01:15:00,Coolidge Corner Theatre,2024-10-08,7:00 PM,Tuesday,628843,English,United States
Rear Window,Alfred Hitchcock,1954,Thriller,0 days 01:55:00,Somerville Theatre,2024-10-08,7:30 PM,Tuesday,74577,English,United States
T Blockers,Alice Maio Mackay,2023,Horror,0 days 01:15:00,The Brattle,2024-10-08,8:30 PM,Tuesday,77692023,English,Australia
Sleepaway Camp,Robert Hiltzik,1983,Horror,0 days 01:24:00,The Brattle,2024-10-09,6:30 PM,Wednesday,715207,English,United States
Pulp Fiction,Quentin Tarantino,1994,Thriller,0 days 02:34:00,Coolidge Corner Theatre,2024-10-09,7:00 PM,Wednesday,54173,English,United States
The Craft,Andrew Fleming,1996,Horror,0 days 01:41:00,The Speedway,2024-10-09,8:00 PM,Wednesday,86533,English,United States
I Saw the TV Glow,Jane Schoenbrun,2024,Drama,0 days 01:40:00,The Brattle,2024-10-09,9:00 PM,Wednesday,71614849,English,United States
Bride of the Monster,Edward D. Wood Jr.,1955,Horror,0 days 01:09:00,The Brattle,2024-10-10,"5:15 PM, 9:30 PM",Thursday,5035,English,United States
Ed Wood,Tim Burton,1994,Comedy,0 days 02:07:00,The Brattle,2024-10-10,7:00 PM,Thursday,528464,English,United States
Matinee,Joe Dante,1993,Comedy,0 days 01:39:00,Coolidge Corner Theatre,2024-10-10,7:00 PM,Thursday,6215998,English,United States
The Birds,Alfred Hitchcock,1963,Horror,0 days 02:00:00,Somerville Theatre,2024-10-10,7:30 PM,Thursday,304428,English,United States
Pulp Fiction,Quentin Tarantino,1994,Thriller,0 days 02:34:00,Coolidge Corner Theatre,2024-10-10,9:45 PM,Thursday,54173,English,United States
The Mummy,Karl Freund,1932,Horror,0 days 01:13:00,Capitol Theatre,2024-10-10,7:00 PM,Thursday,253833,English,United States
Phantom of the Opera,Arthur Lubin,1943,Horror,0 days 01:29:00,Capitol Theatre,2024-10-10,8:20 PM,Thursday,1271371,English,United States
The Little Shop of Horrors,Roger Corman,1960,Horror,0 days 01:12:00,The Brattle,2024-10-11,"6:00 PM, 9:30 PM",Friday,325206,English,United States
Eraserhead,David Lynch,1978,Horror,0 days 01:29:00,Museum of Fine Arts,2024-10-11,7:00 PM,Friday,36814246,English,United States
Magnet of Doom,Jean-Pierre Melville,1963,Crime,0 days 01:42:00,Harvard Film Archive,2024-10-11,7:00 PM,Friday,30635965,French,France
A Bucket of Blood,Roger Corman,1959,Comedy,0 days 01:06:00,The Brattle,2024-10-11,7:45 PM,Friday,4333681,English,United States
Le Samouraï,Jean-Pierre Melville,1967,Crime,0 days 01:45:00,Harvard Film Archive,2024-10-11,9:00 PM,Friday,2046252,French,France
Don't Let the Riverbeast Get You!,Charles Roxburgh,2012,Horror,0 days 01:39:00,Somerville Theatre,2024-10-11,9:45 PM,Friday,78900252,English,United States
The Texas Chain Saw Massacre,Tobe Hooper,1974,Horror,0 days 01:23:00,Coolidge Corner Theatre,2024-10-11,11:59 PM,Friday,29781,English,United States
The Raven,Roger Corman,1963,Comedy,0 days 01:26:00,Coolidge Corner Theatre,2024-10-11,11:59 PM,Friday,518687,English,United States
The Birthday,Eugenio Mira,2004,Comedy,0 days 01:40:00,Somerville Theatre,2024-10-11,7:30 PM,Friday,72849471,English,Spain
X: The Man with the X-Ray Eyes,Roger Corman,1963,SciFi,0 days 01:19:00,The Brattle,2024-10-12,"1:00 PM, 5:00 PM",Saturday,896823,English,United States
House of Usher,Roger Corman,1960,Horror,0 days 01:19:00,The Brattle,2024-10-12,"3:00 PM, 7:00 PM",Saturday,5421694,English,United States
2001: A Space Odyssey,Stanley Kubrick,1968,SciFi,0 days 02:29:00,Harvard Film Archive,2024-10-12,7:00 PM,Saturday,23941708,English,United Kingdom
Nosferatu,F. W. Murnau,1922,Horror,0 days 01:35:00,Somerville Theatre,2024-10-12,7:00 PM,Saturday,82423,Silent,Weimar Republic
Cockfighter,Monte Hellman,1974,Drama,0 days 01:23:00,The Brattle,2024-10-12,9:00 PM,Saturday,4173939,English,United States
Phantasm,Don Coscarelli,1979,Horror,0 days 01:29:00,Coolidge Corner Theatre,2024-10-12,11:59 PM,Saturday,1802400,English,United States
Gas! -Or- It Became Necessary to Destroy the World in Order to Save It.,Roger Corman,1970,Comedy,0 days 01:19:00,The Brattle,2024-10-13,"3:00 PM, 9:00 PM",Sunday,5388826,English,United States
The Wild Angels,Roger Corman,1966,Drama,0 days 01:27:00,The Brattle,2024-10-13,5:00 PM,Sunday,1925631,English,United States
The Trip,Roger Corman,1967,Drama,0 days 01:25:00,The Brattle,2024-10-13,7:00 PM,Sunday,696925,English,United States
Le Trou,Jacques Becker,1960,Drama,0 days 02:12:00,Harvard Film Archive,2024-10-13,7:00 PM,Sunday,3644789,French,France
Boxcar Bertha,Martin Scorsese,1972,Crime,0 days 01:28:00,The Brattle,2024-10-14,"2:00 PM, 8:00 PM",Monday,1873017,English,United States
Dementia 13,Francis Ford Coppola,1963,Horror,0 days 01:15:00,The Brattle,2024-10-14,"4:00 PM, 9:45 PM",Monday,3815899,English,United States
Interview with the Vampire,Neil Jordan,1994,Horror,0 days 02:03:00,Coolidge Corner Theatre,2024-10-14,7:00 PM,Monday,3239688,English,United States
Targets,Peter Bogdanovich,1968,Crime,0 days 01:30:00,The Brattle,2024-10-15,"5:00 PM, 7:00 PM, 9:00 PM",Tuesday,427989,English,United States
13 Ghosts,William Castle,1960,Horror,0 days 01:25:00,Coolidge Corner Theatre,2024-10-15,7:00 PM,Tuesday,1135297,English,United States
Marnie,Alfred Hitchcock,1964,Thriller,0 days 02:10:00,Somerville Theatre,2024-10-15,7:30 PM,Tuesday,264851,English,United States
The Shooting,Monte Hellman,1966,Western,0 days 01:22:00,The Brattle,2024-10-16,"4:00 PM, 8:00 PM",Wednesday,2294746,English,United States
Ride in the Whirlwind,Monte Hellman,1966,Western,0 days 01:22:00,The Brattle,2024-10-16,6:00 PM,Wednesday,2289802,English,United States
Polyester,John Waters,1981,Comedy,0 days 01:26:00,Coolidge Corner Theatre,2024-10-16,7:00 PM,Wednesday,1271694,English,United States
Hangdog,Matt Cascella,2023,Comedy,0 days 01:32:00,Somerville Theatre,2024-10-16,7:30 PM,Wednesday,,,
I Married a Witch,René Clair,1942,Comedy,0 days 01:14:00,Coolidge Corner Theatre,2024-10-17,7:00 PM,Thursday,2100379,English,United States
Frenzy,Alfred Hitchcock,1972,Crime,0 days 01:56:00,Somerville Theatre,2024-10-17,7:30 PM,Thursday,508044,English,United Kingdom
It Follows,David Robert Mitchell,2015,Horror,0 days 01:41:00,Coolidge Corner Theatre,2024-10-17,9:55 PM,Thursday,44202021,English,United States
The Wolf Man,George Waggner,1941,Horror,0 days 01:10:00,Capitol Theatre,2024-10-17,7:00 PM,Thursday,927058,English,United States
Frankenstein Meets the Wolf Man,Roy William Neill,1943,Horror,0 days 01:14:00,Capitol Theatre,2024-10-17,8:55 PM,Thursday,3302848,English,United States
The Student Nurses,Stephanie Rothman,1970,Drama,0 days 01:22:00,The Brattle,2024-10-18,6:00 PM,Friday,34934880,English,United States
Belarmino,Fernando Lopes,1964,Documentary,0 days 01:12:00,Harvard Film Archive,2024-10-18,7:00 PM,Friday,7988853,Portuguese,Portugal
Caged Heat,Jonathan Demme,1974,Action,0 days 01:23:00,The Brattle,2024-10-18,8:00 PM,Friday,2631972,English,United States
Change of Life,Paulo Rocha,1967,Drama,0 days 01:34:00,Harvard Film Archive,2024-10-18,9:15 PM,Friday,,,
Stop Making Sense,Jonathan Demme,1984,Documentary,0 days 01:28:00,The Brattle,2024-10-18,10:00 PM,Friday,1471831,English,United States
Tales of Terror,Roger Corman,1962,Horror,0 days 01:29:00,Coolidge Corner Theatre,2024-10-18,11:59 PM,Friday,3135608,English,United States
The Texas Chain Saw Massacre,Tobe Hooper,1974,Horror,0 days 01:23:00,Coolidge Corner Theatre,2024-10-18,11:59 PM,Friday,29781,English,United States
Chopping Mall,Jim Wynorski,1986,Horror,0 days 01:17:00,The Brattle,2024-10-19,5:30 PM,Saturday,3834588,English,United States
Lucifer Rising,Kenneth Anger,1974,Fantasy,0 days 00:29:00,Harvard Film Archive,2024-10-19,7:00 PM,Saturday,9390971,English,United States
Piranha,Joe Dante,1978,Horror,0 days 01:34:00,The Brattle,2024-10-19,7:30 PM,Saturday,3153784,English,United States
El Topo,Alejandro Jodorowsky,1970,Action,0 days 02:05:00,Harvard Film Archive,2024-10-19,8:30 PM,Saturday,1844221,Spanish,Mexico
Stop Making Sense,Jonathan Demme,1984,Documentary,0 days 01:28:00,The Brattle,2024-10-19,10:00 PM,Saturday,1471831,English,United States
The Exorcist,William Friedkin,1973,Horror,0 days 02:02:00,Coolidge Corner Theatre,2024-10-19,11:30 PM,Saturday,725459,English,United States
Amarcord,Federico Fellini,1973,Comedy,0 days 02:03:00,The Brattle,2024-10-19,12:00 PM,Saturday,239086,Italian,Italy
Poundcake,Onur Tukel,2023,Horror,0 days 01:29:00,Somerville Theatre,2024-10-19,11:59 PM,Saturday,,,
Stop Making Sense,Jonathan Demme,1984,Documentary,0 days 01:28:00,The Brattle,2024-10-20,12:00 PM,Sunday,1471831,English,United States
Invisible Nation,Vanessa Hope,2024,Documentary,0 days 01:25:00,Coolidge Corner Theatre,2024-10-20,3:00 PM,Sunday,76800244,English,United States
Trails,João César Monteiro,1978,Drama,0 days 02:03:00,Harvard Film Archive,2024-10-20,3:00 PM,Sunday,,,
Autumn Sonata,Ingmar Bergman,1978,Drama,0 days 01:33:00,The Brattle,2024-10-20,4:00 PM,Sunday,225554,Swedish,West Germany
Holding Back the Tide,Emily Packer,2024,Documentary,0 days 01:21:00,Somerville Theatre,2024-10-20,4:00 PM,Sunday,,,
Rock 'n' Roll High School,Allan Arkush,1979,Comedy,0 days 01:33:00,The Brattle,2024-10-20,6:30 PM,Sunday,992419,English,United States
Vilarinho das Furnas,António Campos,1971,Documentary,0 days 01:17:00,Harvard Film Archive,2024-10-20,7:00 PM,Sunday,,,
Suburbia,Penelope Spheeris,1984,Drama,0 days 01:34:00,The Brattle,2024-10-20,8:30 PM,Sunday,670267,English,United States
House on Haunted Hill,William Castle,1959,Horror,0 days 01:15:00,Somerville Theatre,2024-10-20,12:30 PM,Sunday,628843,English,United States
The Last Man on Earth,"Ubaldo Ragona, Sidney Salkow",1964,Horror,0 days 01:27:00,Somerville Theatre,2024-10-20,2:00 PM,Sunday,3947408,English,United States
North by Northwest,Alfred Hitchcock,1959,Mystery,0 days 02:16:00,Somerville Theatre,2024-10-21,"4:00 PM, 7:30 PM",Monday,73412,English,United States
Galaxy of Terror,Bruce D. Clark,1981,Action,0 days 01:21:00,The Brattle,2024-10-21,"5:00 PM, 9:15 PM",Monday,14864488,English,United States
Battle Beyond the Stars,Jimmy T. Murakami,1980,SciFi,0 days 01:44:00,The Brattle,2024-10-21,7:00 PM,Monday,1152328,English,United States
Falamos de Rio de Onor,António Campos,1974,Documentary,0 days 01:05:00,Harvard Film Archive,2024-10-21,7:00 PM,Monday,,,
The Tingler,William Castle,1959,Horror,0 days 01:22:00,Coolidge Corner Theatre,2024-10-21,7:00 PM,Monday,2293612,English,United States
North by Northwest,Alfred Hitchcock,1959,Mystery,0 days 02:16:00,Somerville Theatre,2024-10-22,7:30 PM,Tuesday,73412,English,United States
Stripped to Kill,Katt Shea,1987,Drama,0 days 01:28:00,The Brattle,2024-10-22,8:00 PM,Tuesday,12494928,English,United States
North by Northwest,Alfred Hitchcock,1959,Mystery,0 days 02:16:00,Somerville Theatre,2024-10-23,7:30 PM,Wednesday,73412,English,United States
The Slumber Party Massacre,Amy Holden Jones,1982,Horror,0 days 01:17:00,The Brattle,2024-10-23,8:00 PM,Wednesday,4343453,English,United States
Slumber Party Massacre II,Deborah Brock,1987,Horror,0 days 01:25:00,The Brattle,2024-10-23,9:45 PM,Wednesday,6647928,English,United States
Eyes Without a Face,Georges Franju,1960,Drama,0 days 01:24:00,Coolidge Corner Theatre,2024-10-24,7:00 PM,Thursday,2491582,French,France
Death Race 2000,Paul Bartel,1975,Action,0 days 01:20:00,The Brattle,2024-10-24,8:30 PM,Thursday,1017650,English,United States
Frankenstein,James Whale,1931,Drama,0 days 01:10:00,Capitol Theatre,2024-10-24,7:00 PM,Thursday,73488,English,United States
Bride of Frankenstein,James Whale,1935,Horror,0 days 01:15:00,Capitol Theatre,2024-10-24,8:25 PM,Thursday,73375,English,United States
Trás-os-Montes,"Margarida Cordeiro, António Reis",1976,Documentary,0 days 01:48:00,Harvard Film Archive,2024-10-25,7:00 PM,Friday,36319171,Portuguese,Portugal
Brandos Costumes,Alberto Seixas Santos,1975,Drama,0 days 01:15:00,Harvard Film Archive,2024-10-25,9:15 PM,Friday,24386035,Portuguese,Portugal
Frankenhooker,Frank Henenlotter,1990,Comedy,0 days 01:25:00,Coolidge Corner Theatre,2024-10-25,11:59 PM,Friday,2259073,English,United States
The Tomb of Ligeia,Roger Corman,1964,Horror,0 days 01:21:00,Coolidge Corner Theatre,2024-10-25,11:59 PM,Friday,1776723,English,United Kingdom
Monster House,Gil Kenan,2006,Animation,0 days 01:31:00,Coolidge Corner Theatre,2024-10-26,10:30 AM,Saturday,2692284,English,United States
Le Doulos,Jean-Pierre Melville,1962,Drama,0 days 01:48:00,Harvard Film Archive,2024-10-26,7:00 PM,Saturday,5092969,French,France
Trick or Treat,Charles Martin Smith,1986,Horror,0 days 01:37:00,Somerville Theatre,2024-10-26,7:30 PM,Saturday,7212423,English,United States
Max and the Junkmen,Claude Sautet,1971,Crime,0 days 01:52:00,Harvard Film Archive,2024-10-26,9:15 PM,Saturday,31295173,French,France
23rd Halloween Horror Marathon,Coolidge Corner After Midnite,2024,Horror,0 days 12:00:00,Coolidge Corner Theatre,2024-10-26,11:30 PM,Saturday,,,
Nosferatu,F. W. Murnau,1922,Horror,0 days 01:35:00,Somerville Theatre,2024-10-26,11:59 PM,Saturday,82423,Silent,Weimar Republic
Elbow,Aslı Özarslan,2024,Drama,0 days 01:33:00,Coolidge Corner Theatre,2024-10-27,11:00 AM,Sunday,76004792,German,Germany
Army of Shadows,Jean-Pierre Melville,1969,War,0 days 02:25:00,Harvard Film Archive,2024-10-27,3:00 PM,Sunday,3723140,French,France
The Vows,António de Macedo,1973,Drama,0 days 01:42:00,Harvard Film Archive,2024-10-27,7:00 PM,Sunday,22464784,Portuguese,Portugal
Rosemary's Baby,Roman Polanski,1968,Drama,0 days 02:18:00,Coolidge Corner Theatre,2024-10-27,7:00 PM,Sunday,9830229,English,United States
The Bat,Roland West,1926,Comedy,0 days 01:26:00,Somerville Theatre,2024-10-27,2:00 PM,Sunday,2258827,Silent,United States
Basket Case,Frank Henenlotter,1982,Comedy,0 days 01:31:00,Somerville Theatre,2024-10-27,7:00 PM,Sunday,2283532,English,United States
The Gate,Tibor Takács,1987,Horror,0 days 01:26:00,Somerville Theatre,2024-10-27,8:30 PM,Sunday,1010796,English,Canada
Kwaidan,Masaki Kobayashi,1965,Horror,0 days 03:03:00,The Brattle,2024-10-28,6:00 PM,Monday,1268511,Japanese,Japan
Harry Smith - Film No. 12 / Film No. 16,Harry Smith,1957,Documentary,0 days 01:21:00,Harvard Film Archive,2024-10-28,7:00 PM,Monday,66850554,English,United States
A Nightmare on Elm Street,Wes Craven,1984,Horror,0 days 01:31:00,Coolidge Corner Theatre,2024-10-28,7:00 PM,Monday,3028191,English,United States
Evil Dead II,Sam Raimi,1987,Horror,0 days 01:24:00,The Brattle,2024-10-28,9:30 PM,Monday,10487,English,United States
Night of the Creeps,Fred Dekker,1986,Horror,0 days 01:28:00,Somerville Theatre,2024-10-28,7:30 PM,Monday,2534857,English,United States
Night of the Comet,Thom Eberhardt,1984,Comedy,0 days 01:35:00,Somerville Theatre,2024-10-28,9:15 PM,Monday,2381862,English,United States
Practical Magic,Griffin Dunne,1998,Romance,0 days 01:44:00,The Brattle,2024-10-29,6:00 PM,Tuesday,89445,English,United States
The Manchurian Candidate,John Frankenheimer,1962,Thriller,0 days 02:06:00,Coolidge Corner Theatre,2024-10-29,7:00 PM,Tuesday,58147,English,United States
Evil Dead II,Sam Raimi,1987,Horror,0 days 01:24:00,The Brattle,2024-10-29,9:30 PM,Tuesday,10487,English,United States
Beetlejuice,Tim Burton,1988,Fantasy,0 days 01:32:00,Somerville Theatre,2024-10-29,7:15 PM,Tuesday,293524,English,United States
Little Shop of Horrors,Frank Oz,1986,Horror,0 days 01:34:00,Somerville Theatre,2024-10-29,9:30 PM,Tuesday,3447166,English,United States
The Crow,Alex Proyas,1994,Fantasy,0 days 01:42:00,Coolidge Corner Theatre,2024-10-30,7:00 PM,Wednesday,406339,English,United States
Friday the 13th,Sean S. Cunningham,1980,Horror,0 days 01:35:00,Somerville Theatre,2024-10-30,7:15 PM,Wednesday,168958,English,United States
Halloween,John Carpenter,1978,Horror,0 days 01:31:00,Somerville Theatre,2024-10-30,9:00 PM,Wednesday,20179415,English,United States
Scream,Wes Craven,1996,Crime,0 days 01:52:00,Coolidge Corner Theatre,2024-10-31,8:00 PM,Thursday,113549,English,United States
Scream,"Tyler Gillett, Matt Bettinelli-Olpin",2022,Horror,0 days 01:54:00,Coolidge Corner Theatre,2024-10-31,10:00 PM,Thursday,31716869,English,United States
Scream Halloween House Party,"Wes Craven, Matt Bettinelli-Olpin, Tyler Gillett",2024,Horror,0 days 05:00:00,Coolidge Corner Theatre,2024-10-31,7:00 PM,Thursday,1612686,English,United States
The Rocky Horror Picture Show,Jim Sharman,1975,Comedy,0 days 01:40:00,Somerville Theatre,2024-10-31,8:00 PM,Thursday,25491,English,United Kingdom
Out of the Past,Jacques Tourneur,1947,Crime,0 days 01:37:00,The Brattle,2024-11-01,3:30 PM,Friday,75266,English,United States
Eephus,Carson Lund,2025,Drama,0 days 01:38:00,The Brattle,2024-11-01,6:30 PM,Friday,445172,English,France
I Saw the TV Glow,Jane Schoenbrun,2024,Drama,0 days 01:40:00,Museum of Fine Arts,2024-11-01,7:00 PM,Friday,71614849,English,United States
What Shall I Do With This Sword?,João César Monteiro,1975,Documentary,0 days 01:04:00,Harvard Film Archive,2024-11-01,7:00 PM,Friday,3137571,Japanese,Japan
O Mal-Amado,Fernando Matos Silva,1974,Drama,0 days 01:40:00,Harvard Film Archive,2024-11-01,8:30 PM,Friday,,,
Eraserhead,David Lynch,1978,Horror,0 days 01:29:00,Coolidge Corner Theatre,2024-11-01,11:59 PM,Friday,36814246,English,United States
Vertigo,Alfred Hitchcock,1958,Mystery,0 days 02:09:00,Somerville Theatre,2024-11-02,"2:00 PM, 8:00 PM",Saturday,76617,English,United States
Zabriskie Point,Michelangelo Antonioni,1970,Drama,0 days 01:53:00,Harvard Film Archive,2024-11-02,7:00 PM,Saturday,2194799,English,United States
Koyaanisqatsi,Godfrey Reggio,1983,Documentary,0 days 01:26:00,Harvard Film Archive,2024-11-02,9:30 PM,Saturday,18932654,,United States
The Elephant Man,David Lynch,1980,Drama,0 days 02:04:00,Coolidge Corner Theatre,2024-11-02,11:59 PM,Saturday,106344,English,United Kingdom
Rebecca,Alfred Hitchcock,1940,Mystery,0 days 02:10:00,Coolidge Corner Theatre,2024-11-03,2:00 PM,Sunday,1259785,English,United States
Vertigo,Alfred Hitchcock,1958,Mystery,0 days 02:09:00,Somerville Theatre,2024-11-03,"2:00 PM, 7:00 PM",Sunday,76617,English,United States
Trás-os-Montes,"Margarida Cordeiro, António Reis",1976,Documentary,0 days 01:48:00,Harvard Film Archive,2024-11-03,3:00 PM,Sunday,36319171,Portuguese,Portugal
Histórias Selvagens,António Campos,1978,Drama,0 days 01:42:00,Harvard Film Archive,2024-11-03,7:00 PM,Sunday,,,
Fright Night,Tom Holland,1985,Comedy,0 days 01:47:00,The Brattle,2024-11-04,6:00 PM,Monday,1123132,English,United States
3 Women,Robert Altman,1977,Drama,0 days 02:04:00,Coolidge Corner Theatre,2024-11-04,7:00 PM,Monday,2798805,English,United States
Harry Smith - Film No. 18 (Mahagonny),Harry Smith,1970,Documentary,0 days 02:21:00,Harvard Film Archive,2024-11-04,7:00 PM,Monday,,,
The Muppet Movie,James Frawley,1979,Comedy,0 days 01:37:00,The Brattle,2024-11-04,9:00 PM,Monday,876728,English,United Kingdom
The Muppet Movie,James Frawley,1979,Comedy,0 days 01:37:00,The Brattle,2024-11-05,"4:30 PM, 7:00 PM",Tuesday,876728,English,United Kingdom
The Muppet Movie,James Frawley,1979,Comedy,0 days 01:37:00,The Brattle,2024-11-06,"4:30 PM, 7:00 PM, 9:00 PM",Wednesday,876728,English,United Kingdom
The Tingler,William Castle,1959,Horror,0 days 01:22:00,Coolidge Corner Theatre,2024-11-07,7:00 PM,Thursday,2293612,English,United States
Head,Bob Rafelson,1968,Comedy,0 days 01:26:00,Harvard Film Archive,2024-11-07,7:00 PM,Thursday,693163,English,United States
Blade Runner,Ridley Scott,1982,SciFi,0 days 01:58:00,Coolidge Corner Theatre,2024-11-07,9:45 PM,Thursday,3746,English,United States
The Killing,Stanley Kubrick,1956,Crime,0 days 01:25:00,The Brattle,2024-11-08,3:30 PM,Friday,282964,English,United States
In a Lonely Place,Nicholas Ray,1950,Drama,0 days 01:34:00,The Brattle,2024-11-08,"6:00 PM, 8:30 PM",Friday,812818,English,United States
The Breakfast Club,John Hughes,1985,Comedy,0 days 01:38:00,West Newton Cinema,2024-11-08,6:30 PM,Friday,29943,English,United States
Boston Punk Unbound/Rewound,Arthur Freedman,1976,Music,0 days 02:00:00,Harvard Film Archive,2024-11-08,7:00 PM,Friday,,,
Dune,David Lynch,1984,Action,0 days 02:17:00,Coolidge Corner Theatre,2024-11-08,11:59 PM,Friday,71415,English,United States
Experiment in Terror,Blake Edwards,1962,Thriller,0 days 02:03:00,The Brattle,2024-11-09,1:00 PM,Saturday,5501567,English,United States
My Name Is Julia Ross,Joseph H. Lewis,1945,Thriller,0 days 01:05:00,The Brattle,2024-11-09,3:30 PM,Saturday,3624149,English,United States
The Way Steel Was Tempered,Želimir Žilnik,1988,Comedy,0 days 01:41:00,Harvard Film Archive,2024-11-09,7:00 PM,Saturday,10651171,Serbo-Croatian,Yugoslavia
Futility in Frames: The Hypnoses of Vlatko Gilic,Vlatko Gilic,1968,Documentary,0 days 01:46:00,Harvard Film Archive,2024-11-09,9:15 PM,Saturday,,,
Blue Velvet,David Lynch,1986,Mystery,0 days 02:00:00,Coolidge Corner Theatre,2024-11-09,11:59 PM,Saturday,3947,English,United States
My Name Is Julia Ross,Joseph H. Lewis,1945,Thriller,0 days 01:05:00,The Brattle,2024-11-10,12:00 PM,Sunday,3624149,English,United States
Niagara,Henry Hathaway,1953,Thriller,0 days 01:32:00,Coolidge Corner Theatre,2024-11-10,2:00 PM,Sunday,1633705,English,United States and Canada
Neo Homo Promo,Jenni Olson,1994,Documentary,0 days 01:30:00,Harvard Film Archive,2024-11-10,3:00 PM,Sunday,,,
The Big Heat,Fritz Lang,1953,Crime,0 days 01:29:00,The Brattle,2024-11-10,"4:00 PM, 8:00 PM",Sunday,1564113,English,United States
Human Desire,Fritz Lang,1954,Drama,0 days 01:31:00,The Brattle,2024-11-10,"6:00 PM, 10:00 PM",Sunday,2346581,English,United States
Siberian Lady Macbeth,Andrzej Wajda,1962,Romance,0 days 01:33:00,Harvard Film Archive,2024-11-10,7:00 PM,Sunday,839067,Polish,Poland
Over-Exposed,Lewis Seiler,1956,Drama,0 days 01:20:00,The Brattle,2024-11-11,"5:00 PM, 9:00 PM",Monday,5993535,English,United States
The Night Watchman,Natalia Almada,2011,Documentary,0 days 01:12:00,Harvard Film Archive,2024-11-11,7:00 PM,Monday,2583417,English,United States
The Sniper,Edward Dmytryk,1952,Crime,0 days 01:28:00,The Brattle,2024-11-11,7:00 PM,Monday,2721095,English,United States
When Harry Met Sally...,Rob Reiner,1989,Comedy,0 days 01:36:00,Coolidge Corner Theatre,2024-11-11,7:00 PM,Monday,33270,English,United States
The Killers,Robert Siodmak,1946,Crime,0 days 01:43:00,Coolidge Corner Theatre,2024-11-12,7:30 PM,Tuesday,1774116,English,United States
Underworld U.S.A.,Samuel Fuller,1961,Crime,0 days 01:39:00,The Brattle,2024-11-13,"5:00 PM, 9:00 PM",Wednesday,13273342,English,United States
The Crimson Kimono,Samuel Fuller,1959,Romance,0 days 01:22:00,The Brattle,2024-11-13,7:00 PM,Wednesday,19164879,English,United States
The Man Who Wasn't There,Joel Coen,2001,Crime,0 days 01:56:00,The Brattle,2024-11-15,3:30 PM,Friday,241052,English,United Kingdom
Wild at Heart,David Lynch,1990,Crime,0 days 02:05:00,Coolidge Corner Theatre,2024-11-15,11:59 PM,Friday,246963,English,United States
Willy/Milly,Paul Schneider,1986,Comedy,0 days 01:26:00,Harvard Film Archive,2024-11-16,7:00 PM,Saturday,40961566,English,United States
Dallas Doll,Ann Turner,1994,Comedy,0 days 01:44:00,Harvard Film Archive,2024-11-16,9:15 PM,Saturday,24716019,English,Australia
Twin Peaks: Fire Walk with Me,David Lynch,1992,Drama,0 days 02:15:00,Coolidge Corner Theatre,2024-11-16,11:59 PM,Saturday,245515,English,France
Leave Her to Heaven,John M. Stahl,1945,Drama,0 days 01:50:00,Coolidge Corner Theatre,2024-11-17,2:00 PM,Sunday,181353,English,United States
Afro Promo,"Jenni Olson, Karl Knapper",1997,Documentary,0 days 01:31:00,Harvard Film Archive,2024-11-17,3:00 PM,Sunday,,,
The Joy of Life,Jenni Olson,2005,Documentary,0 days 01:05:00,Harvard Film Archive,2024-11-17,7:00 PM,Sunday,2615732,English,United States
The Royal Road,Jenni Olson,2015,Documentary,0 days 01:05:00,Harvard Film Archive,2024-11-18,7:00 PM,Monday,45296064,English,United States
Amadeus,Miloš Forman,1984,History,0 days 02:40:00,Coolidge Corner Theatre,2024-11-18,7:00 PM,Monday,1065214,English,United States
Daisies,Věra Chytilová,1966,Comedy,0 days 01:16:00,The Brattle,2024-11-19,5:00 PM,Tuesday,10163440,Czech,Czechoslovakia
Murdering the Devil,Ester Krumbachová,1970,Comedy,0 days 01:17:00,The Brattle,2024-11-19,6:45 PM,Tuesday,16671760,,Italy
Kokomo City,D. Smith,2023,Documentary,0 days 01:13:00,Coolidge Corner Theatre,2024-11-19,7:00 PM,Tuesday,73448047,English,United States
A Report on the Party and the Guests,Jan Němec,1966,Drama,0 days 01:10:00,The Brattle,2024-11-19,8:30 PM,Tuesday,22279167,Czech,Czechoslovakia
Valerie and Her Week of Wonders,Jaromil Jireš,1970,Fantasy,0 days 01:13:00,The Brattle,2024-11-20,5:00 PM,Wednesday,1868133,Czech,Czechoslovakia
Murdering the Devil,Ester Krumbachová,1970,Comedy,0 days 01:17:00,The Brattle,2024-11-20,6:45 PM,Wednesday,16671760,,Italy
Paris Is Burning,Jennie Livingston,1991,Documentary,0 days 01:18:00,Coolidge Corner Theatre,2024-11-20,7:00 PM,Wednesday,2406074,English,United States
Daisies,Věra Chytilová,1966,Comedy,0 days 01:16:00,The Brattle,2024-11-20,8:30 PM,Wednesday,10163440,Czech,Czechoslovakia
A Report on the Party and the Guests,Jan Němec,1966,Drama,0 days 01:10:00,The Brattle,2024-11-21,5:00 PM,Thursday,22279167,Czech,Czechoslovakia
Murdering the Devil,Ester Krumbachová,1970,Comedy,0 days 01:17:00,The Brattle,2024-11-21,6:45 PM,Thursday,16671760,,Italy
Shrek 2,"Conrad Vernon, Kelly Asbury, Andrew Adamson",2004,Animation,0 days 01:32:00,Coolidge Corner Theatre,2024-11-21,7:00 PM,Thursday,525314,English,United States
Valerie and Her Week of Wonders,Jaromil Jireš,1970,Fantasy,0 days 01:13:00,The Brattle,2024-11-21,8:30 PM,Thursday,1868133,Czech,Czechoslovakia
A Clockwork Orange,Stanley Kubrick,1971,SciFi,0 days 02:17:00,Coolidge Corner Theatre,2024-11-21,9:45 PM,Thursday,1659954,English,United Kingdom
"Paris, Texas",Wim Wenders,1984,Drama,0 days 02:25:00,The Brattle,2024-11-22,"6:00 PM, 9:00 PM",Friday,237134,English,West Germany
The Fall,Tarsem,2008,Adventure,0 days 01:57:00,Museum of Fine Arts,2024-11-22,7:30 PM,Friday,27941350,English,United States
Lost Highway,David Lynch,1997,Drama,0 days 02:14:00,Coolidge Corner Theatre,2024-11-22,11:59 PM,Friday,204839,English,United States
Casablanca,Michael Curtiz,1943,Drama,0 days 01:42:00,Somerville Theatre,2024-11-23,"3:00 PM, 7:00 PM",Saturday,57585,English,United States
"Paris, Texas",Wim Wenders,1984,Drama,0 days 02:25:00,The Brattle,2024-11-23,"4:30 PM, 7:30 PM",Saturday,237134,English,West Germany
Out of the Past,Jacques Tourneur,1947,Crime,0 days 01:37:00,Somerville Theatre,2024-11-23,"5:00 PM, 9:00 PM",Saturday,75266,English,United States
Wings of a Serf,Yuri Tarich,1926,Drama,0 days 01:13:00,Harvard Film Archive,2024-11-23,7:00 PM,Saturday,49197801,Silent,Soviet Union
Mulholland Drive,David Lynch,2001,Thriller,0 days 02:27:00,Coolidge Corner Theatre,2024-11-23,11:59 PM,Saturday,20786,,
Winners,Soleen Yusef,2024,Family,0 days 01:59:00,Coolidge Corner Theatre,2024-11-24,11:00 AM,Sunday,76033808,German,Germany
"Lust, Caution",Ang Lee,2007,Action,0 days 02:38:00,The Brattle,2024-11-24,12:00 PM,Sunday,5631382,Mandarin,United States
The Lady from Shanghai,Orson Welles,1947,Mystery,0 days 01:27:00,Coolidge Corner Theatre,2024-11-24,2:00 PM,Sunday,1919203,English,United States
The Grandmaster,Wong Kar-wai,2013,Action,0 days 02:10:00,The Brattle,2024-11-24,3:15 PM,Sunday,32963963,Mandarin,Hong Kong
Times Square,Allan Moyle,1980,Drama,0 days 01:51:00,Harvard Film Archive,2024-11-24,7:00 PM,Sunday,2154540,English,United States
Inglourious Basterds,Quentin Tarantino,2009,Drama,0 days 02:33:00,The Brattle,2024-11-24,8:00 PM,Sunday,633052,English,United States
The Grandmaster,Wong Kar-wai,2013,Action,0 days 02:10:00,The Brattle,2024-11-25,5:30 PM,Monday,32963963,Mandarin,Hong Kong
Sans Soleil,Chris Marker,1983,Documentary,0 days 01:40:00,Harvard Film Archive,2024-11-25,7:00 PM,Monday,5263869,French,France
Hook,Steven Spielberg,1991,Adventure,0 days 02:21:00,Coolidge Corner Theatre,2024-11-25,7:00 PM,Monday,443972,English,United States
"Lust, Caution",Ang Lee,2007,Action,0 days 02:38:00,The Brattle,2024-11-25,8:15 PM,Monday,5631382,Mandarin,United States
Inglourious Basterds,Quentin Tarantino,2009,Drama,0 days 02:33:00,The Brattle,2024-11-26,"4:00 PM, 7:15 PM",Tuesday,633052,English,United States
The Thief of Bagdad,Raoul Walsh,1924,Romance,0 days 02:29:00,Coolidge Corner Theatre,2024-11-26,7:00 PM,Tuesday,76385,Silent,United States
Seven Samurai,Akira Kurosawa,1954,Action,0 days 03:27:00,The Brattle,2024-11-27,"3:00 PM, 7:00 PM",Wednesday,31371,Japanese,Japan
Nightmare Alley,Edmund Goulding,1947,Drama,0 days 01:51:00,Coolidge Corner Theatre,2024-11-27,7:00 PM,Wednesday,2006189,English,United States
Matilda,Danny DeVito,1996,Comedy,0 days 01:38:00,Coolidge Corner Theatre,2024-11-30,10:30 AM,Saturday,675935,English,United States
Inland Empire,David Lynch,2006,Thriller,0 days 03:00:00,Coolidge Corner Theatre,2024-11-30,10:00 PM,Saturday,2028217,English,United States
Top Hat,Mark Sandrich,1935,Music,0 days 01:41:00,The Brattle,2024-12-06,3:30 PM,Friday,61501,English,United States
Blade,Stephen Norrington,1998,Horror,0 days 02:01:00,Coolidge Corner Theatre,2024-12-06,11:59 PM,Friday,471544,English,United States
"Salad Days: A Decade of Punk in Washington, DC (1980-90)",Scott Crawford,2015,Music,0 days 01:43:00,The Brattle,2024-12-07,7:00 PM,Saturday,,,
Big Time,Chris Blum,1988,Documentary,0 days 01:27:00,The Brattle,2024-12-07,10:00 PM,Saturday,24105483,English,United States
How the Grinch Stole Christmas,Ron Howard,2000,Family,0 days 01:44:00,Coolidge Corner Theatre,2024-12-07,11:59 PM,Saturday,4867859,English,United States
Big Time,Chris Blum,1988,Documentary,0 days 01:27:00,The Brattle,2024-12-08,12:00 PM,Sunday,24105483,English,United States
The Sugarland Express,Steven Spielberg,1974,Crime,0 days 01:50:00,The Brattle,2024-12-08,"4:30 PM, 7:00 PM",Sunday,1646113,English,United States
Gattaca,Andrew Niccol,1997,Thriller,0 days 01:46:00,Coolidge Corner Theatre,2024-12-09,7:00 PM,Monday,42886,English,United States
Where to After the Rain?,Vladan Slijepčević,1967,Drama,0 days 01:29:00,Harvard Film Archive,2024-12-09,7:00 PM,Monday,,,
Bram Stoker's Dracula,Francis Ford Coppola,1992,Romance,0 days 02:08:00,Coolidge Corner Theatre,2024-12-11,7:00 PM,Wednesday,337740,English,United States
Carol for Another Christmas,Joseph L. Mankiewicz,1964,TVMovie,0 days 01:24:00,Harvard Film Archive,2024-12-12,7:00 PM,Thursday,,,
Eyes Wide Shut,Stanley Kubrick,1999,Drama,0 days 02:39:00,Coolidge Corner Theatre,2024-12-12,7:00 PM,Thursday,9979,English,United Kingdom
It's a Wonderful Life,Frank Capra,1946,Drama,0 days 02:10:00,The Brattle,2024-12-13,3:30 PM,Friday,60164,English,United States
Song of the Little Road,Satyajit Ray,1955,Drama,0 days 02:05:00,Harvard Film Archive,2024-12-13,7:00 PM,Friday,669691,Bengali,India
Queen of the Damned,Michael Rymer,2002,Fantasy,0 days 01:41:00,Coolidge Corner Theatre,2024-12-13,11:59 PM,Friday,9088886,English,Australia
How the Grinch Stole Christmas,Ron Howard,2000,Family,0 days 01:44:00,Coolidge Corner Theatre,2024-12-14,10:30 AM,Saturday,4867859,English,United States
Aparajito,Satyajit Ray,1956,Drama,0 days 01:50:00,Harvard Film Archive,2024-12-14,7:00 PM,Saturday,1267738,Bengali,India
The World of Apu,Satyajit Ray,1959,Drama,0 days 01:45:00,Harvard Film Archive,2024-12-14,9:15 PM,Saturday,1471772,Bengali,India
Black Christmas,Bob Clark,1974,Horror,0 days 01:38:00,The Brattle,2024-12-14,9:30 PM,Saturday,1584998,English,Canada
Die Hard,John McTiernan,1988,Action,0 days 02:12:00,Coolidge Corner Theatre,2024-12-14,11:59 PM,Saturday,97646,English,United States
Woodland,Elisabeth Scharang,2023,Drama,0 days 01:35:00,Coolidge Corner Theatre,2024-12-15,11:00 AM,Sunday,,,
Song of the Little Road,Satyajit Ray,1955,Drama,0 days 02:05:00,Harvard Film Archive,2024-12-15,3:00 PM,Sunday,669691,Bengali,India
Aparajito,Satyajit Ray,1956,Drama,0 days 01:50:00,Harvard Film Archive,2024-12-15,7:00 PM,Sunday,1267738,Bengali,India
The Shop Around the Corner,Ernst Lubitsch,1940,Comedy,0 days 01:39:00,Coolidge Corner Theatre,2024-12-16,7:00 PM,Monday,76353,English,United States
The World of Apu,Satyajit Ray,1959,Drama,0 days 01:45:00,Harvard Film Archive,2024-12-16,7:00 PM,Monday,1471772,Bengali,India
Close Encounters of the Third Kind,Steven Spielberg,1977,SciFi,0 days 02:15:00,The Brattle,2024-12-17,"5:00 PM, 8:00 PM",Tuesday,146236,English,United States
Nosferatu,F. W. Murnau,1922,Horror,0 days 01:35:00,Coolidge Corner Theatre,2024-12-18,7:00 PM,Wednesday,82423,Silent,Weimar Republic
Only Lovers Left Alive,Jim Jarmusch,2013,Drama,0 days 02:03:00,Coolidge Corner Theatre,2024-12-18,9:00 PM,Wednesday,34888850,English,United Kingdom
RRR,S. S. Rajamouli,2022,Drama,0 days 03:05:00,The Brattle,2024-12-19,6:00 PM,Thursday,59329596,Telugu,India
Love Actually,Richard Curtis,2003,Comedy,0 days 02:15:00,Coolidge Corner Theatre,2024-12-19,7:00 PM,Thursday,370064,English,United Kingdom
Edward Scissorhands,Tim Burton,1990,Fantasy,0 days 01:45:00,Coolidge Corner Theatre,2024-12-19,9:30 PM,Thursday,302970,English,United States
Singin' in the Rain,"Stanley Donen, Gene Kelly",1952,Comedy,0 days 01:43:00,The Brattle,2024-12-20,3:30 PM,Friday,1883157,English,United States
Pacific Rim,Guillermo del Toro,2013,Action,0 days 02:11:00,The Brattle,2024-12-20,6:00 PM,Friday,32112949,English,United States
Speed Racer,"Lana Wachowski, Lilly Wachowski",2008,Family,0 days 02:15:00,The Brattle,2024-12-20,8:30 PM,Friday,8737659,English,United States
Hundreds of Beavers,Mike Cheslik,2024,Comedy,0 days 01:48:00,Coolidge Corner Theatre,2024-12-20,11:59 PM,Friday,76208655,English,United States
Underworld,Len Wiseman,2003,Fantasy,0 days 02:02:00,Coolidge Corner Theatre,2024-12-20,11:59 PM,Friday,452767,English,Germany
The Muppet Christmas Carol,Brian Henson,1992,Music,0 days 01:25:00,Coolidge Corner Theatre,2024-12-21,10:30 AM,Saturday,1131832,English,United States
Speed Racer,"Lana Wachowski, Lilly Wachowski",2008,Family,0 days 02:15:00,The Brattle,2024-12-21,12:00 PM,Saturday,8737659,English,United States
Pacific Rim,Guillermo del Toro,2013,Action,0 days 02:11:00,The Brattle,2024-12-21,2:45 PM,Saturday,32112949,English,United States
The Dark Knight,Christopher Nolan,2008,Drama,0 days 02:32:00,The Brattle,2024-12-21,"5:30 PM, 8:30 PM",Saturday,4276475,English,United States
Black Christmas,Bob Clark,1974,Horror,0 days 01:38:00,Coolidge Corner Theatre,2024-12-21,11:59 PM,Saturday,1584998,English,Canada
The Muppet Christmas Carol,Brian Henson,1992,Music,0 days 01:25:00,Coolidge Corner Theatre,2024-12-22,10:30 AM,Sunday,1131832,English,United States
Die Hard,John McTiernan,1988,Action,0 days 02:12:00,The Brattle,2024-12-23,6:00 PM,Monday,97646,English,United States
Meet Me in St. Louis,Vincente Minnelli,1944,Comedy,0 days 01:53:00,Coolidge Corner Theatre,2024-12-23,7:00 PM,Monday,74942,English,United States
Die Hard 2,Renny Harlin,1990,Action,0 days 02:04:00,The Brattle,2024-12-23,8:30 PM,Monday,433824,English,United States
Little Women,Gillian Armstrong,1994,Drama,0 days 01:59:00,The Brattle,2024-12-25,"4:00 PM, 6:30 PM",Wednesday,781758,English,United States
Go,Doug Liman,1999,Crime,0 days 01:38:00,The Brattle,2024-12-25,9:00 PM,Wednesday,585172,English,United States
A League of Their Own,Penny Marshall,1992,Comedy,0 days 02:08:00,The Brattle,2024-12-26,"1:30 PM, 6:30 PM",Thursday,543433,,United States
Groundhog Day,Harold Ramis,1993,Romance,0 days 01:41:00,The Brattle,2024-12-26,4:15 PM,Thursday,142327,English,United States
Anaconda,Luis Llosa,1997,Adventure,0 days 01:29:00,The Brattle,2024-12-26,9:00 PM,Thursday,703970,English,United States
Tap,Nick Castle,1989,Drama,0 days 01:51:00,The Brattle,2024-12-27,3:30 PM,Friday,8771437,English,United States
Single White Female,Barbet Schroeder,1992,Thriller,0 days 01:47:00,The Brattle,2024-12-27,7:00 PM,Friday,2632500,English,United States
The Cable Guy,Ben Stiller,1996,Comedy,0 days 01:36:00,The Brattle,2024-12-27,9:15 PM,Friday,885776,English,United States
Dracula 2000,Patrick Lussier,2000,Thriller,0 days 01:38:00,Coolidge Corner Theatre,2024-12-27,11:59 PM,Friday,1219214,English,United States
Bottle Rocket,Wes Anderson,1996,Comedy,0 days 01:31:00,The Brattle,2024-12-28,"3:00 PM, 7:00 PM",Saturday,524139,English,United States
El Mariachi,Robert Rodriguez,1993,Action,0 days 01:21:00,The Brattle,2024-12-28,"5:00 PM, 9:00 PM",Saturday,326446,Spanish,United States
New Year's Evil,Emmett Alston,1980,Horror,0 days 01:26:00,Coolidge Corner Theatre,2024-12-28,11:59 PM,Saturday,15589712,English,United States
The Age of Innocence,Martin Scorsese,1993,Drama,0 days 02:19:00,The Brattle,2024-12-29,"12:00 PM, 3:00 PM",Sunday,5836236,English,United States
Boyz n the Hood,John Singleton,1991,Crime,0 days 01:52:00,The Brattle,2024-12-29,"6:30 PM, 9:00 PM",Sunday,155997,English,United States
Double Team,Tsui Hark,1997,Action,0 days 01:33:00,The Brattle,2024-12-30,"4:30 PM, 9:00 PM",Monday,2862407,English,United States
Bad Boys,Michael Bay,1995,Action,0 days 01:59:00,The Brattle,2024-12-30,6:30 PM,Monday,673613,English,United States
Strange Days,Kathryn Bigelow,1995,Crime,0 days 02:25:00,Coolidge Corner Theatre,2024-12-30,7:00 PM,Monday,1339563,English,United States
The Sacrifice,Andrei Tarkovsky,1986,Drama,0 days 02:29:00,The Brattle,2025-01-05,"12:00 PM, 7:00 PM",Sunday,593964,Swedish,Sweden
Fantastic Planet,René Laloux,1973,Animation,0 days 01:12:00,Coolidge Corner Theatre,2025-01-05,2:00 PM,Sunday,2322506,French,France
A Fish Called Wanda,Charles Crichton,1988,Comedy,0 days 01:49:00,Coolidge Corner Theatre,2025-01-06,7:00 PM,Monday,308898,English,United Kingdom
The Sacrifice,Andrei Tarkovsky,1986,Drama,0 days 02:29:00,The Brattle,2025-01-06,8:00 PM,Monday,593964,Swedish,Sweden
The Sacrifice,Andrei Tarkovsky,1986,Drama,0 days 02:29:00,The Brattle,2025-01-07,6:00 PM,Tuesday,593964,Swedish,Sweden
Starship Troopers,Paul Verhoeven,1997,Adventure,0 days 02:09:00,Coolidge Corner Theatre,2025-01-07,7:00 PM,Tuesday,203841,English,United States
Moonage Daydream,Brett Morgen,2022,Documentary,0 days 02:14:00,The Brattle,2025-01-08,"6:00 PM, 9:00 PM",Wednesday,71440614,English,Germany
"Aguirre, the Wrath of God",Werner Herzog,1972,History,0 days 01:35:00,West Newton Cinema,2025-01-09,6:30 PM,Thursday,158052,German,West Germany
Caligula,Tinto Brass,1979,Drama,0 days 02:36:00,The Brattle,2025-01-09,7:00 PM,Thursday,243204,English,Italy
The Thing,John Carpenter,1982,Horror,0 days 01:49:00,Coolidge Corner Theatre,2025-01-09,9:30 PM,Thursday,30809,English,United States
Titane,Julia Ducournau,2021,Drama,0 days 01:48:00,Coolidge Corner Theatre,2025-01-10,11:59 PM,Friday,66488453,French,France
The Bird with the Crystal Plumage,Dario Argento,1970,Horror,0 days 01:36:00,Coolidge Corner Theatre,2025-01-11,11:59 PM,Saturday,3657826,Italian,Italy
Turning Tables,Angelina Maccarone,2025,Drama,0 days 02:04:00,Coolidge Corner Theatre,2025-01-12,11:00 AM,Sunday,,,
Pariah,Dee Rees,2011,Drama,0 days 01:26:00,Coolidge Corner Theatre,2025-01-13,7:00 PM,Monday,33025020,English,United States
Godzilla Minus One,Takashi Yamazaki,2023,SciFi,0 days 02:04:00,The Brattle,2025-01-16,"4:00 PM, 6:30 PM, 9:00 PM",Thursday,72171031,Japanese,Japan
Good One,India Donaldson,2024,Drama,0 days 01:30:00,The Brattle,2025-01-17,6:00 PM,Friday,76824251,English,United States
Last Year at Marienbad,Alain Resnais,1961,Drama,0 days 01:35:00,Harvard Film Archive,2025-01-17,7:00 PM,Friday,157173,French,France
His Three Daughters,Azazel Jacobs,2024,Drama,0 days 01:44:00,The Brattle,2025-01-17,8:00 PM,Friday,74785116,English,United States
Climax,Gaspar Noé,2018,Horror,0 days 01:37:00,Coolidge Corner Theatre,2025-01-17,11:59 PM,Friday,57171624,French,Belgium
Good One,India Donaldson,2024,Drama,0 days 01:30:00,The Brattle,2025-01-18,12:00 PM,Saturday,76824251,English,United States
Beasts of the Southern Wild,Benh Zeitlin,2012,Drama,0 days 01:33:00,Coolidge Corner Theatre,2025-01-18,2:00 PM,Saturday,35581515,English,United States
His Three Daughters,Azazel Jacobs,2024,Drama,0 days 01:44:00,The Brattle,2025-01-18,2:00 PM,Saturday,74785116,English,United States
Emilia Pérez,Jacques Audiard,2024,Drama,0 days 02:12:00,The Brattle,2025-01-18,"4:15 PM, 7:00 PM",Saturday,75607941,Spanish,France
India Song,Marguerite Duras,1975,Drama,0 days 01:55:00,Harvard Film Archive,2025-01-18,7:00 PM,Saturday,33347419,French,France
La Musica,"Marguerite Duras, Paul Seban",1967,Drama,0 days 01:21:00,Harvard Film Archive,2025-01-18,9:30 PM,Saturday,,,
The People's Joker,Vera Drew,2024,Comedy,0 days 01:32:00,The Brattle,2025-01-18,9:30 PM,Saturday,71776978,English,United States
Nothing Underneath,Carlo Vanzina,1985,Thriller,0 days 01:30:00,Coolidge Corner Theatre,2025-01-18,11:59 PM,Saturday,42351579,,Italy
The People's Joker,Vera Drew,2024,Comedy,0 days 01:32:00,The Brattle,2025-01-19,1:30 PM,Sunday,71776978,English,United States
Star Trek: First Contact,Jonathan Frakes,1996,SciFi,0 days 01:51:00,Coolidge Corner Theatre,2025-01-19,2:00 PM,Sunday,27097,English,United States
India Song,Marguerite Duras,1975,Drama,0 days 01:55:00,Harvard Film Archive,2025-01-19,3:00 PM,Sunday,33347419,French,France
Rumours,"Guy Maddin, Galen Johnson, Evan Johnson",2024,Comedy,0 days 01:44:00,The Brattle,2025-01-19,"3:45 PM, 9:00 PM",Sunday,75785008,English,Canada
Megalopolis,Francis Ford Coppola,2024,SciFi,0 days 02:18:00,The Brattle,2025-01-19,6:00 PM,Sunday,68613611,English,United States
The Discreet Charm of the Bourgeoisie,Luis Buñuel,1972,Comedy,0 days 01:41:00,Harvard Film Archive,2025-01-19,7:00 PM,Sunday,346569,French,France
Rustin,George C. Wolfe,2023,Drama,0 days 01:48:00,Coolidge Corner Theatre,2025-01-20,3:00 PM,Monday,66716299,English,United States
Fancy Dance,Erica Tremblay,2024,Drama,0 days 01:31:00,The Brattle,2025-01-20,6:00 PM,Monday,72842326,English,United States
Sugarcane,"Emily Kassie, Julian Brave NoiseCat",2024,Documentary,0 days 01:47:00,The Brattle,2025-01-20,8:00 PM,Monday,75835628,English,United States
La Chimera,Alice Rohrwacher,2023,Adventure,0 days 02:13:00,The Brattle,2025-01-21,6:00 PM,Tuesday,70104574,Italian,Italy
They Live,John Carpenter,1988,SciFi,0 days 01:33:00,Coolidge Corner Theatre,2025-01-21,7:00 PM,Tuesday,342556,English,United States
The Beast,Bertrand Bonello,2024,Drama,0 days 02:27:00,The Brattle,2025-01-21,8:30 PM,Tuesday,77618981,English,United Kingdom
Omen,Baloji Tshiani,2023,Drama,0 days 01:30:00,The Brattle,2025-01-22,"5:00 PM, 8:30 PM",Wednesday,75083336,French,Belgium
The Fifth Element,Luc Besson,1997,SciFi,0 days 02:06:00,Coolidge Corner Theatre,2025-01-22,7:00 PM,Wednesday,143809,English,France
Dahomey,Mati Diop,2024,Documentary,0 days 01:08:00,The Brattle,2025-01-22,7:00 PM,Wednesday,75935839,French,France
Monkey Man,Dev Patel,2024,Action,0 days 02:01:00,The Brattle,2025-01-23,"4:00 PM, 9:15 PM",Thursday,66481319,English,Canada
Twilight of the Warriors: Walled In,Soi Cheang,2024,Action,0 days 02:05:00,The Brattle,2025-01-23,6:30 PM,Thursday,69461714,Cantonese,Hong Kong
Fargo,Joel Coen,1996,Crime,0 days 01:38:00,Coolidge Corner Theatre,2025-01-23,7:00 PM,Thursday,142430,English,United States
Challengers,Luca Guadagnino,2024,Romance,0 days 02:12:00,The Brattle,2025-01-24,6:00 PM,Friday,70047803,English,United States
"Muriel, or the Time of Return",Alain Resnais,1963,Drama,0 days 01:57:00,Harvard Film Archive,2025-01-24,7:00 PM,Friday,12768840,French,France
Anora,Sean Baker,2024,Romance,0 days 02:19:00,The Brattle,2025-01-24,8:45 PM,Friday,75146745,English,United States
Maso and Miso Go Boating,"Ioana Wieder, Delphine Seyrig, Nadja Ringart, Carole Roussopoulos",1976,Documentary,0 days 00:55:00,Harvard Film Archive,2025-01-24,9:30 PM,Friday,,,
Revenge,Coralie Fargeat,2018,Action,0 days 01:49:00,Coolidge Corner Theatre,2025-01-24,11:59 PM,Friday,,,
March of the Penguins,Luc Jacquet,2005,Documentary,0 days 01:20:00,Coolidge Corner Theatre,2025-01-25,10:30 AM,Saturday,2305746,French,France
Flow,Gints Zilbalodis,2024,Animation,0 days 01:25:00,The Brattle,2025-01-25,"12:00 PM, 2:00 PM, 4:00 PM",Saturday,76884533,,Latvia
Anora,Sean Baker,2024,Romance,0 days 02:19:00,The Brattle,2025-01-25,6:00 PM,Saturday,75146745,English,United States
Be Pretty and Shut Up!,Delphine Seyrig,1981,Documentary,0 days 01:51:00,Harvard Film Archive,2025-01-25,7:00 PM,Saturday,454223,English,United States
Challengers,Luca Guadagnino,2024,Romance,0 days 02:12:00,The Brattle,2025-01-25,9:00 PM,Saturday,70047803,English,United States
"Baxter, Vera Baxter",Marguerite Duras,1977,Mystery,0 days 01:35:00,Harvard Film Archive,2025-01-25,9:30 PM,Saturday,42074586,French,France
Opera,Dario Argento,1987,Horror,0 days 01:47:00,Coolidge Corner Theatre,2025-01-25,11:59 PM,Saturday,5707225,,Italy
Flow,Gints Zilbalodis,2024,Animation,0 days 01:25:00,The Brattle,2025-01-26,12:00 PM,Sunday,76884533,,Latvia
The Discreet Charm of the Bourgeoisie,Luis Buñuel,1972,Comedy,0 days 01:41:00,Harvard Film Archive,2025-01-26,3:00 PM,Sunday,346569,French,France
Denis Villeneuve's Dune,Denis Villeneuve,2021,Fantasy,0 days 05:21:00,Coolidge Corner Theatre,2025-01-26,3:30 PM,Sunday,52659577,English,United States
The Substance,Coralie Fargeat,2024,Horror,0 days 02:21:00,The Brattle,2025-01-26,"4:15 PM, 9:30 PM",Sunday,70519613,English,France
A Different Man,Aaron Schimberg,2024,Comedy,0 days 01:52:00,The Brattle,2025-01-26,7:00 PM,Sunday,71828618,English,United States
Journey to Italy,Roberto Rossellini,1954,Drama,0 days 01:25:00,Coolidge Corner Theatre,2025-01-27,7:00 PM,Monday,11784534,English,Italy
The Two Faces of a Bamileke Woman,Rosine Mbakam,2018,Documentary,0 days 01:17:00,Harvard Film Archive,2025-01-27,7:00 PM,Monday,76125470,French,Cameroon
Problemista,Julio Torres,2024,Comedy,0 days 01:44:00,The Brattle,2025-01-27,8:30 PM,Monday,72819864,English,United States
Snowpiercer,Bong Joon-ho,2013,Action,0 days 02:07:00,Coolidge Corner Theatre,2025-01-28,7:00 PM,Tuesday,35816879,English,South Korea
Evil Does Not Exist,Ryūsuke Hamaguchi,2023,Drama,0 days 01:46:00,The Brattle,2025-01-28,8:00 PM,Tuesday,74574510,Japanese,Japan
I Saw the TV Glow,Jane Schoenbrun,2024,Drama,0 days 01:40:00,The Brattle,2025-01-29,"4:45 PM, 9:00 PM",Wednesday,71614849,English,United States
Humanist Vampire Seeking Consenting Suicidal Person,Ariane Louis-Seize,2023,Romance,0 days 01:31:00,The Brattle,2025-01-29,7:00 PM,Wednesday,74464581,French,Canada
Stargate,Roland Emmerich,1994,Action,0 days 02:01:00,Coolidge Corner Theatre,2025-01-30,7:00 PM,Thursday,28327,English,United States
Longlegs,Osgood Perkins,2024,Horror,0 days 01:41:00,The Brattle,2025-01-30,9:15 PM,Thursday,72753280,English,United States
The Wages of Fear,Henri-Georges Clouzot,1953,Drama,0 days 02:33:00,The Brattle,2025-01-31,6:00 PM,Friday,447074,French,France
Daughters of Darkness,Harry Kümel,1971,Drama,0 days 01:40:00,Harvard Film Archive,2025-01-31,9:00 PM,Friday,14259399,English,Belgium
Irreversible,Gaspar Noé,2002,Drama,0 days 01:34:00,Coolidge Corner Theatre,2025-01-31,11:59 PM,Friday,299490,French,France
The Thing,John Carpenter,1982,Horror,0 days 01:49:00,The Brattle,2025-01-31,3:30 PM,Friday,30809,English,United States
Chez Jolie Coiffure,Rosine Mbakam,2019,Documentary,0 days 01:13:00,Harvard Film Archive,2025-01-31,7:30 PM,Friday,83845501,French,Belgium
Prism,"Rosine Mbakam, Eléonore Yameogo, An van. Dienderen",2021,Documentary,0 days 01:17:00,Harvard Film Archive,2025-01-31,9:30 PM,Friday,,,
The Optical Tricks of a Cinemagician,Georges Méliès,1896,Documentary,0 days 01:03:00,Harvard Film Archive,2025-02-01,7:00 PM,Saturday,,,
Daughters of Darkness,Harry Kümel,1971,Drama,0 days 01:40:00,Harvard Film Archive,2025-02-01,9:00 PM,Saturday,14259399,English,Belgium
Hard Target,John Woo,1993,Action,0 days 01:37:00,Coolidge Corner Theatre,2025-02-01,11:59 PM,Saturday,1631497,English,United States
Jumanji: Welcome to the Jungle,Jake Kasdan,2017,Adventure,0 days 01:59:00,Coolidge Corner Theatre,2025-02-02,10:30 AM,Sunday,48359197,English,United States
Lone Star,John Sayles,1996,Drama,0 days 02:15:00,West Newton Cinema,2025-02-02,12:00 PM,Sunday,1108697,English,United States
Carmen Jones,Otto Preminger,1954,Drama,0 days 01:45:00,Coolidge Corner Theatre,2025-02-02,2:00 PM,Sunday,10554740,English,United States
The Flying Ace,Richard E. Norman,1926,Crime,0 days 01:05:00,Somerville Theatre,2025-02-02,2:00 PM,Sunday,9798566,Silent,United States
Dead End,Parviz Sayyad,1977,Drama,0 days 01:35:00,Museum of Fine Arts,2025-02-02,2:30 PM,Sunday,38216944,Persian,Iran
Only in Dreams: The Evils that Lurk,Georges Méliès,1896,Documentary,0 days 01:13:00,Harvard Film Archive,2025-02-02,3:00 PM,Sunday,,,
The Two Faces of a Bamileke Woman,Rosine Mbakam,2018,Documentary,0 days 01:17:00,Harvard Film Archive,2025-02-02,7:00 PM,Sunday,76125470,French,Cameroon
Jennifer's Body,Karyn Kusama,2009,Horror,0 days 01:47:00,Somerville Theatre,2025-02-02,9:30 PM,Sunday,15713038,English,United States
The Teachers' Lounge,İlker Çatak,2023,Drama,0 days 01:38:00,Goethe-Institut,2025-02-03,7:00 PM,Monday,74189366,German,Germany
Barry Lyndon,Stanley Kubrick,1975,Drama,0 days 03:05:00,Coolidge Corner Theatre,2025-02-03,7:00 PM,Monday,4227,English,United Kingdom
Once Upon a Time... in Hollywood,Quentin Tarantino,2019,Comedy,0 days 02:42:00,Somerville Theatre,2025-02-03,7:30 PM,Monday,56717294,English,United States
Sanggyedong Olympic / Graeae: A Stationed Idea,"Kim Dong-won, Jeong Yeo-reum",1988,Documentary,0 days 01:02:00,Harvard Film Archive,2025-02-03,7:30 PM,Monday,,,
Different from the Others,Richard Oswald,1919,Drama,0 days 00:51:00,The Brattle,2025-02-04,6:00 PM,Tuesday,1887155,Silent,Weimar Republic
Armand,Halfdan Ullmann Tøndel,2024,Drama,0 days 01:56:00,Coolidge Corner Theatre,2025-02-04,7:00 PM,Tuesday,76881722,Norwegian,Norway
His Girl Friday,Howard Hawks,1940,Comedy,0 days 01:32:00,Coolidge Corner Theatre,2025-02-04,7:00 PM,Tuesday,74018,English,United States
Once Upon a Time... in Hollywood,Quentin Tarantino,2019,Comedy,0 days 02:42:00,Somerville Theatre,2025-02-04,7:30 PM,Tuesday,56717294,English,United States
The Facts of Murder,Pietro Germi,1959,Mystery,0 days 01:55:00,Somerville Theatre,2025-02-05,7:30 PM,Wednesday,12780416,Italian,Italy
The Ice Storm,Ang Lee,1997,Drama,0 days 01:52:00,The Brattle,2025-02-05,8:00 PM,Wednesday,7770667,English,United States
Memories of Murder,Bong Joon-ho,2003,Crime,0 days 02:11:00,The Brattle,2025-02-06,"4:30 PM, 9:30 PM",Thursday,2746792,Korean,South Korea
Mulholland Drive,David Lynch,2001,Thriller,0 days 02:27:00,West Newton Cinema,2025-02-06,6:30 PM,Thursday,20786,,
Super Fly,Gordon Parks Jr.,1972,Crime,0 days 01:31:00,Coolidge Corner Theatre,2025-02-06,7:00 PM,Thursday,195776,English,United States
Blood and Black Lace,Mario Bava,1964,Horror,0 days 01:28:00,Somerville Theatre,2025-02-06,7:10 PM,Thursday,2010907,,Italy
Cure,Kiyoshi Kurosawa,1997,Crime,0 days 01:51:00,The Brattle,2025-02-06,7:15 PM,Thursday,2359777,Japanese,Japan
The Bird with the Crystal Plumage,Dario Argento,1970,Horror,0 days 01:36:00,Somerville Theatre,2025-02-06,8:45 PM,Thursday,3657826,Italian,Italy
Repulsion,Roman Polanski,1965,Drama,0 days 01:45:00,The Brattle,2025-02-07,"5:30 PM, 9:30 PM",Friday,1001142,English,United Kingdom
No Other Land,"Basel Adra, Hamdan Ballal, Yuval Abraham, Rachel Szor",2024,Documentary,0 days 01:36:00,Coolidge Corner Theatre,2025-02-07,7:00 PM,Friday,76180709,Arabic,Palestine
Santa Teresa & Other Stories,Nelson Carlos de los Santos Arias,2015,Documentary,0 days 01:05:00,Harvard Film Archive,2025-02-07,7:30 PM,Friday,,,
Outrage,Ida Lupino,1950,Drama,0 days 01:15:00,The Brattle,2025-02-07,7:45 PM,Friday,3688065,English,United States
You Look Like a Carriage That Not Even the Oxen Can Stop,,,,,,2025-02-07,,Friday,,,
Rapid Fire,Dwight H. Little,1992,Action,0 days 01:35:00,Coolidge Corner Theatre,2025-02-07,11:59 PM,Friday,551753,English,United States
Outrage,Ida Lupino,1950,Drama,0 days 01:15:00,The Brattle,2025-02-08,12:00 PM,Saturday,3688065,English,United States
Repulsion,Roman Polanski,1965,Drama,0 days 01:45:00,The Brattle,2025-02-08,1:45 PM,Saturday,1001142,English,United Kingdom
The Vanishing,George Sluizer,1988,Thriller,0 days 01:46:00,The Brattle,2025-02-08,"4:00 PM, 8:45 PM",Saturday,350584,Dutch,Netherlands
Insomnia,Christopher Nolan,2002,Crime,0 days 01:58:00,The Brattle,2025-02-08,6:15 PM,Saturday,4760936,English,United States
Mambar Pierrette,Rosine Mbakam,2024,Drama,0 days 01:33:00,Harvard Film Archive,2025-02-08,7:00 PM,Saturday,72063414,,
Black Belt Jones,Robert Clouse,1974,Action,0 days 01:27:00,Coolidge Corner Theatre,2025-02-08,11:55 PM,Saturday,1853942,English,United States
From Hilde with Love,Andreas Dresen,2024,Drama,0 days 02:04:00,Coolidge Corner Theatre,2025-02-09,11:00 AM,Sunday,75928693,German,Germany
A Fistful of Dollars,Sergio Leone,1964,Western,0 days 01:39:00,Somerville Theatre,2025-02-09,"2:00 PM, 6:30 PM",Sunday,441926,English,Italy
In the Heat of the Night,Norman Jewison,1967,Crime,0 days 01:49:00,Coolidge Corner Theatre,2025-02-09,2:00 PM,Sunday,1715414,English,United States
"Voyages through Earth, Sea and Space",Georges Méliès,1896,Documentary,0 days 01:00:00,Harvard Film Archive,2025-02-09,3:00 PM,Sunday,,,
Unforgiven,Clint Eastwood,1992,Western,0 days 02:10:00,Somerville Theatre,2025-02-09,4:00 PM,Sunday,133574,English,United States
Twin Peaks: Fire Walk with Me,David Lynch,1992,Drama,0 days 02:15:00,The Brattle,2025-02-09,"4:30 PM, 7:30 PM",Sunday,245515,English,France
Delphine’s Prayers,Rosine Mbakam,2021,Documentary,0 days 01:30:00,Harvard Film Archive,2025-02-09,7:00 PM,Sunday,,,
The Double,Richard Ayoade,2014,Thriller,0 days 01:33:00,The Brattle,2025-02-10,"5:00 PM, 9:00 PM",Monday,35976870,English,United Kingdom
Enemy,Denis Villeneuve,2014,Thriller,0 days 01:31:00,The Brattle,2025-02-10,7:00 PM,Monday,38850565,English,Canada
The Garden That Tilts,Guy Gilles,1975,Drama,0 days 01:30:00,Harvard Film Archive,2025-02-10,7:30 PM,Monday,23181860,French,France
Mädchen in Uniform,"Leontine Sagan, Carl Froelich",1931,Drama,0 days 01:28:00,The Brattle,2025-02-11,6:00 PM,Tuesday,1245942,German,Weimar Republic
The Killing of a Sacred Deer,Yorgos Lanthimos,2017,Drama,0 days 02:01:00,The Brattle,2025-02-11,8:30 PM,Tuesday,51436403,English,Ireland
High Life,Claire Denis,2018,SciFi,0 days 01:53:00,The Brattle,2025-02-12,"4:00 PM, 8:45 PM",Wednesday,54459964,English,France
Under the Skin,Jonathan Glazer,2014,Thriller,0 days 01:48:00,The Brattle,2025-02-12,6:30 PM,Wednesday,39502001,English,United Kingdom
Girl Talk,Lucia Small,2022,Documentary,0 days 01:31:00,West Newton Cinema,2025-02-12,6:30 PM,Wednesday,48613108,English,United Kingdom
An Affair to Remember,Leo McCarey,1957,Drama,0 days 01:51:00,Coolidge Corner Theatre,2025-02-12,7:00 PM,Wednesday,884742,English,United States
Casablanca,Michael Curtiz,1943,Drama,0 days 01:42:00,The Brattle,2025-02-13,"4:00 PM, 7:00 PM",Thursday,57585,English,United States
Notting Hill,Roger Michell,1999,Romance,0 days 02:04:00,Coolidge Corner Theatre,2025-02-13,7:00 PM,Thursday,204019,English,United Kingdom
Pepe,Nelson Carlos de los Santos Arias,2025,Drama,0 days 02:02:00,Harvard Film Archive,2025-02-13,7:00 PM,Thursday,,,
Barb & Star Go to Vista Del Mar,Josh Greenbaum,2021,Comedy,0 days 01:47:00,Coolidge Corner Theatre,2025-02-13,9:30 PM,Thursday,61290901,English,United States
The Princess Bride,Rob Reiner,1987,Adventure,0 days 01:39:00,The Brattle,2025-02-13,10:00 PM,Thursday,31153,English,United States
Casablanca,Michael Curtiz,1943,Drama,0 days 01:42:00,The Brattle,2025-02-14,"4:00 PM, 7:00 PM",Friday,57585,English,United States
Singles,Cameron Crowe,1992,Comedy,0 days 01:39:00,West Newton Cinema,2025-02-14,6:30 PM,Friday,577663,English,United States
Cocote,Nelson Carlos de los Santos Arias,2017,Drama,0 days 01:46:00,Harvard Film Archive,2025-02-14,7:30 PM,Friday,58474254,Spanish,Dominican Republic
The Princess Bride,Rob Reiner,1987,Adventure,0 days 01:39:00,The Brattle,2025-02-14,10:00 PM,Friday,31153,English,United States
Romeo Must Die,Andrzej Bartkowiak,2000,Action,0 days 01:55:00,Coolidge Corner Theatre,2025-02-14,11:59 PM,Friday,1047463,English,United States
The Bugs Bunny Film Festival,Various,1950,Animation,0 days 01:20:00,The Brattle,2025-02-15,"11:00 AM, 1:00 PM, 3:00 PM, 5:00 PM, 7:00 PM",Saturday,5055292,English,United States
"Jeanne Dielman, 23, quai du Commerce, 1080 Bruxelles",Chantal Akerman,1976,Drama,0 days 03:22:00,Harvard Film Archive,2025-02-15,6:00 PM,Saturday,13889076,French,Belgium
Crash,David Cronenberg,1996,Drama,0 days 01:40:00,The Brattle,2025-02-15,9:00 PM,Saturday,2077360,English,Canada
Enter the Dragon,Robert Clouse,1973,Action,0 days 01:42:00,Coolidge Corner Theatre,2025-02-15,11:59 PM,Saturday,10193,English,Hong Kong
Glory,Edward Zwick,1989,Drama,0 days 02:02:00,Coolidge Corner Theatre,2025-02-16,2:00 PM,Sunday,509676,English,United States
Donkey Skin,Jacques Demy,1970,Fantasy,0 days 01:30:00,Harvard Film Archive,2025-02-16,3:00 PM,Sunday,3071676,French,France
Labor News No. 1 / melting icecream,"Labor News Production, Hong Jin-hwon",1989,Documentary,0 days 02:23:00,Harvard Film Archive,2025-02-16,7:00 PM,Sunday,,,
Crash,David Cronenberg,1996,Drama,0 days 01:40:00,The Brattle,2025-02-16,9:00 PM,Sunday,2077360,English,Canada
Boston Sci-Fi Film Festival Marathon,Various,2025,SciFi,1 days 00:00:00,Somerville Theatre,2025-02-16,12:00 PM,Sunday,,,
Little Women,Greta Gerwig,2019,Drama,0 days 02:15:00,Wang Theatre,2025-02-16,1:00 PM,Sunday,57793159,English,United States
Glory,Edward Zwick,1989,Drama,0 days 02:02:00,Wang Theatre,2025-02-16,7:00 PM,Sunday,509676,English,United States
Muppet Treasure Island,Brian Henson,1996,Comedy,0 days 01:40:00,Coolidge Corner Theatre,2025-02-17,1:00 PM,Monday,1458752,English,United States
The Boy and the Heron,Hayao Miyazaki,2023,Animation,0 days 02:04:00,The Brattle,2025-02-17,6:00 PM,Monday,56741338,Japanese,Japan
Point Break,Kathryn Bigelow,1991,Action,0 days 02:02:00,Coolidge Corner Theatre,2025-02-17,7:00 PM,Monday,483274,English,United States
The Wizard of Oz,Victor Fleming,1939,Adventure,0 days 01:42:00,Wang Theatre,2025-02-17,7:00 PM,Monday,561315,English,United States
Fantastic Mr. Fox,Wes Anderson,2009,Adventure,0 days 01:27:00,Coolidge Corner Theatre,2025-02-18,4:00 PM,Tuesday,3112909,English,United Kingdom
Victor and Victoria,Reinhold Schünzel,1933,Music,0 days 01:39:00,The Brattle,2025-02-18,6:00 PM,Tuesday,3478065,German,Germany
Holiday,George Cukor,1938,Comedy,0 days 01:37:00,Coolidge Corner Theatre,2025-02-18,7:00 PM,Tuesday,4070671,English,United States
The Incredibles,Brad Bird,2004,Action,0 days 01:55:00,Coolidge Corner Theatre,2025-02-19,4:00 PM,Wednesday,565879,English,United States
Judas and the Black Messiah,Shaka King,2021,Drama,0 days 02:06:00,Coolidge Corner Theatre,2025-02-19,7:00 PM,Wednesday,62113200,English,United States
The Return,Uberto Pasolini,2024,History,0 days 01:56:00,The Brattle,2025-02-19,8:00 PM,Wednesday,73050420,English,Italy
The Parent Trap,Nancy Meyers,1998,Comedy,0 days 02:08:00,Coolidge Corner Theatre,2025-02-20,1:00 PM,Thursday,2236329,English,United States
The Fall,Tarsem,2008,Adventure,0 days 01:57:00,The Brattle,2025-02-21,6:00 PM,Friday,27941350,English,United States
Two Years at Sea,Ben Rivers,2011,Documentary,0 days 01:28:00,Harvard Film Archive,2025-02-21,7:00 PM,Friday,,,
The Cell,Tarsem Singh,2000,Horror,0 days 01:47:00,The Brattle,2025-02-21,8:30 PM,Friday,666948,English,United States
Golden Eighties,Chantal Akerman,1986,Music,0 days 01:36:00,Harvard Film Archive,2025-02-21,9:30 PM,Friday,64325894,French,Belgium
Rumble in the Bronx,Stanley Tong,1995,Crime,0 days 01:46:00,Coolidge Corner Theatre,2025-02-21,11:59 PM,Friday,165990,Cantonese,Hong Kong
Punch-Drunk Love / Ali: Fear Eats the Soul,"Paul Thomas Anderson,  Rainer Werner Fassbinder",1974,Drama,0 days 03:08:00,Harvard Film Archive,2025-02-22,2:00 PM,Saturday,,,
The Cell,Tarsem Singh,2000,Horror,0 days 01:47:00,The Brattle,2025-02-22,"4:00 PM, 8:45 PM",Saturday,666948,English,United States
The Fall,Tarsem,2008,Adventure,0 days 01:57:00,The Brattle,2025-02-22,6:15 PM,Saturday,27941350,English,United States
Eephus,Carson Lund,2025,Drama,0 days 01:38:00,Harvard Film Archive,2025-02-22,7:00 PM,Saturday,445172,English,France
Rush Hour,Brett Ratner,1998,Action,0 days 01:37:00,Coolidge Corner Theatre,2025-02-22,11:59 PM,Saturday,489800,English,United States
Sherlock Jr.,Buster Keaton,1924,Action,0 days 00:45:00,Somerville Theatre,2025-02-23,2:00 PM,Sunday,76346,Silent,United States
Sister Act,Emile Ardolino,1992,Music,0 days 01:40:00,Coolidge Corner Theatre,2025-02-23,2:00 PM,Sunday,920468,English,United States
Hear Her With Your Eyes,Ting Chi-wen,2023,Drama,0 days 00:25:00,Museum of Fine Arts,2025-02-23,2:30 PM,Sunday,9979,English,United Kingdom
Hatari!,Howard Hawks,1962,Adventure,0 days 02:37:00,Harvard Film Archive,2025-02-23,3:00 PM,Sunday,1955767,English,United States
The Fall,Tarsem,2008,Adventure,0 days 01:57:00,The Brattle,2025-02-23,6:00 PM,Sunday,27941350,English,United States
Be Pretty and Shut Up!,Delphine Seyrig,1981,Documentary,0 days 01:51:00,Harvard Film Archive,2025-02-23,7:00 PM,Sunday,454223,English,United States
The Cell,Tarsem Singh,2000,Horror,0 days 01:47:00,The Brattle,2025-02-23,8:30 PM,Sunday,666948,English,United States
This Woman,Alan Zhang,2023,Documentary,0 days 01:30:00,Museum of Fine Arts,2025-02-23,2:30 PM,Sunday,56077935,Silent,United States
RPM Fest Presents Mountains Meet the Sea: Kathy Rugh,Kathy Rugh,2007,Documentary,0 days 01:07:00,The Brattle,2025-02-23,4:00 PM,Sunday,,,
X-Men: First Class,Matthew Vaughn,2011,Action,0 days 02:12:00,Coolidge Corner Theatre,2025-02-24,7:00 PM,Monday,28648635,English,United States
Collective Monologue,Jessica Sarah Rinland,2024,Documentary,0 days 01:44:00,Harvard Film Archive,2025-02-24,7:00 PM,Monday,,,
Sherlock Jr.,Buster Keaton,1924,Action,0 days 00:45:00,Somerville Theatre,2025-02-24,7:30 PM,Monday,76346,Silent,United States
Blue Velvet,David Lynch,1986,Mystery,0 days 02:00:00,The Brattle,2025-02-24,8:30 PM,Monday,3947,English,United States
"It Is Not the Homosexual Who Is Perverse, But the Society in Which He Lives",Rosa von Praunheim,1971,Drama,0 days 01:07:00,The Brattle,2025-02-25,6:00 PM,Tuesday,25326806,German,West Germany
Notorious,Alfred Hitchcock,1946,Thriller,0 days 01:43:00,Coolidge Corner Theatre,2025-02-25,7:00 PM,Tuesday,255198,English,United States
Blue Velvet,David Lynch,1986,Mystery,0 days 02:00:00,The Brattle,2025-02-25,8:30 PM,Tuesday,3947,English,United States
Tangerine,Sean Baker,2015,Comedy,0 days 01:27:00,Coolidge Corner Theatre,2025-02-26,7:00 PM,Wednesday,45254449,English,United States
Blue Velvet,David Lynch,1986,Mystery,0 days 02:00:00,The Brattle,2025-02-26,6:00 PM,Wednesday,3947,English,United States
Mulholland Drive,David Lynch,2001,Thriller,0 days 02:27:00,The Brattle,2025-02-26,8:45 PM,Wednesday,20786,,
Porcelain War,"Slava Leontyev, Brendan Bellomo",2024,Documentary,0 days 01:27:00,Museum of Fine Arts,2025-02-27,7:00 PM,Thursday,75931881,Ukrainian,United States
Buck and the Preacher,Sidney Poitier,1972,Action,0 days 01:42:00,Coolidge Corner Theatre,2025-02-27,7:00 PM,Thursday,18764211,English,United States
Mulholland Drive,David Lynch,2001,Thriller,0 days 02:27:00,The Brattle,2025-02-27,"6:00 PM, 9:00 PM",Thursday,20786,,
Anora,Sean Baker,2024,Romance,0 days 02:19:00,Museum of Fine Arts,2025-02-28,7:00 PM,Friday,75146745,English,United States
Eraserhead,David Lynch,1978,Horror,0 days 01:29:00,Harvard Film Archive,2025-02-28,7:00 PM,Friday,36814246,English,United States
Eastern Condors,Sammo Hung Kam-Bo,1987,Action,0 days 01:37:00,Coolidge Corner Theatre,2025-02-28,11:59 PM,Friday,12085775,Cantonese,United Kingdom
One Flew Over the Cuckoo's Nest,Miloš Forman,1975,Drama,0 days 02:13:00,The Brattle,2025-02-28,6:00 PM,Friday,21913863,English,United States
The Silence of the Lambs,Jonathan Demme,1991,Crime,0 days 01:59:00,The Brattle,2025-02-28,9:00 PM,Friday,30006,English,United States
It Happened One Night,Frank Capra,1934,Comedy,0 days 01:45:00,The Brattle,2025-03-01,12:30 PM,Saturday,44696,English,United States
Titicut Follies,Frederick Wiseman,1967,Documentary,0 days 01:24:00,Museum of Fine Arts,2025-03-01,1:30 PM,Saturday,1195757,English,United States
One Flew Over the Cuckoo's Nest,Miloš Forman,1975,Drama,0 days 02:13:00,The Brattle,2025-03-01,"3:00 PM, 6:00 PM",Saturday,21913863,English,United States
Twin Peaks: Fire Walk with Me,David Lynch,1992,Drama,0 days 02:15:00,Harvard Film Archive,2025-03-01,7:00 PM,Saturday,245515,English,France
Shock Waves,Ken Wiederhorn,1977,Horror,0 days 01:25:00,Somerville Theatre,2025-03-01,8:00 PM,Saturday,3084973,English,United States
The Silence of the Lambs,Jonathan Demme,1991,Crime,0 days 01:59:00,The Brattle,2025-03-01,9:00 PM,Saturday,30006,English,United States
The Funhouse,Tobe Hooper,1981,Horror,0 days 01:36:00,Somerville Theatre,2025-03-01,10:00 PM,Saturday,4343543,English,United States
Alligator,Lewis Teague,1980,Horror,0 days 01:31:00,Somerville Theatre,2025-03-01,11:59 PM,Saturday,4946798,English,United States
The Silence of the Lambs,Jonathan Demme,1991,Crime,0 days 01:59:00,The Brattle,2025-03-02,12:00 PM,Sunday,30006,English,United States
Aloïse,Liliane de Kermadec,1975,Drama,0 days 01:55:00,Harvard Film Archive,2025-03-02,3:00 PM,Sunday,22586634,French,France
It Happened One Night,Frank Capra,1934,Comedy,0 days 01:45:00,The Brattle,2025-03-02,3:00 PM,Sunday,44696,English,United States
Dorian Gray in the Mirror of the Yellow Press,Ulrike Ottinger,1984,Drama,0 days 02:30:00,Harvard Film Archive,2025-03-02,7:00 PM,Sunday,,,
Hospital,Frederick Wiseman,1970,Documentary,0 days 01:24:00,The Brattle,2025-03-03,6:00 PM,Monday,74376,,United States
Dahomey,Mati Diop,2024,Documentary,0 days 01:08:00,Harvard Film Archive,2025-03-03,7:00 PM,Monday,75935839,French,France
Essene,Frederick Wiseman,1972,Documentary,0 days 01:26:00,The Brattle,2025-03-03,8:00 PM,Monday,,,
The Bitter Tears of Petra von Kant,Rainer Werner Fassbinder,1972,Drama,0 days 02:04:00,The Brattle,2025-03-04,6:00 PM,Tuesday,844325,German,West Germany
Flow,Gints Zilbalodis,2024,Animation,0 days 01:25:00,Museum of Fine Arts,2025-03-06,7:00 PM,Thursday,76884533,,Latvia
The Girl with the Needle,Magnus von Horn,2024,Drama,0 days 02:03:00,Museum of Fine Arts,2025-03-07,7:00 PM,Friday,76585133,Danish,Denmark
The Death of Louis XIV,Albert Serra,2016,Drama,0 days 01:55:00,Harvard Film Archive,2025-03-07,7:00 PM,Friday,51708937,French,France
Liberté,Albert Serra,2019,Drama,0 days 02:12:00,Harvard Film Archive,2025-03-07,9:15 PM,Friday,60531704,French,France
Beau travail / Brief Encounter,"Claire Denis, David Lean",1945,Drama,0 days 03:00:00,Harvard Film Archive,2025-03-08,2:00 PM,Saturday,,,
Bogancloch,Ben Rivers,2024,Documentary,0 days 01:25:00,Harvard Film Archive,2025-03-08,7:00 PM,Saturday,77506270,English,United Kingdom
Spirited Away,Hayao Miyazaki,2001,Animation,0 days 02:05:00,Museum of Fine Arts,2025-03-09,2:30 PM,Sunday,70091,Japanese,Japan
Edvard Munch,Peter Watkins,1974,TVMovie,0 days 03:30:00,Harvard Film Archive,2025-03-09,7:00 PM,Sunday,828348,Norwegian,Norway
"Now, at Last!",Ben Rivers,2018,Documentary,0 days 00:38:00,Harvard Film Archive,2025-03-10,7:00 PM,Monday,55462445,Russian,Russia
Kubo and the Two Strings,Travis Knight,2016,Animation,0 days 01:42:00,Museum of Fine Arts,2025-03-14,7:00 PM,Friday,45062970,English,United States
National Gallery,Frederick Wiseman,2014,Documentary,0 days 03:00:00,Museum of Fine Arts,2025-03-15,1:30 PM,Saturday,77252576,English,France
Eephus,Carson Lund,2025,Drama,0 days 01:38:00,Somerville Theatre,2025-03-15,7:30 PM,Saturday,445172,English,France
Aimée & Jaguar,Max Färberböck,1999,Drama,0 days 02:05:00,The Brattle,2025-03-25,6:00 PM,Tuesday,451791,German,Germany
Mulholland Drive,David Lynch,2001,Thriller,0 days 02:27:00,Coolidge Corner Theatre,2025-03-25,7:00 PM,Tuesday,20786,,
Divine Madness,Michael Ritchie,1980,Documentary,0 days 01:35:00,Somerville Theatre,2025-03-25,7:30 PM,Tuesday,5028682,English,United States
Dead Ringers,David Cronenberg,1988,Thriller,0 days 01:55:00,The Brattle,2025-03-25,9:00 PM,Tuesday,826482,English,Canada
Taxi Driver,Martin Scorsese,1976,Crime,0 days 01:54:00,The Brattle,2025-03-26,6:00 PM,Wednesday,30000,English,United States
Suspiria,Dario Argento,1977,Horror,0 days 01:39:00,The Brattle,2025-03-26,8:30 PM,Wednesday,347000,English,Italy
Amazing Grace,Alan Elliott,2018,Music,0 days 01:27:00,Somerville Theatre,2025-03-27,7:30 PM,Thursday,60361320,English,United States
Dead Men Don't Wear Plaid,Carl Reiner,1982,Comedy,0 days 01:29:00,The Brattle,2025-03-28,3:30 PM,Friday,103088,English,United States
GoodFellas,Martin Scorsese,1990,Drama,0 days 02:25:00,Coolidge Corner Theatre,2025-03-28,6:00 PM,Friday,64394,English,United States
The Annihilation of Fish,Charles Burnett,1999,Drama,0 days 01:48:00,The Brattle,2025-03-28,6:00 PM,Friday,54459135,English,United States
Pacifiction,Albert Serra,2022,Drama,0 days 02:46:00,Harvard Film Archive,2025-03-28,7:00 PM,Friday,72236843,French,France
Female Perversions,Susan Streitfeld,1997,Drama,0 days 01:59:00,The Brattle,2025-03-28,8:30 PM,Friday,30306989,English,United States
Heat,Michael Mann,1995,Crime,0 days 02:50:00,Coolidge Corner Theatre,2025-03-28,9:45 PM,Friday,43566,English,United States
Outbreak,Wolfgang Petersen,1995,Action,0 days 02:07:00,Coolidge Corner Theatre,2025-03-28,11:59 PM,Friday,733927,English,United States
The Annihilation of Fish,Charles Burnett,1999,Drama,0 days 01:48:00,The Brattle,2025-03-29,"1:00 PM, 3:30 PM, 6:00 PM",Saturday,54459135,English,United States
The Verdict,Sidney Lumet,1982,Drama,0 days 02:09:00,Coolidge Corner Theatre,2025-03-29,3:00 PM,Saturday,106359,English,United States
Good Will Hunting,Gus Van Sant,1997,Drama,0 days 02:07:00,Coolidge Corner Theatre,2025-03-29,6:30 PM,Saturday,142456,English,United States
Story of My Death,Albert Serra,2013,History,0 days 02:28:00,Harvard Film Archive,2025-03-29,7:00 PM,Saturday,41706742,Catalan,Spain
Go Fish,Rose Troche,1994,Drama,0 days 01:23:00,The Brattle,2025-03-29,8:30 PM,Saturday,6721185,English,United States
The Town,Ben Affleck,2010,Crime,0 days 02:05:00,Coolidge Corner Theatre,2025-03-29,9:45 PM,Saturday,24228929,English,United States
Planet of the Apes,Tim Burton,2001,Thriller,0 days 02:00:00,Coolidge Corner Theatre,2025-03-29,11:59 PM,Saturday,20181491,English,United States
Joy of Sex,Martha Coolidge,1984,Comedy,0 days 01:33:00,The Brattle,2025-03-30,12:30 PM,Sunday,24668194,English,United States
Stand by Me,Rob Reiner,1986,Crime,0 days 01:29:00,West Newton Cinema,2025-03-30,12:30 PM,Sunday,87983,English,United States
Address Unknown,William Cameron Menzies,1944,Drama,0 days 01:15:00,Coolidge Corner Theatre,2025-03-30,2:00 PM,Sunday,20760084,English,United States
The Friends of Eddie Coyle,Peter Yates,1973,Crime,0 days 01:42:00,Coolidge Corner Theatre,2025-03-30,2:00 PM,Sunday,3213322,English,United States
The Annihilation of Fish,Charles Burnett,1999,Drama,0 days 01:48:00,The Brattle,2025-03-30,"3:00 PM, 5:30 PM, 8:00 PM",Sunday,54459135,English,United States
Spotlight,Tom McCarthy,2015,Drama,0 days 02:09:00,Coolidge Corner Theatre,2025-03-30,4:00 PM,Sunday,43842546,English,United States
The Departed,Martin Scorsese,2006,Drama,0 days 02:31:00,Coolidge Corner Theatre,2025-03-30,7:30 PM,Sunday,1349086,English,United States
Model,Frederick Wiseman,1981,Documentary,0 days 02:09:00,The Brattle,2025-03-31,6:00 PM,Monday,81559609,English,United States
Afternoons of Solitude,Albert Serra,2025,Documentary,0 days 02:05:00,Harvard Film Archive,2025-03-31,7:00 PM,Monday,77946692,Spanish,Spain
Valley Girl,Martha Coolidge,1983,Comedy,0 days 01:39:00,Coolidge Corner Theatre,2025-03-31,7:00 PM,Monday,2406870,English,United States
The French Connection,William Friedkin,1971,Action,0 days 01:44:00,Coolidge Corner Theatre,2025-04-01,7:00 PM,Tuesday,99463,English,United States
The Big Lebowski,"Joel Coen, Ethan Coen",1998,Comedy,0 days 01:57:00,Somerville Theatre,2025-04-01,7:30 PM,Tuesday,29782,English,United States
High School,Frederick Wiseman,1969,Documentary,0 days 01:15:00,Coolidge Corner Theatre,2025-04-01,7:30 PM,Tuesday,,,
The Store,Frederick Wiseman,1983,Documentary,0 days 01:58:00,Somerville Theatre,2025-04-03,7:00 PM,Thursday,82587910,,
Youth (Spring),Wang Bing,2023,Documentary,0 days 03:32:00,Harvard Film Archive,2025-04-04,6:00 PM,Friday,73803574,Mandarin,China
Virtuosity,Brett Leonard,1995,Action,0 days 01:46:00,Coolidge Corner Theatre,2025-04-04,11:59 PM,Friday,234731,English,United States
La Jetée / In the Mood for Love,"Chris Marker, Wong Kar-wai",1962,Drama,0 days 02:06:00,Harvard Film Archive,2025-04-05,2:00 PM,Saturday,,,
Youth (Hard Times),Wang Bing,2024,Documentary,0 days 03:47:00,Harvard Film Archive,2025-04-05,6:00 PM,Saturday,77326698,Mandarin,China
American Gangster,Ridley Scott,2007,Drama,0 days 02:37:00,Coolidge Corner Theatre,2025-04-05,11:30 PM,Saturday,5017604,English,United States
Princess Mononoke,Hayao Miyazaki,1997,Adventure,0 days 02:14:00,Somerville Theatre,2025-04-05,11:59 PM,Saturday,24653,Japanese,Japan
The Conversation,Francis Ford Coppola,1974,Crime,0 days 01:53:00,Coolidge Corner Theatre,2025-04-06,2:00 PM,Sunday,66853,English,United States
It's the Old Army Game,A. Edward Sutherland,1926,Comedy,0 days 01:16:00,Somerville Theatre,2025-04-06,2:00 PM,Sunday,33839298,Silent,United States
"RPM Presents: Time, a Substance: Janie Geiser",Janie Geiser,2020,Documentary,0 days 01:07:00,The Brattle,2025-04-06,2:00 PM,Sunday,,,
Youth (Homecoming),Wang Bing,2024,Documentary,0 days 02:32:00,Harvard Film Archive,2025-04-06,2:00 PM,Sunday,77424164,Mandarin,China
Dahomey,Mati Diop,2024,Documentary,0 days 01:08:00,Harvard Film Archive,2025-04-06,7:00 PM,Sunday,75935839,French,France
Harakiri,Masaki Kobayashi,1962,Action,0 days 02:15:00,Harvard Film Archive,2025-04-07,7:00 PM,Monday,3137571,Japanese,Japan
Brief Encounter,David Lean,1945,Drama,0 days 01:26:00,Coolidge Corner Theatre,2025-04-07,7:15 PM,Monday,70508,English,United Kingdom
Racetrack,Frederick Wiseman,1985,Documentary,0 days 01:54:00,Somerville Theatre,2025-04-08,7:00 PM,Tuesday,,,
Hoosiers,David Anspaugh,1986,Drama,0 days 01:54:00,Coolidge Corner Theatre,2025-04-08,7:00 PM,Tuesday,74375,English,United States
I'm Not There,Todd Haynes,2007,Drama,0 days 02:15:00,Coolidge Corner Theatre,2025-04-09,7:00 PM,Wednesday,5388717,English,Germany
A Serious Man,"Ethan Coen, Joel Coen",2009,Comedy,0 days 01:46:00,West Newton Cinema,2025-04-10,6:30 PM,Thursday,19226290,English,United States
Menus-Plaisirs - Les Troisgros,Frederick Wiseman,2023,Documentary,0 days 04:00:00,Coolidge Corner Theatre,2025-04-10,7:00 PM,Thursday,76603481,French,France
Singin' in the Rain,"Stanley Donen, Gene Kelly",1952,Comedy,0 days 01:43:00,Coolidge Corner Theatre,2025-04-10,7:15 PM,Thursday,1883157,English,United States
"Prewar and Wartime Animation, Part One",Various,1931,Animation,0 days 01:11:00,Harvard Film Archive,2025-04-11,7:00 PM,Friday,,,
Tangerine,Sean Baker,2015,Comedy,0 days 01:27:00,West Newton Cinema,2025-04-11,7:00 PM,Friday,45254449,English,United States
To the Japs: South Korean A-Bomb Survivors Speak Out,NDU,1971,Documentary,0 days 00:52:00,Harvard Film Archive,2025-04-11,9:00 PM,Friday,,,
Fallen,Gregory Hoblit,1998,Crime,0 days 02:04:00,Coolidge Corner Theatre,2025-04-11,11:59 PM,Friday,1151458,English,United States
Sea Palace / The Sea Demon on Land,Masaoka Kenzo and Igayama Masamitsu,1930,Animation,0 days 01:02:00,Harvard Film Archive,2025-04-12,7:00 PM,Saturday,,,
Afternoons of Solitude,Albert Serra,2025,Documentary,0 days 02:05:00,Harvard Film Archive,2025-04-12,9:00 PM,Saturday,77946692,Spanish,Spain
The Nice Guys,Shane Black,2016,Comedy,0 days 01:56:00,Coolidge Corner Theatre,2025-04-12,11:59 PM,Saturday,43846431,English,United States
Game Changers,Aysun Bademsoy,2024,Documentary,0 days 01:26:00,Coolidge Corner Theatre,2025-04-13,11:00 AM,Sunday,69482732,Telugu,India
Night Moves,Arthur Penn,1975,Crime,0 days 01:40:00,Coolidge Corner Theatre,2025-04-13,2:00 PM,Sunday,1665824,English,United States
Underground and in the Air: Musical Experiments in Yugoslavia,Various,1962,Music,0 days 01:19:00,Harvard Film Archive,2025-04-13,3:00 PM,Sunday,,,
Alpe-Adria Underground!,,,,,,2025-04-13,,Sunday,,,
Subject to Review,Theo Anthony,2019,Documentary,0 days 00:37:00,Harvard Film Archive,2025-04-14,7:00 PM,Monday,58984621,English,United Kingdom
Shakespeare in Love,John Madden,1998,Romance,0 days 02:03:00,Coolidge Corner Theatre,2025-04-14,7:00 PM,Monday,88075,English,United States
Aspen,Frederick Wiseman,1991,Documentary,0 days 02:26:00,Somerville Theatre,2025-04-15,7:00 PM,Tuesday,,,
Mississippi Burning,Alan Parker,1988,Drama,0 days 02:08:00,Coolidge Corner Theatre,2025-04-15,7:00 PM,Tuesday,129410,English,United States
Scarface,Brian De Palma,1983,Action,0 days 02:49:00,Coolidge Corner Theatre,2025-04-28,7:00 PM,Monday,267848,English,United States
Asia is One,NDU,1973,Documentary,0 days 01:36:00,Harvard Film Archive,2025-04-28,7:00 PM,Monday,2150352,Hindi,India
Megalopolis,Francis Ford Coppola,2024,SciFi,0 days 02:18:00,Coolidge Corner Theatre,2025-04-28,7:00 PM,Monday,68613611,English,United States
Megalopolis,Francis Ford Coppola,2024,SciFi,0 days 02:18:00,Coolidge Corner Theatre,2025-04-29,2:00 PM,Tuesday,68613611,English,United States
The Royal Tenenbaums,Wes Anderson,2001,Comedy,0 days 01:50:00,Coolidge Corner Theatre,2025-04-29,7:00 PM,Tuesday,223268,English,United States
Phenomena,Dario Argento,1985,Horror,0 days 01:50:00,The Brattle,2025-04-30,6:00 PM,Wednesday,3999301,English,Italy
Scarecrow,Jerry Schatzberg,1973,Drama,0 days 01:52:00,Somerville Theatre,2025-04-30,7:30 PM,Wednesday,2232039,English,United States
Tenebre,Dario Argento,1982,Thriller,0 days 01:41:00,The Brattle,2025-04-30,8:30 PM,Wednesday,4011202,,Italy
Absolute Power,Clint Eastwood,1997,Crime,0 days 02:01:00,Somerville Theatre,2025-04-30,9:40 PM,Wednesday,3123893,English,United States
The Wicker Man,Robin Hardy,1973,Horror,0 days 01:28:00,The Brattle,2025-05-01,6:00 PM,Thursday,42313,English,United Kingdom
Nine to Five,Colin Higgins,1980,Comedy,0 days 01:50:00,Coolidge Corner Theatre,2025-05-01,7:00 PM,Thursday,582398,English,United States
Pineapple Express,David Gordon Green,2008,Action,0 days 01:51:00,Somerville Theatre,2025-05-01,7:30 PM,Thursday,9264341,English,United States
Chungking Express,Wong Kar-wai,1994,Drama,0 days 01:43:00,The Brattle,2025-05-01,8:30 PM,Thursday,213471,Cantonese,Hong Kong
Midsommar,Ari Aster,2019,Horror,0 days 02:27:00,Coolidge Corner Theatre,2025-05-01,9:30 PM,Thursday,58032225,English,United States
Donnie Darko,Richard Kelly,2001,Fantasy,0 days 01:54:00,The Brattle,2025-05-02,8:30 PM,Friday,57820,English,United States
Sorcerer,William Friedkin,1977,Thriller,0 days 02:01:00,Coolidge Corner Theatre,2025-05-02,11:59 PM,Friday,447139,English,United States
Donnie Darko,Richard Kelly,2001,Fantasy,0 days 01:54:00,The Brattle,2025-05-03,8:30 PM,Saturday,57820,English,United States
Kamikaze 1989,Wolf Gremm,1982,SciFi,0 days 01:46:00,Coolidge Corner Theatre,2025-05-03,11:59 PM,Saturday,23095277,German,West Germany
The Lord of the Rings Trilogy,Peter Jackson,2001,Fantasy,0 days 12:45:00,Coolidge Corner Theatre,2025-05-04,11:00 AM,Sunday,,,
Donnie Darko,Richard Kelly,2001,Fantasy,0 days 01:54:00,The Brattle,2025-05-04,9:00 PM,Sunday,57820,English,United States
Youth (Spring),Wang Bing,2023,Documentary,0 days 03:32:00,Harvard Film Archive,2025-05-05,6:00 PM,Monday,73803574,Mandarin,China
Daisies,Věra Chytilová,1966,Comedy,0 days 01:16:00,Coolidge Corner Theatre,2025-05-05,7:00 PM,Monday,10163440,Czech,Czechoslovakia
Real Genius,Martha Coolidge,1985,Comedy,0 days 01:46:00,The Brattle,2025-05-06,"4:15 PM, 8:30 PM",Tuesday,483745,English,United States
Top Secret!,"Jim Abrahams, David Zucker, Jerry Zucker",1984,Comedy,0 days 01:30:00,The Brattle,2025-05-06,6:30 PM,Tuesday,983849,English,United States
Summertime,David Lean,1955,Drama,0 days 01:40:00,Coolidge Corner Theatre,2025-05-06,7:00 PM,Tuesday,190393,English,United States
Boxing Gym,Frederick Wiseman,2010,Documentary,0 days 01:31:00,Somerville Theatre,2025-05-06,7:00 PM,Tuesday,56456888,English,United States
Millennium Actress,Satoshi Kon,2002,Animation,0 days 01:27:00,Coolidge Corner Theatre,2025-05-07,7:00 PM,Wednesday,829780,Japanese,Japan
Raiders of the Lost Ark,Steven Spielberg,1981,Adventure,0 days 01:55:00,Somerville Theatre,2025-05-07,7:30 PM,Wednesday,54166,English,United States
Real Genius,Martha Coolidge,1985,Comedy,0 days 01:46:00,The Brattle,2025-05-07,8:00 PM,Wednesday,483745,English,United States
Buena Vista Social Club,Wim Wenders,1999,Documentary,0 days 01:45:00,Coolidge Corner Theatre,2025-05-08,7:00 PM,Thursday,267633,English,Germany
A Woman Is a Woman,Jean-Luc Godard,1961,Comedy,0 days 01:23:00,The Brattle,2025-05-09,"5:30 PM, 7:30 PM, 9:30 PM",Friday,1644858,French,France
Document of Collision: The Whiplashed Ones (Dokyumento Rinka: Muchiutareru Mono),Ko Hiroh,1969,Documentary,0 days 01:07:00,Harvard Film Archive,2025-05-09,6:00 PM,Friday,,,
All About My Mother,Pedro Almodóvar,1999,Comedy,0 days 01:41:00,Harvard Film Archive,2025-05-09,9:00 PM,Friday,61664,Spanish,Spain
Risky Business,Paul Brickman,1983,Romance,0 days 01:38:00,Coolidge Corner Theatre,2025-05-09,11:59 PM,Friday,561226,English,United States
The Namesake,Mira Nair,2006,Drama,0 days 02:02:00,The Brattle,2025-05-10,1:00 PM,Saturday,2973132,English,United States
A Woman Is a Woman,Jean-Luc Godard,1961,Comedy,0 days 01:23:00,The Brattle,2025-05-10,"5:00 PM, 7:00 PM, 9:00 PM",Saturday,1644858,French,France
News from Home,Chantal Akerman,1977,Documentary,0 days 01:29:00,Harvard Film Archive,2025-05-10,5:00 PM,Saturday,29932707,French,France
Alice Doesn't Live Here Anymore,Martin Scorsese,1974,Romance,0 days 01:52:00,Harvard Film Archive,2025-05-10,7:00 PM,Saturday,225481,English,United States
Mother,Bong Joon Ho,2009,Crime,0 days 02:09:00,Harvard Film Archive,2025-05-10,9:15 PM,Saturday,22833707,Korean,South Korea
Eraserhead,David Lynch,1978,Horror,0 days 01:29:00,Coolidge Corner Theatre,2025-05-10,11:59 PM,Saturday,36814246,English,United States
Legend,Ridley Scott,1985,Adventure,0 days 01:34:00,Coolidge Corner Theatre,2025-05-10,11:59 PM,Saturday,922084,English,United States
The Secret of NIMH,Don Bluth,1982,Family,0 days 01:23:00,The Brattle,2025-05-11,12:30 PM,Sunday,558970,English,United States
The Tale of The Princess Kaguya,Isao Takahata,2013,Animation,0 days 02:17:00,Coolidge Corner Theatre,2025-05-11,1:30 PM,Sunday,37471874,Japanese,Japan
Psycho,Alfred Hitchcock,1960,Horror,0 days 01:49:00,The Brattle,2025-05-11,2:30 PM,Sunday,23880,English,United States
Everything Everywhere All at Once,"Daniel Scheinert, Daniel Kwan",2022,Action,0 days 02:20:00,Museum of Fine Arts,2025-05-11,2:30 PM,Sunday,58342225,English,United States
A Woman Under the Influence,John Cassavetes,1974,Drama,0 days 02:35:00,Harvard Film Archive,2025-05-11,3:00 PM,Sunday,76643,English,United States
A Woman Is a Woman,Jean-Luc Godard,1961,Comedy,0 days 01:23:00,The Brattle,2025-05-11,"5:00 PM, 7:00 PM, 9:00 PM",Sunday,1644858,French,France
Mildred Pierce,Michael Curtiz,1945,Crime,0 days 01:51:00,Harvard Film Archive,2025-05-11,7:00 PM,Sunday,4995581,English,United States
A Woman Is a Woman,Jean-Luc Godard,1961,Comedy,0 days 01:23:00,The Brattle,2025-05-12,"5:00 PM, 7:00 PM, 9:00 PM",Monday,1644858,French,France
Mamma Roma,Pier Paolo Pasolini,1962,Drama,0 days 01:50:00,Harvard Film Archive,2025-05-12,7:00 PM,Monday,3653844,Italian,Italy
2 or 3 Things I Know About Her,Jean-Luc Godard,1967,Comedy,0 days 01:27:00,Coolidge Corner Theatre,2025-05-12,7:00 PM,Monday,1608743,French,France
Indiana Jones and the Last Crusade,Steven Spielberg,1989,Adventure,0 days 02:07:00,Somerville Theatre,2025-05-14,7:30 PM,Wednesday,51888,English,United States
The Big Chill,Lawrence Kasdan,1983,Comedy,0 days 01:45:00,Coolidge Corner Theatre,2025-05-15,7:00 PM,Thursday,545795,English,United States
Vampire Hunter D,Toyoo Ashida,1985,Animation,0 days 01:20:00,Coolidge Corner Theatre,2025-05-15,9:30 PM,Thursday,5162931,Japanese,Japan
Days and Nights in the Forest,Satyajit Ray,1970,Drama,0 days 01:55:00,Harvard Film Archive,2025-05-16,7:00 PM,Friday,2679338,Bengali,India
The Adversary,Satyajit Ray,1970,Drama,0 days 01:50:00,Harvard Film Archive,2025-05-16,9:30 PM,Friday,3384689,Bengali,
The Room,Tommy Wiseau,2003,Drama,0 days 01:39:00,Coolidge Corner Theatre,2025-05-16,11:59 PM,Friday,5443971,English,United States
Miracle Mile,Steve De Jarnatt,1988,Romance,0 days 01:28:00,Coolidge Corner Theatre,2025-05-16,11:59 PM,Friday,936429,English,United States
The Music Room,Satyajit Ray,1958,Drama,0 days 01:40:00,Coolidge Corner Theatre,2025-05-17,7:00 PM,Saturday,2508699,Bengali,India
Charulata,Satyajit Ray,1964,Drama,0 days 01:57:00,Harvard Film Archive,2025-05-17,9:15 PM,Saturday,1773524,Bengali,India
Near Dark,Kathryn Bigelow,1987,Horror,0 days 01:34:00,Coolidge Corner Theatre,2025-05-17,11:59 PM,Saturday,1637470,English,United States
The Glory of Life,"Judith Kaufmann, Georg Maas",2024,Drama,0 days 01:38:00,Coolidge Corner Theatre,2025-05-18,11:00 AM,Sunday,77072322,German,Germany
Weathering with You,Makoto Shinkai,2019,Animation,0 days 01:52:00,Coolidge Corner Theatre,2025-05-18,2:00 PM,Sunday,59385239,Japanese,Japan
Bedknobs and Broomsticks,Robert Stevenson,1971,Adventure,0 days 01:57:00,Somerville Theatre,2025-05-18,2:00 PM,Sunday,357525,English,United States
Days and Nights in the Forest,Satyajit Ray,1970,Drama,0 days 01:55:00,Harvard Film Archive,2025-05-18,3:00 PM,Sunday,2679338,Bengali,India
The Big City,Satyajit Ray,1963,Drama,0 days 02:16:00,Harvard Film Archive,2025-05-18,7:00 PM,Sunday,2509635,Bengali,India
Picnic at Hanging Rock,Peter Weir,1975,Drama,0 days 01:55:00,Coolidge Corner Theatre,2025-05-19,7:00 PM,Monday,5878044,English,Australia
Public Housing,Frederick Wiseman,1997,Documentary,0 days 03:20:00,Somerville Theatre,2025-05-20,6:30 PM,Tuesday,54570979,English,United States
Happy Together,Wong Kar-wai,1997,Drama,0 days 01:36:00,Coolidge Corner Theatre,2025-05-20,7:00 PM,Tuesday,184987,Cantonese,Hong Kong
Belladonna of Sadness,Eiichi Yamamoto,1973,Animation,0 days 01:26:00,Coolidge Corner Theatre,2025-05-21,7:00 PM,Wednesday,9974948,Japanese,Japan
10 Things I Hate About You,Gil Junger,1999,Comedy,0 days 01:37:00,Coolidge Corner Theatre,2025-05-22,7:00 PM,Thursday,398934,English,United States
The Social Network,David Fincher,2010,Drama,0 days 02:01:00,Coolidge Corner Theatre,2025-05-22,7:00 PM,Thursday,24319139,English,United States
Downfall,Oliver Hirschbiegel,2004,Drama,0 days 02:35:00,Somerville Theatre,2025-05-22,7:30 PM,Thursday,993791,German,Germany
Thief,Michael Mann,1981,Crime,0 days 02:03:00,Coolidge Corner Theatre,2025-05-23,11:59 PM,Friday,1330774,English,United States
The Keep,Michael Mann,1983,Horror,0 days 01:36:00,Coolidge Corner Theatre,2025-05-24,11:59 PM,Saturday,1401046,English,United Kingdom
Ghost in the Shell Double Feature,Mamoru Oshii,1995,Animation,0 days 03:03:00,Coolidge Corner Theatre,2025-05-25,1:00 PM,Sunday,,,
The Sound of Music,Robert Wise,1965,Drama,0 days 02:54:00,Somerville Theatre,2025-05-25,2:00 PM,Sunday,4836239,English,United States
The Great Escape,John Sturges,1963,Adventure,0 days 02:53:00,Somerville Theatre,2025-05-25,6:00 PM,Sunday,181229,English,United States
The Heartbreak Kid,Elaine May,1972,Romance,0 days 01:45:00,Coolidge Corner Theatre,2025-05-26,7:00 PM,Monday,857298,English,United States
Neon Genesis Evangelion: The End of Evangelion,"Hideaki Anno, Kazuya Tsurumaki",1997,Animation,0 days 01:27:00,Coolidge Corner Theatre,2025-05-27,7:00 PM,Tuesday,1714278,Japanese,Japan
Inu-Oh,Masaaki Yuasa,2022,Animation,0 days 01:39:00,Coolidge Corner Theatre,2025-05-28,7:00 PM,Wednesday,68616843,Japanese,Japan
The Mortal Storm,Frank Borzage,1940,Drama,0 days 01:40:00,Somerville Theatre,2025-05-28,7:30 PM,Wednesday,1533733,English,United States
Wet Hot American Summer,David Wain,2001,Comedy,0 days 01:37:00,Coolidge Corner Theatre,2025-05-29,9:30 PM,Thursday,426761,English,United States
Vision Quest,Harold Becker,1985,Drama,0 days 01:45:00,Coolidge Corner Theatre,2025-05-30,11:59 PM,Friday,678599,English,United States
The Rocky Horror Picture Show,Jim Sharman,1975,Comedy,0 days 01:40:00,Coolidge Corner Theatre,2025-05-31,11:59 PM,Saturday,25491,English,United Kingdom
Firestarter,Mark L. Lester,1984,Horror,0 days 01:55:00,Coolidge Corner Theatre,2025-05-31,11:59 PM,Saturday,16182808,English,United States
Phantom Lady,Robert Siodmak,1944,Mystery,0 days 01:27:00,The Brattle,2025-06-16,6:00 PM,Monday,1757150,English,United States
The Apartment,Billy Wilder,1960,Comedy,0 days 02:05:00,Coolidge Corner Theatre,2025-06-16,7:00 PM,Monday,43849,English,United States
The Watermelon Woman,Cheryl Dunye,1997,Drama,0 days 01:25:00,Coolidge Corner Theatre,2025-06-16,7:15 PM,Monday,7513196,English,United States
Before Midnight,Richard Linklater,2013,Romance,0 days 01:49:00,The Brattle,2025-06-16,8:00 PM,Monday,36929245,English,United States
The Times of Harvey Milk,Rob Epstein,1984,Documentary,0 days 01:30:00,The Brattle,2025-06-17,"6:00 PM, 8:00 PM",Tuesday,5766332,English,United States
Don Q Son of Zorro,Donald Crisp,1925,Western,0 days 01:51:00,Coolidge Corner Theatre,2025-06-17,7:00 PM,Tuesday,7768616,Silent,United States
Daughters of the Dust,Julie Dash,1991,Drama,0 days 01:52:00,The Brattle,2025-06-18,6:00 PM,Wednesday,2014023,Gullah,United States
Good Burger,Brian Robbins,1997,Family,0 days 01:35:00,The Speedway,2025-06-18,8:00 PM,Wednesday,230536,English,United States
The Miseducation of Cameron Post,Desiree Akhavan,2018,Drama,0 days 01:32:00,The Brattle,2025-06-18,8:30 PM,Wednesday,52316133,English,United Kingdom
Daughters of the Dust,Julie Dash,1991,Drama,0 days 01:52:00,The Brattle,2025-06-19,"3:00 PM, 5:30 PM, 8:00 PM",Thursday,2014023,Gullah,United States
The Long Goodbye,Robert Altman,1973,Mystery,0 days 01:52:00,Coolidge Corner Theatre,2025-06-19,7:00 PM,Thursday,3624815,English,United States
Female Trouble,John Waters,1974,Comedy,0 days 01:37:00,Somerville Theatre,2025-06-19,7:30 PM,Thursday,1328186,English,United States
The Company of Strangers,Cynthia Scott,1990,Drama,0 days 01:41:00,The Brattle,2025-06-20,3:30 PM,Friday,2436322,English,Canada
Rabid,David Cronenberg,1977,Horror,0 days 01:31:00,The Brattle,2025-06-20,"6:00 PM, 10:00 PM",Friday,451003,English,Canada
Hairspray,John Waters,1988,Comedy,0 days 01:32:00,Somerville Theatre,2025-06-20,7:30 PM,Friday,1613987,English,United States
The Brood,David Cronenberg,1979,Horror,0 days 01:32:00,The Brattle,2025-06-20,8:00 PM,Friday,451023,English,Canada
Pecker,John Waters,1998,Comedy,0 days 01:26:00,Somerville Theatre,2025-06-20,9:15 PM,Friday,1799076,English,United States
28 Weeks Later,Juan Carlos Fresnadillo,2007,Horror,0 days 01:40:00,Coolidge Corner Theatre,2025-06-20,11:59 PM,Friday,5971538,English,United Kingdom
Nightbreed,Clive Barker,1990,Horror,0 days 02:01:00,The Brattle,2025-06-21,12:30 PM,Saturday,1126777,English,United States
The World Before Your Feet,Jeremy Workman,2018,Documentary,0 days 01:35:00,West Newton Cinema,2025-06-21,1:00 PM,Saturday,61858819,,United States
Scanners,David Cronenberg,1981,SciFi,0 days 01:43:00,The Brattle,2025-06-21,"2:45 PM, 7:00 PM",Saturday,378213,English,Canada
Videodrome,David Cronenberg,1983,Horror,0 days 01:28:00,The Brattle,2025-06-21,"5:00 PM, 9:15 PM",Saturday,456587,English,Canada
Day of the Dead,George A. Romero,1985,Horror,0 days 01:41:00,Coolidge Corner Theatre,2025-06-21,10:00 PM,Saturday,63310,English,United States
Alien,Ridley Scott,1979,Horror,0 days 01:57:00,Somerville Theatre,2025-06-21,11:59 PM,Saturday,23487440,English,United Kingdom
Two to One,Natja Brunckhorst,2024,Comedy,0 days 01:56:00,Coolidge Corner Theatre,2025-06-22,11:00 AM,Sunday,,,
Naked Lunch,David Cronenberg,1991,Crime,0 days 01:55:00,The Brattle,2025-06-22,12:00 PM,Sunday,307690,English,Canada
The Fly,David Cronenberg,1986,Horror,0 days 01:36:00,The Brattle,2025-06-22,"2:30 PM, 7:00 PM",Sunday,456601,English,United States
Dead Ringers,David Cronenberg,1988,Thriller,0 days 01:55:00,The Brattle,2025-06-22,4:30 PM,Sunday,826482,English,Canada
Nightbreed,Clive Barker,1990,Horror,0 days 02:01:00,The Brattle,2025-06-22,9:15 PM,Sunday,1126777,English,United States
Naked Lunch,David Cronenberg,1991,Crime,0 days 01:55:00,The Brattle,2025-06-23,6:00 PM,Monday,307690,English,Canada
Funeral Parade of Roses,Toshio Matsumoto,1969,Drama,0 days 01:45:00,Coolidge Corner Theatre,2025-06-23,7:00 PM,Monday,6620825,Japanese,Japan
The Brood,David Cronenberg,1979,Horror,0 days 01:32:00,The Brattle,2025-06-23,8:30 PM,Monday,451023,English,Canada
eXistenZ,David Cronenberg,1999,Action,0 days 01:37:00,The Brattle,2025-06-24,6:00 PM,Tuesday,296252,English,Canada
Spirited Away,Hayao Miyazaki,2001,Animation,0 days 02:05:00,Coolidge Corner Theatre,2025-06-24,6:00 PM,Tuesday,70091,Japanese,Japan
Midsommar,Ari Aster,2019,Horror,0 days 02:27:00,West Newton Cinema,2025-06-24,7:00 PM,Tuesday,58032225,English,United States
Crimes of the Future,David Cronenberg,2022,SciFi,0 days 01:47:00,The Brattle,2025-06-24,8:15 PM,Tuesday,66580777,English,Canada
Beyond the Valley of the Dolls,Russ Meyer,1970,Comedy,0 days 01:49:00,Somerville Theatre,2025-06-25,7:30 PM,Wednesday,921865,English,United States
Blade Runner,Ridley Scott,1982,SciFi,0 days 01:58:00,The Greenway,2025-06-25,8:00 PM,Wednesday,3746,English,United States
Battalion to My Beat,Eimi Imanishi,2016,Drama,0 days 00:14:00,West Newton Cinema,2025-06-26,7:00 PM,Thursday,,,
National Treasure,Jon Turteltaub,2004,Adventure,0 days 02:11:00,Coolidge Corner Theatre,2025-06-26,7:00 PM,Thursday,699208,English,United States
2001: A Space Odyssey,Stanley Kubrick,1968,SciFi,0 days 02:29:00,Somerville Theatre,2025-06-26,7:30 PM,Thursday,23941708,English,United Kingdom
Killer's Kiss,Stanley Kubrick,1955,Thriller,0 days 01:08:00,MassArt,2025-06-26,1:30 PM,Thursday,1102966,English,United States
The Celluloid Closet,"Rob Epstein, Jeffrey Friedman",1996,Documentary,0 days 01:42:00,The Brattle,2025-06-27,3:30 PM,Friday,2069950,English,United States
House,Nobuhiko Obayashi,1977,Comedy,0 days 01:28:00,The Brattle,2025-06-27,7:00 PM,Friday,20286230,Japanese,Japan
Harakiri,Masaki Kobayashi,1962,Action,0 days 02:15:00,Somerville Theatre,2025-06-27,7:00 PM,Friday,3137571,Japanese,Japan
Beyond the Blue Border,Sarah Neumann,2024,Drama,0 days 01:42:00,Goethe-Institut,2025-06-27,8:00 PM,Friday,,,
Love Lies Bleeding,Rose Glass,2024,Crime,0 days 01:44:00,The Brattle,2025-06-27,9:00 PM,Friday,70547951,English,United Kingdom
The Sword of Doom,Kihachi Okamoto,1966,Action,0 days 02:02:00,Somerville Theatre,2025-06-27,9:45 PM,Friday,1358704,,Japan
Bride of Re-Animator,Brian Yuzna,1990,Horror,0 days 01:36:00,Coolidge Corner Theatre,2025-06-27,11:59 PM,Friday,1336108,English,United States
House,Nobuhiko Obayashi,1977,Comedy,0 days 01:28:00,The Brattle,2025-06-28,12:00 PM,Saturday,20286230,Japanese,Japan
The Little Girl Who Conquered Time,Nobuhiko Obayashi,1983,SciFi,0 days 01:44:00,The Brattle,2025-06-28,"2:15 PM, 6:30 PM",Saturday,21079738,Japanese,Japan
The Hunt for Red October,John McTiernan,1990,Action,0 days 02:15:00,Somerville Theatre,2025-06-28,"3:00 PM, 8:00 PM",Saturday,3557540,English,United States
School in the Crosshairs,Nobuhiko Obayashi,1981,Fantasy,0 days 01:30:00,The Brattle,2025-06-28,4:30 PM,Saturday,,,
The Living End,Gregg Araki,1992,Crime,0 days 01:25:00,The Brattle,2025-06-28,9:00 PM,Saturday,6074576,English,United States
Return of the Living Dead III,Brian Yuzna,1993,Horror,0 days 01:37:00,Coolidge Corner Theatre,2025-06-28,11:59 PM,Saturday,30854893,English,United States
Princess Mononoke,Hayao Miyazaki,1997,Adventure,0 days 02:14:00,Somerville Theatre,2025-06-28,11:59 PM,Saturday,24653,Japanese,Japan
School in the Crosshairs,Nobuhiko Obayashi,1981,Fantasy,0 days 01:30:00,The Brattle,2025-06-29,12:00 PM,Sunday,,,
The Little Girl Who Conquered Time,Nobuhiko Obayashi,1983,SciFi,0 days 01:44:00,The Brattle,2025-06-29,2:00 PM,Sunday,21079738,Japanese,Japan
Always,Steven Spielberg,1989,Romance,0 days 02:02:00,Somerville Theatre,2025-06-29,3:00 PM,Sunday,848218,English,United States
The Island Closest to Heaven,Nobuhiko Obayashi,1984,Drama,0 days 01:43:00,The Brattle,2025-06-29,4:15 PM,Sunday,72385465,Japanese,Japan
"His Motorbike, Her Island",Nobuhiko Obayashi,1986,Romance,0 days 01:30:00,The Brattle,2025-06-29,6:30 PM,Sunday,26778372,Japanese,Japan
Far and Away,Ron Howard,1992,Adventure,0 days 02:20:00,Somerville Theatre,2025-06-29,6:30 PM,Sunday,705925,English,United States
How to Survive a Plague,David France,2012,Documentary,0 days 01:49:00,The Brattle,2025-06-29,8:30 PM,Sunday,37922084,English,United States
The Island Closest to Heaven,Nobuhiko Obayashi,1984,Drama,0 days 01:43:00,The Brattle,2025-06-30,4:15 PM,Monday,72385465,Japanese,Japan
"His Motorbike, Her Island",Nobuhiko Obayashi,1986,Romance,0 days 01:30:00,The Brattle,2025-06-30,6:30 PM,Monday,26778372,Japanese,Japan
Lawrence of Arabia,David Lean,1962,Adventure,0 days 03:48:00,Somerville Theatre,2025-06-30,6:30 PM,Monday,43452,English,United Kingdom
Querelle,Rainer Werner Fassbinder,1982,Drama,0 days 01:48:00,Coolidge Corner Theatre,2025-06-30,7:00 PM,Monday,183575,English,West Germany
Ugetsu,Kenji Mizoguchi,1953,Fantasy,0 days 01:36:00,Coolidge Corner Theatre,2025-07-01,7:00 PM,Tuesday,1975933,Japanese,Japan
Scott Pilgrim vs. the World,Edgar Wright,2010,Action,0 days 01:53:00,Somerville Theatre,2025-07-01,7:30 PM,Tuesday,17574075,English,United States
Mommie Dearest,Frank Perry,1981,Drama,0 days 02:08:00,Somerville Theatre,2025-07-02,7:30 PM,Wednesday,2079686,English,United States
Drop Dead Gorgeous,Michael Patrick Jann,1999,Comedy,0 days 01:38:00,Coolidge Corner Theatre,2025-07-03,7:00 PM,Thursday,871658,English,United States
Jackass: The Movie,Jeff Tremaine,2002,Comedy,0 days 01:25:00,Coolidge Corner Theatre,2025-07-03,9:30 PM,Thursday,1161730,English,United States
Green Room,Jeremy Saulnier,2016,Horror,0 days 01:35:00,Coolidge Corner Theatre,2025-07-05,11:59 PM,Saturday,44256011,English,United States
Floating Clouds,Mikio Naruse,1955,Drama,0 days 02:03:00,Harvard Film Archive,2025-07-05,7:00 PM,Saturday,15242021,Japanese,Japan
Sudden Rain,Mikio Naruse,1956,Drama,0 days 01:31:00,Harvard Film Archive,2025-07-05,9:30 PM,Saturday,21167644,Japanese,Japan
Floating Clouds,Mikio Naruse,1955,Drama,0 days 02:03:00,Harvard Film Archive,2025-07-06,3:00 PM,Sunday,15242021,Japanese,Japan
Yearning,Mikio Naruse,1964,Drama,0 days 01:38:00,Harvard Film Archive,2025-07-06,7:00 PM,Sunday,31740169,Japanese,Japan
All About My Mother,Pedro Almodóvar,1999,Comedy,0 days 01:41:00,Coolidge Corner Theatre,2025-07-07,7:00 PM,Monday,61664,Spanish,Spain
Sound of the Mountain,Mikio Naruse,1954,Drama,0 days 01:36:00,Harvard Film Archive,2025-07-07,7:00 PM,Monday,16341960,Japanese,Japan
Kuroneko,Kaneto Shindō,1968,Horror,0 days 01:40:00,Coolidge Corner Theatre,2025-07-08,7:00 PM,Tuesday,6289269,Japanese,Japan
Sabrina,Billy Wilder,1954,Comedy,0 days 01:53:00,Coolidge Corner Theatre,2025-07-09,7:00 PM,Wednesday,1356971,English,United States
Ash Wednesday,Larry Peerce,1973,Mystery,0 days 01:39:00,Somerville Theatre,2025-07-09,7:30 PM,Wednesday,24689511,English,United States
The Outsiders,Francis Ford Coppola,1983,Crime,0 days 01:34:00,Coolidge Corner Theatre,2025-07-10,7:00 PM,Thursday,3186725,English,United States
Kill Bill: Vol. 1,Quentin Tarantino,2003,Action,0 days 01:51:00,Coolidge Corner Theatre,2025-07-11,11:59 PM,Friday,301314,English,United States
Untamed Woman,Mikio Naruse,1957,Drama,0 days 02:01:00,Harvard Film Archive,2025-07-11,7:00 PM,Friday,18066013,Japanese,Japan
A Wife's Heart,Mikio Naruse,1956,Drama,0 days 01:38:00,Harvard Film Archive,2025-07-11,9:30 PM,Friday,16342092,Japanese,Japan
Kill Bill: Vol. 2,Quentin Tarantino,2004,Action,0 days 02:16:00,Coolidge Corner Theatre,2025-07-12,11:59 PM,Saturday,525270,English,United States
Life of a Shock Force Worker,Bahrudin 'Bato' Čengić,2023,Comedy,0 days 01:16:00,Harvard Film Archive,2025-07-12,7:00 PM,Saturday,75509155,Serbo-Croatian,SFR Yugoslavia
"The Ecstatic Square: Karpo Godina’s Experimental Shorts, 1965-1972",Karpo Godina,1965,Documentary,0 days 00:58:00,Harvard Film Archive,2025-07-12,9:15 PM,Saturday,,,
Sabbath Queen,Sandi Simcha Dubowski,2024,Documentary,0 days 01:45:00,Coolidge Corner Theatre,2025-07-13,2:00 PM,Sunday,,,
Untamed Woman,Mikio Naruse,1957,Drama,0 days 02:01:00,Harvard Film Archive,2025-07-13,3:00 PM,Sunday,18066013,Japanese,Japan
Sudden Rain,Mikio Naruse,1956,Drama,0 days 01:31:00,Harvard Film Archive,2025-07-13,7:00 PM,Sunday,21167644,Japanese,Japan
The People's Joker,Vera Drew,2024,Comedy,0 days 01:32:00,Coolidge Corner Theatre,2025-07-14,7:00 PM,Monday,71776978,English,United States
"Frame for a Few Poses, Episodes 1 - 3",Karpo Godina,1976,Documentary,0 days 01:30:00,Harvard Film Archive,2025-07-14,7:00 PM,Monday,,,
Demon Pond,Masahiro Shinoda,1979,Fantasy,0 days 02:04:00,Coolidge Corner Theatre,2025-07-15,7:00 PM,Tuesday,78156753,Japanese,Japan
Seven Samurai,Akira Kurosawa,1954,Action,0 days 03:27:00,Coolidge Corner Theatre,2025-08-13,3:15 PM,Wednesday,31371,Japanese,Japan
Weekend,Jean-Luc Godard,1967,Comedy,0 days 01:44:00,The Brattle,2025-08-13,"3:45 PM, 8:00 PM",Wednesday,2117053,French,France
The Exterminating Angel,Luis Buñuel,1962,Comedy,0 days 01:33:00,The Brattle,2025-08-13,6:00 PM,Wednesday,2642594,Spanish,Mexico
He Got Game,Spike Lee,1998,Drama,0 days 02:16:00,Coolidge Corner Theatre,2025-08-13,7:00 PM,Wednesday,1644364,English,United States
High and Low,Akira Kurosawa,1963,Drama,0 days 02:22:00,Coolidge Corner Theatre,2025-08-13,7:30 PM,Wednesday,867935,Japanese,Japan
Johnny Guitar,Nicholas Ray,1954,Western,0 days 01:50:00,Somerville Theatre,2025-08-13,7:30 PM,Wednesday,1352995,English,United States
Shin Godzilla,"Shinji Higuchi, Hideaki Anno",2016,Action,0 days 02:00:00,Somerville Theatre,2025-08-13,7:40 PM,Wednesday,44649915,Japanese,Japan
The Blob,Chuck Russell,1988,Horror,0 days 01:35:00,The Greenway,2025-08-13,8:00 PM,Wednesday,2521806,English,United States
Something Different,Věra Chytilová,1963,Drama,0 days 01:25:00,The Brattle,2025-08-14,"4:00 PM, 7:45 PM",Thursday,61231426,Czech,Czechoslovak Socialist Republic
Ran,Akira Kurosawa,1985,Action,0 days 02:40:00,Coolidge Corner Theatre,2025-08-14,"4:00 PM, 7:30 PM",Thursday,75984,Japanese,Japan
Daisies,Věra Chytilová,1966,Comedy,0 days 01:16:00,The Brattle,2025-08-14,"6:00 PM, 9:45 PM",Thursday,10163440,Czech,Czechoslovakia
Dazed and Confused,Richard Linklater,1993,Comedy,0 days 01:42:00,West Newton Cinema,2025-08-14,6:30 PM,Thursday,503573,English,United States
Sweet Sweetback's Baadasssss Song,Melvin Van Peebles,1971,Action,0 days 01:38:00,Coolidge Corner Theatre,2025-08-14,7:00 PM,Thursday,1237909,English,United States
Days of Being Wild,Wong Kar-wai,1990,Crime,0 days 01:34:00,Somerville Theatre,2025-08-14,7:30 PM,Thursday,430419,Cantonese,Hong Kong
Shin Godzilla,"Shinji Higuchi, Hideaki Anno",2016,Action,0 days 02:00:00,Somerville Theatre,2025-08-14,7:40 PM,Thursday,44649915,Japanese,Japan
Freddy Got Fingered,Tom Green,2001,Comedy,0 days 01:27:00,Coolidge Corner Theatre,2025-08-14,9:30 PM,Thursday,518018,English,United States
Modern Times,Charlie Chaplin,1936,Comedy,0 days 01:27:00,The Brattle,2025-08-15,3:30 PM,Friday,74962,Sound,United States
Wallace & Gromit: The Curse of the Were-Rabbit,"Steve Box, Nick Park",2005,Adventure,0 days 01:25:00,Kendall/MIT Open Space,2025-08-15,6:00 PM,Friday,1784731,English,United Kingdom
A New Leaf,Elaine May,1971,Comedy,0 days 01:42:00,The Brattle,2025-08-15,6:00 PM,Friday,4932099,English,United States
The Devil and Daniel Johnston,Jeff Feuerzeig,2006,Documentary,0 days 01:50:00,West Newton Cinema,2025-08-15,7:00 PM,Friday,8291607,English,United States
In Another Country,Hong Sang-soo,2012,Drama,0 days 01:29:00,Harvard Film Archive,2025-08-15,7:00 PM,Friday,35562670,Korean,South Korea
The French Connection,William Friedkin,1971,Action,0 days 01:44:00,Somerville Theatre,2025-08-15,7:30 PM,Friday,99463,English,United States
Breathless,Jim McBride,1983,Romance,0 days 01:40:00,The Brattle,2025-08-15,8:30 PM,Friday,5989305,English,United States
Yourself and Yours,Hong Sang-soo,2016,Drama,0 days 01:27:00,Harvard Film Archive,2025-08-15,9:00 PM,Friday,52132625,Korean,South Korea
Bullitt,Peter Yates,1968,Action,0 days 01:53:00,Somerville Theatre,2025-08-15,9:40 PM,Friday,433285,English,United States
Bloody Birthday,Ed Hunt,1981,Horror,0 days 01:25:00,Coolidge Corner Theatre,2025-08-15,11:59 PM,Friday,4343515,English,United States
Pee-wee's Big Adventure,Tim Burton,1985,Comedy,0 days 01:31:00,The Brattle,2025-08-16,"12:00 PM, 2:00 PM",Saturday,432236,English,United States
Swimming to Cambodia,Jonathan Demme,1987,Comedy,0 days 01:25:00,The Brattle,2025-08-16,6:00 PM,Saturday,1624783,English,
The Thin Line,Mikio Naruse,1966,Crime,0 days 01:42:00,Harvard Film Archive,2025-08-16,7:00 PM,Saturday,52317782,Japanese,Japan
Mixed Blood,Paul Morrissey,1984,Action,0 days 01:38:00,The Brattle,2025-08-16,8:30 PM,Saturday,26085256,English,United States
Chungking Express,Wong Kar-wai,1994,Drama,0 days 01:43:00,Somerville Theatre,2025-08-16,8:30 PM,Saturday,213471,Cantonese,Hong Kong
Like You Know It All,Hong Sang-soo,2009,Drama,0 days 02:08:00,Harvard Film Archive,2025-08-16,9:00 PM,Saturday,20442820,Korean,South Korea
The Brood,David Cronenberg,1979,Horror,0 days 01:32:00,Coolidge Corner Theatre,2025-08-16,11:59 PM,Saturday,451023,English,Canada
Pee-wee's Big Adventure,Tim Burton,1985,Comedy,0 days 01:31:00,The Brattle,2025-08-17,"12:00 PM, 2:00 PM",Sunday,432236,English,United States
Other Side,"Carter Oakley, Heather Hogan",2025,Documentary,0 days 01:30:00,West Newton Cinema,2025-08-17,1:00 PM,Sunday,6559110,English,United States
When a Woman Ascends the Stairs,Mikio Naruse,1960,Drama,0 days 01:51:00,Harvard Film Archive,2025-08-17,3:00 PM,Sunday,9344111,Japanese,Japan
Videoheaven,Alex Ross Perry,2025,Documentary,0 days 02:52:00,The Brattle,2025-08-17,4:00 PM,Sunday,80283064,English,United States
Ashes of Time,Wong Kar-wai,1994,Drama,0 days 01:40:00,Somerville Theatre,2025-08-17,6:00 PM,Sunday,221858,Cantonese,Hong Kong
Walk Up,Hong Sang-soo,2022,Drama,0 days 01:37:00,Harvard Film Archive,2025-08-17,7:00 PM,Sunday,71880486,Korean,South Korea
Jade,William Friedkin,1995,Mystery,0 days 01:35:00,The Brattle,2025-08-17,8:00 PM,Sunday,4032134,English,United States
Kansas City,Robert Altman,1996,Drama,0 days 01:56:00,The Brattle,2025-08-18,"3:30 PM, 8:30 PM",Monday,1693894,English,United States
Thieves Like Us,Robert Altman,1974,Crime,0 days 02:03:00,The Brattle,2025-08-18,6:00 PM,Monday,4539015,English,United States
Travelling Actors,Mikio Naruse,1940,Comedy,0 days 01:10:00,Harvard Film Archive,2025-08-18,7:00 PM,Monday,67635297,Japanese,Japan
Cat People,Jacques Tourneur,1942,Mystery,0 days 01:13:00,Somerville Theatre,2025-08-18,7:15 PM,Monday,1056686,English,United States
Cat People,Paul Schrader,1982,Thriller,0 days 01:58:00,Somerville Theatre,2025-08-18,8:45 PM,Monday,1056696,English,United States
Short Cuts,Robert Altman,1993,Drama,0 days 03:08:00,The Brattle,2025-08-19,"4:00 PM, 8:00 PM",Tuesday,676038,English,United States
Dirty Dancing,Emile Ardolino,1987,Drama,0 days 01:40:00,Coolidge Corner Theatre,2025-08-19,7:00 PM,Tuesday,680361,English,United States
Fallen Angels,Wong Kar-wai,1995,Action,0 days 01:38:00,Somerville Theatre,2025-08-19,7:30 PM,Tuesday,624433,Cantonese,British Hong Kong
Dr. Strangelove or: How I Learned to Stop Worrying and Love the Bomb,Stanley Kubrick,1964,Comedy,0 days 01:35:00,The Brattle,2025-08-20,"3:45 PM, 8:15 PM",Wednesday,8695,English,United Kingdom
"One, Two, Three",Billy Wilder,1961,Comedy,0 days 01:49:00,The Brattle,2025-08-20,6:00 PM,Wednesday,17440633,Hindi,India
Inside Man,Spike Lee,2006,Crime,0 days 02:09:00,Coolidge Corner Theatre,2025-08-20,7:00 PM,Wednesday,3592692,English,United States
All About Eve,Joseph L. Mankiewicz,1950,Drama,0 days 02:19:00,Somerville Theatre,2025-08-20,7:30 PM,Wednesday,41881,English,United States
Twin Peaks: Fire Walk with Me,David Lynch,1992,Drama,0 days 02:15:00,The Speedway,2025-08-20,8:00 PM,Wednesday,245515,English,France
Franky Five Star,Birgit Möller,2023,Drama,0 days 01:54:00,Goethe-Institut,2025-08-20,8:00 PM,Wednesday,,,
The Girls,Mai Zetterling,1968,Drama,0 days 01:40:00,The Brattle,2025-08-21,"3:45 PM, 8:30 PM",Thursday,32684003,Swedish,Sweden
Loving Couples,Mai Zetterling,1964,Drama,0 days 01:58:00,The Brattle,2025-08-21,6:00 PM,Thursday,21759848,Swedish,Sweden
Death & Taxes,Justin Schein,2024,Documentary,0 days 01:26:00,West Newton Cinema,2025-08-21,7:00 PM,Thursday,4844776,English,United States
The Fast and the Furious: Tokyo Drift,Justin Lin,2006,Action,0 days 01:44:00,Coolidge Corner Theatre,2025-08-21,7:00 PM,Thursday,2913859,English,United States
Happy Together,Wong Kar-wai,1997,Drama,0 days 01:36:00,Somerville Theatre,2025-08-21,7:30 PM,Thursday,184987,Cantonese,Hong Kong
Barry Lyndon,Stanley Kubrick,1975,Drama,0 days 03:05:00,The Brattle,2025-08-22,6:00 PM,Friday,4227,English,United Kingdom
Two in the Shadow,Mikio Naruse,1967,Romance,0 days 01:48:00,Harvard Film Archive,2025-08-22,7:00 PM,Friday,,,
North by Northwest,Alfred Hitchcock,1959,Mystery,0 days 02:16:00,Kendall/MIT Open Space,2025-08-22,7:00 PM,Friday,73412,English,United States
Fever Pitch,"Bobby Farrelly, Peter Farrelly",2005,Romance,0 days 01:44:00,WBUR CitySpace,2025-08-22,7:00 PM,Friday,1448684,English,United States
In Our Day,Hong Sang-soo,2023,Drama,0 days 01:24:00,Harvard Film Archive,2025-08-22,9:15 PM,Friday,75600131,Korean,South Korea
Dogtooth,Yorgos Lanthimos,2009,Drama,0 days 01:38:00,The Brattle,2025-08-22,9:45 PM,Friday,22832896,Greek,Greece
Ghost Ship,Steve Beck,2002,Horror,0 days 01:31:00,Somerville Theatre,2025-08-22,9:45 PM,Friday,1354688,English,United States
"Alice, Sweet Alice",Alfred Sole,1976,Horror,0 days 01:48:00,Coolidge Corner Theatre,2025-08-22,11:59 PM,Friday,2009947,English,United States
Barry Lyndon,Stanley Kubrick,1975,Drama,0 days 03:05:00,The Brattle,2025-08-23,"12:00 PM, 6:00 PM",Saturday,4227,English,United Kingdom
Dogtooth,Yorgos Lanthimos,2009,Drama,0 days 01:38:00,The Brattle,2025-08-23,"3:45 PM, 9:45 PM",Saturday,22832896,Greek,Greece
Wife! Be Like a Rose!,Mikio Naruse,1935,Drama,0 days 01:14:00,Harvard Film Archive,2025-08-23,7:00 PM,Saturday,66287998,Japanese,Japan
In the Mood for Love,Wong Kar-wai,2000,Drama,0 days 01:38:00,Somerville Theatre,2025-08-23,8:00 PM,Saturday,213413,Cantonese,Hong Kong
Flowing,Mikio Naruse,1956,Drama,0 days 01:57:00,Harvard Film Archive,2025-08-23,8:45 PM,Saturday,17723727,Japanese,Japan
Eraserhead,David Lynch,1978,Horror,0 days 01:29:00,Coolidge Corner Theatre,2025-08-23,11:59 PM,Saturday,36814246,English,United States
Goodnight Mommy,"Severin Fiala, Veronika Franz",2015,Horror,0 days 01:40:00,Coolidge Corner Theatre,2025-08-23,11:59 PM,Saturday,47543704,German,Austria
Barry Lyndon,Stanley Kubrick,1975,Drama,0 days 03:05:00,The Brattle,2025-08-24,"12:00 PM, 6:00 PM",Sunday,4227,English,United Kingdom
Two in the Shadow,Mikio Naruse,1967,Romance,0 days 01:48:00,Harvard Film Archive,2025-08-24,3:00 PM,Sunday,,,
Dogtooth,Yorgos Lanthimos,2009,Drama,0 days 01:38:00,The Brattle,2025-08-24,"3:45 PM, 9:45 PM",Sunday,22832896,Greek,Greece
2046,Wong Kar-wai,2004,Drama,0 days 02:08:00,Somerville Theatre,2025-08-24,6:00 PM,Sunday,213462,Cantonese,Hong Kong
Night and Day,Hong Sang-soo,2008,Drama,0 days 02:24:00,Harvard Film Archive,2025-08-24,7:00 PM,Sunday,20425100,Korean,South Korea
Barry Lyndon,Stanley Kubrick,1975,Drama,0 days 03:05:00,The Brattle,2025-08-25,2:00 PM,Monday,4227,English,United Kingdom
Cape Fear,J. Lee Thompson,1962,Thriller,0 days 01:45:00,Somerville Theatre,2025-08-25,7:00 PM,Monday,171029,English,United States
Flowing,Mikio Naruse,1956,Drama,0 days 01:57:00,Harvard Film Archive,2025-08-25,7:00 PM,Monday,17723727,Japanese,Japan
Hero,Zhang Yimou,2002,Drama,0 days 01:39:00,Coolidge Corner Theatre,2025-08-25,7:00 PM,Monday,318542,Mandarin,China
The Player,Robert Altman,1992,Mystery,0 days 02:04:00,The Brattle,2025-08-25,8:30 PM,Monday,358263,English,United States
Cape Fear,Martin Scorsese,1991,Drama,0 days 02:08:00,Somerville Theatre,2025-08-25,9:00 PM,Monday,171026,English,United States
Gosford Park,Robert Altman,2001,Drama,0 days 02:17:00,The Brattle,2025-08-26,"3:30 PM, 6:30 PM",Tuesday,142476,English,United Kingdom
Road House,Rowdy Herrington,1989,Action,0 days 01:54:00,Coolidge Corner Theatre,2025-08-26,7:00 PM,Tuesday,901489,English,United States
Double Feature: The Sweet Hereafter and Gates of Heaven,"Atom Egoyan, Errol Morris",1980,Documentary,0 days 03:15:00,Mount Auburn Cemetery,2025-08-26,8:00 PM,Tuesday,,,
Dogtooth,Yorgos Lanthimos,2009,Drama,0 days 01:38:00,The Brattle,2025-08-26,9:15 PM,Tuesday,22832896,Greek,Greece
Watermelon Man,Melvin Van Peebles,1970,Comedy,0 days 01:40:00,The Brattle,2025-08-27,"4:15 PM, 8:30 PM",Wednesday,2735755,English,United States
Putney Swope,Robert Downey Sr.,1969,Comedy,0 days 01:25:00,The Brattle,2025-08-27,6:30 PM,Wednesday,3692025,English,United States
The Big Cube,Tito Davison,1969,Drama,0 days 01:38:00,Somerville Theatre,2025-08-27,7:30 PM,Wednesday,18802880,English,Mexico
Beyond the Blue Border,Sarah Neumann,2024,Drama,0 days 01:42:00,Goethe-Institut,2025-08-27,8:00 PM,Wednesday,,,
"Jeanne Dielman, 23, quai du Commerce, 1080 Bruxelles",Chantal Akerman,1976,Drama,0 days 03:22:00,The Brattle,2025-08-28,"2:30 PM, 6:30 PM",Thursday,13889076,French,Belgium
The Women,George Cukor,1939,Comedy,0 days 02:13:00,Coolidge Corner Theatre,2025-08-28,7:00 PM,Thursday,19978736,English,United States
The Straight Story,David Lynch,1999,Drama,0 days 01:52:00,Somerville Theatre,2025-08-28,7:30 PM,Thursday,31351,English,United States
The Brady Bunch Movie,Betty Thomas,1995,Family,0 days 01:29:00,Coolidge Corner Theatre,2025-08-28,9:30 PM,Thursday,2158983,English,United States
Jaws,Steven Spielberg,1975,Horror,0 days 02:04:00,Coolidge Corner Theatre,2025-08-29,7:00 PM,Friday,74830,English,United States
The Power of Kangwon Province,Hong Sang-soo,1998,Drama,0 days 01:49:00,Harvard Film Archive,2025-08-29,7:00 PM,Friday,7362462,Korean,South Korea
Grass,Hong Sang-soo,2018,Drama,0 days 01:06:00,Harvard Film Archive,2025-08-29,9:15 PM,Friday,56764960,Korean,South Korea
Them,"Xavier Palud, David Moreau",2006,Horror,0 days 01:17:00,Coolidge Corner Theatre,2025-08-29,11:59 PM,Friday,9249020,French,France
Jaws,Steven Spielberg,1975,Horror,0 days 02:04:00,Coolidge Corner Theatre,2025-08-30,7:00 PM,Saturday,74830,English,United States
Hill of Freedom,Hong Sang-soo,2014,Drama,0 days 01:06:00,Harvard Film Archive,2025-08-30,7:00 PM,Saturday,44253359,Korean,South Korea
Ha Ha Ha,Hong Sang-soo,2010,Comedy,0 days 01:56:00,Harvard Film Archive,2025-08-30,8:30 PM,Saturday,,,
Village of the Damned,John Carpenter,1995,Thriller,0 days 01:39:00,Coolidge Corner Theatre,2025-08-30,11:59 PM,Saturday,1721255,English,United States
The Power of Kangwon Province,Hong Sang-soo,1998,Drama,0 days 01:49:00,Harvard Film Archive,2025-08-31,3:00 PM,Sunday,7362462,Korean,South Korea
Jaws,Steven Spielberg,1975,Horror,0 days 02:04:00,Coolidge Corner Theatre,2025-08-31,7:00 PM,Sunday,74830,English,United States
In Our Day,Hong Sang-soo,2023,Drama,0 days 01:24:00,Harvard Film Archive,2025-08-31,7:00 PM,Sunday,75600131,Korean,South Korea
Inside Llewyn Davis,"Joel Coen, Ethan Coen",2013,Drama,0 days 01:44:00,The Brattle,2025-09-03,"3:30 PM, 8:30 PM",Wednesday,34604057,English,United States
The Last Class,Elliot Kirschner,2025,Documentary,0 days 01:11:00,The Brattle,2025-09-03,6:00 PM,Wednesday,,,
Flow,Gints Zilbalodis,2024,Animation,0 days 01:25:00,The Brattle,2025-09-04,4:00 PM,Thursday,76884533,,Latvia
When the Cat Comes,Vojtěch Jasný,1963,Comedy,0 days 01:44:00,The Brattle,2025-09-04,6:00 PM,Thursday,13135357,Czech,Czechoslovakia
The Sting,George Roy Hill,1973,Comedy,0 days 02:09:00,Coolidge Corner Theatre,2025-09-04,7:00 PM,Thursday,62440,English,United States
Alien,Ridley Scott,1979,Horror,0 days 01:57:00,The Brattle,2025-09-04,8:30 PM,Thursday,23487440,English,United Kingdom
On the Occasion of Remembering the Turning Gate,Hong Sang-soo,2002,Drama,0 days 01:56:00,Harvard Film Archive,2025-09-05,7:00 PM,Friday,7362626,Korean,South Korea
The Lovers on the Bridge,Leos Carax,1991,Drama,0 days 02:06:00,The Brattle,2025-09-05,8:15 PM,Friday,3329045,French,France
In Another Country,Hong Sang-soo,2012,Drama,0 days 01:29:00,Harvard Film Archive,2025-09-05,9:30 PM,Friday,35562670,Korean,South Korea
A Better Tomorrow,John Woo,1986,Action,0 days 01:35:00,Coolidge Corner Theatre,2025-09-05,11:59 PM,Friday,89541,Cantonese,Hong Kong
The Lovers on the Bridge,Leos Carax,1991,Drama,0 days 02:06:00,The Brattle,2025-09-06,"3:15 PM, 8:15 PM",Saturday,3329045,French,France
Lovers Rock,Steve McQueen,2020,Drama,0 days 01:13:00,Harvard Film Archive,2025-09-06,7:00 PM,Saturday,64179486,English,United Kingdom
"Red, White and Blue",Steve McQueen,2020,Drama,0 days 01:20:00,Harvard Film Archive,2025-09-06,8:45 PM,Saturday,65968147,English,United Kingdom
City on Fire,Ringo Lam Ling-Tung,1987,Action,0 days 01:45:00,Coolidge Corner Theatre,2025-09-06,11:59 PM,Saturday,1640215,Cantonese,Hong Kong
Hundreds of Beavers,Mike Cheslik,2024,Comedy,0 days 01:48:00,Coolidge Corner Theatre,2025-09-06,11:59 PM,Saturday,76208655,English,United States
Caught by the Tides,Jia Zhangke,2024,Drama,0 days 01:51:00,West Newton Cinema,2025-09-07,1:00 PM,Sunday,76585127,Mandarin,China
Ha Ha Ha,Hong Sang-soo,2010,Comedy,0 days 01:56:00,Harvard Film Archive,2025-09-07,3:00 PM,Sunday,,,
The Lovers on the Bridge,Leos Carax,1991,Drama,0 days 02:06:00,The Brattle,2025-09-07,"3:15 PM, 8:15 PM",Sunday,3329045,French,France
Hill of Freedom,Hong Sang-soo,2014,Drama,0 days 01:06:00,Harvard Film Archive,2025-09-07,7:00 PM,Sunday,44253359,Korean,South Korea
A Traveler's Needs,Hong Sang-soo,2024,Drama,0 days 01:30:00,Harvard Film Archive,2025-09-08,7:00 PM,Monday,75929437,English,South Korea
Shanghai Blues,Tsui Hark,1984,Comedy,0 days 01:43:00,The Brattle,2025-09-09,"6:00 PM, 8:30 PM",Tuesday,31176526,Cantonese,Hong Kong
Beauty and the Beast,Jean Cocteau,1946,Drama,0 days 01:36:00,Coolidge Corner Theatre,2025-09-10,7:15 PM,Wednesday,1226363,French,France
Twin Peaks: The Return (Part 1 & 2),David Lynch,2017,Drama,0 days 01:54:00,The Brattle,2025-09-10,8:30 PM,Wednesday,,,
The Palm Beach Story,Preston Sturges,1942,Comedy,0 days 01:28:00,The Brattle,2025-09-11,4:00 PM,Thursday,2254144,English,United States
The Darjeeling Limited,Wes Anderson,2007,Adventure,0 days 01:32:00,The Brattle,2025-09-11,6:00 PM,Thursday,6238106,English,United States
Michael Clayton,Tony Gilroy,2007,Drama,0 days 01:59:00,West Newton Cinema,2025-09-11,6:30 PM,Thursday,5968326,English,United States
Clueless,Amy Heckerling,1995,Comedy,0 days 01:37:00,Coolidge Corner Theatre,2025-09-11,7:00 PM,Thursday,105872,English,United States
Twin Peaks: The Return (Part 3 & 4),David Lynch,2017,Drama,0 days 01:54:00,The Brattle,2025-09-11,8:30 PM,Thursday,,,
I like America and America likes Me,,,,,,2025-09-12,,Friday,,,
Hackers,Iain Softley,1995,Action,0 days 01:47:00,Somerville Theatre,2025-09-12,6:30 PM,Friday,40852758,English,United States
Beuys,Andres Veiel,2017,Documentary,0 days 01:47:00,Goethe-Institut,2025-09-12,7:00 PM,Friday,52994727,German,Germany
The Thing,John Carpenter,1982,Horror,0 days 01:49:00,The Brattle,2025-09-12,7:00 PM,Friday,30809,English,United States
The Left Handed Gun,Arthur Penn,1958,Western,0 days 01:42:00,Harvard Film Archive,2025-09-12,7:00 PM,Friday,10990102,English,United States
Roma,Federico Fellini,1972,Comedy,0 days 02:00:00,Harvard Film Archive,2025-09-12,9:00 PM,Friday,1721399,Italian,Italy
Twin Peaks: The Return (Part 1 & 2),David Lynch,2017,Drama,0 days 01:54:00,The Brattle,2025-09-12,10:30 PM,Friday,,,
A Better Tomorrow II,John Woo,1987,Action,0 days 01:43:00,Coolidge Corner Theatre,2025-09-12,11:59 PM,Friday,3365741,Cantonese,Hong Kong
Twin Peaks: The Return (Part 3 & 4),David Lynch,2017,Drama,0 days 01:54:00,The Brattle,2025-09-13,12:00 PM,Saturday,,,
"I Was Born, But… / Pixote","Ozu Yasujiro, Héctor Babenco, Chuck Jones",1932,Drama,0 days 03:45:00,Harvard Film Archive,2025-09-13,2:00 PM,Saturday,73460,,
Sticker Movie,Will Deloney,2023,Documentary,0 days 00:00:00,Goethe-Institut,2025-09-13,2:00 PM,Saturday,,,
Twin Peaks: The Return (Part 5 & 6),David Lynch,2017,Drama,0 days 01:56:00,The Brattle,2025-09-13,2:30 PM,Saturday,,,
Harald Naegeli - Der Sprayer von Zürich,Nathalie David,2021,Documentary,0 days 01:37:00,Goethe-Institut,2025-09-13,3:30 PM,Saturday,,,
Twin Peaks: The Return (Part 7 & 8),David Lynch,2017,Drama,0 days 01:55:00,The Brattle,2025-09-13,5:00 PM,Saturday,,,
Art War,Marco Wilms,2014,Documentary,0 days 01:30:00,Goethe-Institut,2025-09-13,5:30 PM,Saturday,1826578,English,Canada
Alex Wheatle/Education,Steve McQueen,2020,Drama,0 days 02:15:00,Harvard Film Archive,2025-09-13,7:00 PM,Saturday,,,
Twin Peaks: The Return (Part 9 & 10),David Lynch,2017,Drama,0 days 01:51:00,The Brattle,2025-09-13,7:30 PM,Saturday,,,
Twin Peaks: The Return (Part 11 & 12),David Lynch,2017,Drama,0 days 01:51:00,The Brattle,2025-09-13,10:00 PM,Saturday,,,
The Killer,John Woo,1989,Action,0 days 01:50:00,Coolidge Corner Theatre,2025-09-13,11:59 PM,Saturday,451877,Cantonese,Hong Kong
The Room,Tommy Wiseau,2003,Drama,0 days 01:39:00,Coolidge Corner Theatre,2025-09-13,11:59 PM,Saturday,5443971,English,United States
Twin Peaks: The Return (Part 7 & 8),David Lynch,2017,Drama,0 days 01:55:00,The Brattle,2025-09-14,12:30 PM,Sunday,,,
Castle in the Sky,Hayao Miyazaki,1986,Adventure,0 days 02:05:00,West Newton Cinema,2025-09-14,1:00 PM,Sunday,147697,Japanese,Japan
The Catered Affair,Richard Brooks,1956,Drama,0 days 01:34:00,Harvard Film Archive,2025-09-14,3:00 PM,Sunday,7885996,English,United States
Twin Peaks: The Return (Part 9 & 10),David Lynch,2017,Drama,0 days 01:51:00,The Brattle,2025-09-14,3:30 PM,Sunday,,,
Yourself and Yours,Hong Sang-soo,2016,Drama,0 days 01:27:00,Harvard Film Archive,2025-09-14,7:00 PM,Sunday,52132625,Korean,South Korea
FOUND FOOTAGE FEST: Porcelain VHS Treasures,"Joe Pickett, Nick Prueher",2025,Documentary,0 days 01:30:00,The Brattle,2025-09-14,7:00 PM,Sunday,,,
Twin Peaks: The Return (Part 11 & 12),David Lynch,2017,Drama,0 days 01:51:00,The Brattle,2025-09-14,9:30 PM,Sunday,,,
Clueless,Amy Heckerling,1995,Comedy,0 days 01:37:00,The Brattle,2025-09-15,6:00 PM,Monday,105872,English,United States
Postcards from the Edge,Mike Nichols,1990,Comedy,0 days 01:41:00,Coolidge Corner Theatre,2025-09-15,7:00 PM,Monday,21675573,English,United States
Like You Know It All,Hong Sang-soo,2009,Drama,0 days 02:08:00,Harvard Film Archive,2025-09-15,7:00 PM,Monday,20442820,Korean,South Korea
Twin Peaks: The Return (Part 13 & 14),David Lynch,2017,Drama,0 days 01:55:00,The Brattle,2025-09-15,8:30 PM,Monday,,,
Twin Peaks: The Return (Part 13 & 14),David Lynch,2017,Drama,0 days 01:55:00,The Brattle,2025-09-16,4:00 PM,Tuesday,,,
Twin Peaks: The Return (Part 15 & 16),David Lynch,2017,Drama,0 days 01:52:00,The Brattle,2025-09-16,"6:30 PM, 9:00 PM",Tuesday,,,
Eno,Gary Hustwit,2024,Documentary,0 days 00:00:00,The Brattle,2025-09-17,6:00 PM,Wednesday,75853418,English,United States
Teenage Mutant Ninja Turtles,Steve Barron,1990,SciFi,0 days 01:33:00,The Speedway,2025-09-17,8:00 PM,Wednesday,2323962,English,United States
Twin Peaks: The Return (Part 17 & 18),David Lynch,2017,Drama,0 days 01:56:00,The Brattle,2025-09-17,8:30 PM,Wednesday,,,
Twin Peaks: The Return (Part 17 & 18),David Lynch,2017,Drama,0 days 01:56:00,The Brattle,2025-09-18,6:30 PM,Thursday,,,
Hello Beautiful,,,,,,2025-09-18,,Thursday,,,
Ray,Taylor Hackford,2004,Drama,0 days 02:32:00,Coolidge Corner Theatre,2025-09-18,7:00 PM,Thursday,993226,English,United States
Dude Bro Party Massacre III,"Michael Rousselet, Jon Salmon, Tomm Jacobsen",2015,Horror,0 days 01:41:00,The Brattle,2025-09-18,9:00 PM,Thursday,53255086,English,United States
Blue Velvet,David Lynch,1986,Mystery,0 days 02:00:00,Coolidge Corner Theatre,2025-09-18,9:30 PM,Thursday,3947,English,United States
One Cut of the Dead,Shinichiro Ueda,2017,Comedy,0 days 01:36:00,The Brattle,2025-09-19,6:00 PM,Friday,58845544,Japanese,Japan
Floating Clouds,Mikio Naruse,1955,Drama,0 days 02:03:00,Harvard Film Archive,2025-09-19,7:00 PM,Friday,15242021,Japanese,Japan
Hello Beautiful,,,,,,2025-09-19,,Friday,,,
Lightning,Mikio Naruse,1952,Drama,0 days 01:27:00,Harvard Film Archive,2025-09-19,9:30 PM,Friday,23208313,Japanese,Japan
Hell House LLC,Stephen Cognetti,2015,Horror,0 days 01:33:00,The Brattle,2025-09-19,10:00 PM,Friday,52965398,English,United States
A Chinese Ghost Story,Tony Ching Siu-Tung,1987,Fantasy,0 days 01:36:00,Coolidge Corner Theatre,2025-09-19,11:59 PM,Friday,204809,Cantonese,Hong Kong
One Cut of the Dead,Shinichiro Ueda,2017,Comedy,0 days 01:36:00,The Brattle,2025-09-20,12:00 PM,Saturday,58845544,Japanese,Japan
Troll Hunter,André Øvredal,2010,Fantasy,0 days 01:44:00,The Brattle,2025-09-20,2:00 PM,Saturday,29345692,Norwegian,Norway
Eat Drink Man Woman,Ang Lee,1994,Comedy,0 days 02:03:00,Museum of Fine Arts,2025-09-20,2:30 PM,Saturday,881249,Mandarin,Taiwan
Willow Creek,Bobcat Goldthwait,2013,Horror,0 days 01:20:00,The Brattle,2025-09-20,4:15 PM,Saturday,39530705,English,United States
Noroi: The Curse,Koji Shiraishi,2005,Horror,0 days 01:55:00,The Brattle,2025-09-20,6:30 PM,Saturday,14449597,Japanese,Japan
A Traveler's Needs,Hong Sang-soo,2024,Drama,0 days 01:30:00,Harvard Film Archive,2025-09-20,7:00 PM,Saturday,75929437,English,South Korea
Walk Up,Hong Sang-soo,2022,Drama,0 days 01:37:00,Harvard Film Archive,2025-09-20,9:00 PM,Saturday,71880486,Korean,South Korea
Peking Opera Blues,Tsui Hark,1986,Action,0 days 01:44:00,Coolidge Corner Theatre,2025-09-20,11:59 PM,Saturday,1602624,Cantonese,Hong Kong
Eraserhead,David Lynch,1978,Horror,0 days 01:29:00,Coolidge Corner Theatre,2025-09-20,11:59 PM,Saturday,36814246,English,United States
Impatience of the Heart,Lauro Cress,2025,Drama,0 days 01:44:00,Coolidge Corner Theatre,2025-09-21,11:00 AM,Sunday,52371,English,United States
"RPM Fest Presents Crossing Lines, Films by Raymond Rea",Raymond Rea,1982,Documentary,0 days 01:12:00,The Brattle,2025-09-21,12:00 PM,Sunday,,,
Ghostwatch,Lesley Manning,1992,Horror,0 days 01:31:00,The Brattle,2025-09-21,2:00 PM,Sunday,,,
Night and Day,Hong Sang-soo,2008,Drama,0 days 02:24:00,Harvard Film Archive,2025-09-21,3:00 PM,Sunday,20425100,Korean,South Korea
The Midnight Swim,Sarah Adina Smith,2015,Drama,0 days 01:24:00,The Brattle,2025-09-21,4:15 PM,Sunday,43519862,English,United States
Lake Mungo,Joel Anderson,2009,Horror,0 days 01:27:00,The Brattle,2025-09-21,6:30 PM,Sunday,21652388,English,Australia
On the Occasion of Remembering the Turning Gate,Hong Sang-soo,2002,Drama,0 days 01:56:00,Harvard Film Archive,2025-09-21,7:00 PM,Sunday,7362626,Korean,South Korea
The Sacrament,Ti West,2013,Horror,0 days 01:39:00,The Brattle,2025-09-21,9:00 PM,Sunday,41438706,English,United States
M*A*S*H,Robert Altman,1970,Comedy,0 days 01:56:00,Coolidge Corner Theatre,2025-09-22,7:00 PM,Monday,23784006,English,United States
A Wanderer's Notebook,Mikio Naruse,1962,Drama,0 days 02:04:00,Harvard Film Archive,2025-09-22,7:00 PM,Monday,31750495,Japanese,Japan
Europa Report,Sebastián Cordero,2013,SciFi,0 days 01:30:00,The Brattle,2025-09-22,8:00 PM,Monday,34707165,English,United States
The McPherson Tape,Dean Alioto,1989,Horror,0 days 01:03:00,The Brattle,2025-09-22,9:45 PM,Monday,15686529,English,United States
The Devil's Doorway,Aislinn Clarke,2018,Horror,0 days 01:16:00,The Brattle,2025-09-23,7:00 PM,Tuesday,63406600,English,Ireland
Salli,Lien Chien-Hung,2024,Comedy,0 days 01:46:00,Coolidge Corner Theatre,2025-09-23,7:00 PM,Tuesday,,,
WALL·E,Andrew Stanton,2008,Animation,0 days 01:38:00,Coolidge Corner Theatre,2025-09-23,7:00 PM,Tuesday,8980330,English,United States
The Last Exorcism,Daniel Stamm,2010,Horror,0 days 01:27:00,The Brattle,2025-09-23,8:45 PM,Tuesday,26588977,English,United States
V/H/S/2,"Adam Wingard, Gregg Hale, Eduardo Sánchez, Simon Barrett, Timo Tjahjanto, Jason Eisener, Gareth Evans",2013,Horror,0 days 01:36:00,The Brattle,2025-09-24,9:30 PM,Wednesday,38357481,English,United States
Yen and Ai-Lee,Tom Lin,2024,Drama,0 days 01:47:00,The Brattle,2025-09-25,6:30 PM,Thursday,78117987,Mandarin,Taiwan
Midnight Run,Martin Brest,1988,Action,0 days 02:06:00,West Newton Cinema,2025-09-25,7:00 PM,Thursday,1122030,English,United States
The Trouble with Harry,Alfred Hitchcock,1955,Comedy,0 days 01:39:00,Museum of Fine Arts,2025-09-25,7:00 PM,Thursday,579127,English,United States
Cloverfield,Matt Reeves,2008,Action,0 days 01:24:00,The Brattle,2025-09-25,9:30 PM,Thursday,12064359,English,United States
Magic Mike XXL,Gregory Jacobs,2015,Comedy,0 days 01:55:00,Coolidge Corner Theatre,2025-09-25,9:45 PM,Thursday,43719778,English,United States
8½,Federico Fellini,1963,Drama,0 days 02:19:00,The Brattle,2025-09-26,6:00 PM,Friday,318810,Italian,Italy
Opening Night,John Cassavetes,1977,Drama,0 days 02:24:00,West Newton Cinema,2025-09-26,6:30 PM,Friday,2581818,English,United States
Late Chrysanthemums,Mikio Naruse,1954,Drama,0 days 01:41:00,Harvard Film Archive,2025-09-26,7:00 PM,Friday,18587615,Japanese,Japan
Wife,Mikio Naruse,1953,Drama,0 days 01:36:00,Harvard Film Archive,2025-09-26,9:00 PM,Friday,43865754,Japanese,Japan
Don't Torture a Duckling,Lucio Fulci,1972,Horror,0 days 01:45:00,The Brattle,2025-09-26,9:00 PM,Friday,11510742,Italian,Italy
Hard Boiled,John Woo,1992,Action,0 days 02:06:00,Coolidge Corner Theatre,2025-09-26,11:59 PM,Friday,577618,Cantonese,Hong Kong
The Muppets Take Manhattan,Frank Oz,1984,Romance,0 days 01:34:00,The Brattle,2025-09-26,3:30 PM,Friday,1099178,English,United States
Singin' in the Rain,"Stanley Donen, Gene Kelly",1952,Comedy,0 days 01:43:00,Capitol Theatre,2025-09-26,7:30 PM,Friday,1883157,English,United States
The Rocky Horror Picture Show,Jim Sharman,1975,Comedy,0 days 01:40:00,Somerville Theatre,2025-09-26,11:59 PM,Friday,25491,English,United Kingdom
8½,Federico Fellini,1963,Drama,0 days 02:19:00,The Brattle,2025-09-27,2:00 PM,Saturday,318810,Italian,Italy
The Big Heat,Fritz Lang,1953,Crime,0 days 01:29:00,The Brattle,2025-09-27,5:00 PM,Saturday,1564113,English,United States
Lightning,Mikio Naruse,1952,Drama,0 days 01:27:00,Harvard Film Archive,2025-09-27,7:00 PM,Saturday,23208313,Japanese,Japan
Thief,Michael Mann,1981,Crime,0 days 02:03:00,The Brattle,2025-09-27,7:00 PM,Saturday,1330774,English,United States
Repast,Mikio Naruse,1951,Drama,0 days 01:37:00,Harvard Film Archive,2025-09-27,9:00 PM,Saturday,6584492,Japanese,Japan
Pink Narcissus,James Bidgood,1971,Drama,0 days 01:09:00,The Brattle,2025-09-27,9:45 PM,Saturday,183550,English,U.S.
The Rocky Horror Picture Show,Jim Sharman,1975,Comedy,0 days 01:40:00,Coolidge Corner Theatre,2025-09-27,11:59 PM,Saturday,25491,English,United Kingdom
Bullet in the Head,John Woo,1990,Action,0 days 02:11:00,Coolidge Corner Theatre,2025-09-27,11:59 PM,Saturday,1862671,Cantonese,Hong Kong
Fleischer Fairy Tales,Max Fleischer,1931,Animation,0 days 01:05:00,The Brattle,2025-09-27,12:00 PM,Saturday,,,
Shane,George Stevens,1953,Drama,0 days 01:58:00,Capitol Theatre,2025-09-27,7:30 PM,Saturday,76351,English,United States
Late Chrysanthemums,Mikio Naruse,1954,Drama,0 days 01:41:00,Coolidge Corner Theatre,2025-09-28,3:00 PM,Sunday,18587615,Japanese,Japan
The Sealed Soil,Marva Nabili,1977,Drama,0 days 01:30:00,The Brattle,2025-09-28,4:00 PM,Sunday,,,
Shanghai Express,Josef von Sternberg,1932,Drama,0 days 01:22:00,The Brattle,2025-09-28,6:00 PM,Sunday,61061,English,United States
Wife,Mikio Naruse,1953,Drama,0 days 01:36:00,Harvard Film Archive,2025-09-28,7:00 PM,Sunday,43865754,Japanese,Japan
Four Nights of a Dreamer,Robert Bresson,1972,Drama,0 days 01:22:00,The Brattle,2025-09-28,8:00 PM,Sunday,18555807,French,France
Christopher Strong,Dorothy Arzner,1933,Drama,0 days 01:18:00,The Brattle,2025-09-28,1:30 PM,Sunday,1958815,English,United States
Late Chrysanthemums,Mikio Naruse,1954,Drama,0 days 01:41:00,Harvard Film Archive,2025-09-28,3:00 PM,Sunday,18587615,Japanese,Japan
The Gold Rush,Charlie Chaplin,1925,Adventure,0 days 01:35:00,The Brattle,2025-09-29,4:00 PM,Monday,73882,Silent,United States
7th Heaven,Frank Borzage,1927,Drama,0 days 01:59:00,The Brattle,2025-09-29,6:00 PM,Monday,61049,Sound,United States
Snow White,J. Searle Dawley,1916,Fantasy,0 days 01:03:00,West Newton Cinema,2025-09-29,7:00 PM,Monday,2826225,Silent,United States
M,Fritz Lang,1931,Drama,0 days 01:51:00,Coolidge Corner Theatre,2025-09-29,7:00 PM,Monday,66322,German,Germany
Repast,Mikio Naruse,1951,Drama,0 days 01:37:00,Harvard Film Archive,2025-09-29,7:00 PM,Monday,6584492,Japanese,Japan
Pat Garrett & Billy the Kid,Sam Peckinpah,1973,Western,0 days 01:55:00,The Brattle,2025-09-29,8:30 PM,Monday,2143256,English,United States
Lifeboat,Alfred Hitchcock,1944,War,0 days 01:36:00,The Brattle,2025-09-30,6:00 PM,Tuesday,264869,English,United States
Hour of the Wolf,Ingmar Bergman,1968,Drama,0 days 01:28:00,Coolidge Corner Theatre,2025-09-30,7:00 PM,Tuesday,1724742,Swedish,Sweden
Golden Eighties,Chantal Akerman,1986,Music,0 days 01:36:00,The Brattle,2025-09-30,8:30 PM,Tuesday,64325894,French,Belgium
Heightened Scrutiny,Sam Feder,2025,Documentary,0 days 01:29:00,Coolidge Corner Theatre,2025-10-01,7:15 PM,Wednesday,83347199,English,USA
The Sealed Soil,Marva Nabili,1977,Drama,0 days 01:30:00,The Brattle,2025-10-01,8:00 PM,Wednesday,,,
Amores Perros,Alejandro González Iñárritu,2000,Drama,0 days 02:34:00,The Brattle,2025-10-02,6:00 PM,Thursday,729979,Spanish,Mexico
Rope,Alfred Hitchcock,1948,Thriller,0 days 01:21:00,Coolidge Corner Theatre,2025-10-02,7:00 PM,Thursday,23477436,English,United States
Carrie,Brian De Palma,1976,Horror,0 days 01:38:00,The Brattle,2025-10-02,9:00 PM,Thursday,4899791,English,United States
A Terra! The Cinema of Marta Mateus Program I,Various,1974,Drama,0 days 01:10:00,Harvard Film Archive,2025-10-03,7:00 PM,Friday,,,
Greed,Erich von Stroheim,1924,Drama,0 days 02:20:00,Harvard Film Archive,2025-10-03,8:30 PM,Friday,73930,Silent,United States
Linda Linda Linda,Nobuhiro Yamashita,2005,Comedy,0 days 01:54:00,The Brattle,2025-10-03,8:30 PM,Friday,7587190,Japanese,Japan
Psycho,Alfred Hitchcock,1960,Horror,0 days 01:49:00,Coolidge Corner Theatre,2025-10-03,11:59 PM,Friday,23880,English,United States
Dilwale Dulhania Le Jayenge,Aditya Chopra,1995,Comedy,0 days 03:10:00,Coolidge Corner Theatre,2025-10-04,1:00 PM,Saturday,274258,Hindi,India
Linda Linda Linda,Nobuhiro Yamashita,2005,Comedy,0 days 01:54:00,The Brattle,2025-10-04,"1:30 PM, 6:30 PM",Saturday,7587190,Japanese,Japan
Every-Night Dreams,Mikio Naruse,1933,Drama,0 days 01:05:00,Harvard Film Archive,2025-10-04,7:00 PM,Saturday,37554282,Japanese,Japan
Street Without End,Mikio Naruse,1934,Drama,0 days 01:27:00,Harvard Film Archive,2025-10-04,8:30 PM,Saturday,66481766,Japanese,Japan
The Texas Chain Saw Massacre,Tobe Hooper,1974,Horror,0 days 01:23:00,Coolidge Corner Theatre,2025-10-04,11:59 PM,Saturday,29781,English,United States
Mangrove,Steve McQueen,2020,Drama,0 days 02:13:00,Harvard Film Archive,2025-10-05,3:00 PM,Sunday,64179488,English,United Kingdom
Linda Linda Linda,Nobuhiro Yamashita,2005,Comedy,0 days 01:54:00,The Brattle,2025-10-05,"3:30 PM, 8:30 PM",Sunday,7587190,Japanese,Japan
Jane Austen Wrecked My Life,Laura Piani,2025,Comedy,0 days 01:38:00,West Newton Cinema,2025-10-05,4:00 PM,Sunday,77791089,French,France
Lovers Rock,Steve McQueen,2020,Drama,0 days 01:13:00,Harvard Film Archive,2025-10-05,7:00 PM,Sunday,64179486,English,United Kingdom
Linda Linda Linda,Nobuhiro Yamashita,2005,Comedy,0 days 01:54:00,The Brattle,2025-10-06,6:00 PM,Monday,7587190,Japanese,Japan
The Spirit of the Beehive,Víctor Erice,1973,Drama,0 days 01:38:00,Coolidge Corner Theatre,2025-10-06,7:00 PM,Monday,1583660,Spanish,Spain
The Day a Pig Fell Into the Well,Hong Sang-soo,1996,Drama,0 days 01:57:00,Harvard Film Archive,2025-10-06,7:00 PM,Monday,3603641,Korean,South Korea
Carnival of Souls,Herk Harvey,1962,Horror,0 days 01:18:00,Coolidge Corner Theatre,2025-10-07,7:00 PM,Tuesday,1100688,English,United States
Linda Linda Linda,Nobuhiro Yamashita,2005,Comedy,0 days 01:54:00,The Brattle,2025-10-08,6:00 PM,Wednesday,7587190,Japanese,Japan
Repulsion,Roman Polanski,1965,Drama,0 days 01:45:00,Coolidge Corner Theatre,2025-10-08,7:00 PM,Wednesday,1001142,English,United Kingdom
Madonna: Truth or Dare,Alek Keshishian,1991,Music,0 days 02:00:00,Coolidge Corner Theatre,2025-10-09,7:00 PM,Thursday,5461236,English,United States
12 Angry Men,Sidney Lumet,1957,Drama,0 days 01:37:00,Capitol Theatre,2025-10-10,3:00 PM,Friday,92605,English,United States
By the Stream,Hong Sang-soo,2024,Drama,0 days 01:51:00,Harvard Film Archive,2025-10-10,7:00 PM,Friday,77327003,Korean,South Korea
Nosferatu,F. W. Murnau,1922,Horror,0 days 01:35:00,Capitol Theatre,2025-10-10,7:00 PM,Friday,82423,Silent,Weimar Republic
Our Sunhi,Hong Sang-soo,2013,Romance,0 days 01:29:00,Harvard Film Archive,2025-10-10,9:15 PM,Friday,40284801,Korean,South Korea
Prom Night,Paul Lynch,1980,Horror,0 days 01:33:00,Coolidge Corner Theatre,2025-10-10,11:59 PM,Friday,2497347,English,Canada
Gosford Park,Robert Altman,2001,Drama,0 days 02:17:00,Museum of Fine Arts,2025-10-11,2:30 PM,Saturday,142476,English,United Kingdom
"Suddenly, Last Summer",Joseph L. Mankiewicz,1959,Thriller,0 days 01:54:00,Harvard Film Archive,2025-10-11,7:00 PM,Saturday,7771844,English,United Kingdom
I Accuse!,José Ferrer,1958,Drama,0 days 01:39:00,Harvard Film Archive,2025-10-11,9:30 PM,Saturday,22811714,English,United Kingdom
The Prowler,Joseph Zito,1981,Horror,0 days 01:29:00,Coolidge Corner Theatre,2025-10-11,11:59 PM,Saturday,9489391,English,United States
Diabolique,Henri-Georges Clouzot,1955,Thriller,0 days 01:57:00,Coolidge Corner Theatre,2025-10-12,2:00 PM,Sunday,152749,French,France
"Suddenly, Last Summer",Joseph L. Mankiewicz,1959,Thriller,0 days 01:54:00,Harvard Film Archive,2025-10-12,3:00 PM,Sunday,7771844,English,United Kingdom
"Red, White and Blue",Steve McQueen,2020,Drama,0 days 01:20:00,Harvard Film Archive,2025-10-12,7:00 PM,Sunday,65968147,English,United Kingdom
The Lost Boys,Joel Schumacher,1987,Horror,0 days 01:37:00,The Brattle,2025-10-13,6:00 PM,Monday,673472,English,United States
The Phantom of the Opera,Rupert Julian,1925,Horror,0 days 01:47:00,Coolidge Corner Theatre,2025-10-13,7:00 PM,Monday,308930,Silent,United States
A Terra! The Cinema of Marta Mateus Program III,Various,1962,Drama,0 days 01:25:00,Harvard Film Archive,2025-10-13,7:00 PM,Monday,,,
Possession,Andrzej Żuławski,1981,Horror,0 days 02:04:00,Coolidge Corner Theatre,2025-10-14,7:00 PM,Tuesday,5542682,English,France
Simple Men,Hal Hartley,1992,Crime,0 days 01:45:00,The Brattle,2025-10-15,4:00 PM,Wednesday,6394318,English,United States
The Unbelievable Truth,Hal Hartley,1990,Comedy,0 days 01:30:00,The Brattle,2025-10-15,6:15 PM,Wednesday,7760868,English,United States
Kwaidan,Masaki Kobayashi,1965,Horror,0 days 03:03:00,Coolidge Corner Theatre,2025-10-15,7:00 PM,Wednesday,1268511,Japanese,Japan
I Know What You Did Last Summer,Jim Gillespie,1997,Horror,0 days 01:40:00,The Speedway,2025-10-15,8:00 PM,Wednesday,255049,English,United States
Trust,Hal Hartley,1990,Drama,0 days 01:47:00,The Brattle,2025-10-15,8:15 PM,Wednesday,4056928,,United States
Under the Skin,Jonathan Glazer,2014,Thriller,0 days 01:48:00,Coolidge Corner Theatre,2025-10-21,7:00 PM,Tuesday,39502001,English,United Kingdom
The Fog,John Carpenter,1980,Horror,0 days 01:30:00,Somerville Theatre,2025-10-21,7:30 PM,Tuesday,1443093,English,United States
Mad Monster Party?,Jules Bass,1967,Animation,0 days 01:35:00,Somerville Theatre,2025-10-22,7:30 PM,Wednesday,7392111,English,United States
The Crowd,King Vidor,1928,Drama,0 days 01:38:00,Coolidge Corner Theatre,2025-10-23,4:00 PM,Thursday,928593,Silent,United States
Practical Magic,Griffin Dunne,1998,Romance,0 days 01:44:00,The Brattle,2025-10-23,5:30 PM,Thursday,89445,English,United States
The Devil's Backbone,Guillermo del Toro,2001,Fantasy,0 days 01:48:00,Coolidge Corner Theatre,2025-10-23,7:00 PM,Thursday,5523710,Spanish,Spain
Frankenstein,James Whale,1931,Drama,0 days 01:10:00,West Newton Cinema,2025-10-23,7:00 PM,Thursday,73488,English,United States
Child's Play 2,John Lafia,1990,Horror,0 days 01:24:00,Coolidge Corner Theatre,2025-10-23,9:30 PM,Thursday,534812,English,United States
Gods and Monsters,Bill Condon,1998,Drama,0 days 01:45:00,The Brattle,2025-10-24,3:30 PM,Friday,171555,English,United Kingdom
Brother and Sister,Mikio Naruse,1953,Drama,0 days 01:26:00,Harvard Film Archive,2025-10-24,7:00 PM,Friday,,,
Days of Wine and Roses,Blake Edwards,1963,Drama,0 days 01:57:00,West Newton Cinema,2025-10-24,7:00 PM,Friday,161866,English,United States
Moment of Terror,Mikio Naruse,1966,Crime,0 days 01:40:00,Harvard Film Archive,2025-10-24,9:00 PM,Friday,2513971,English,United States
The Rocky Horror Picture Show,Jim Sharman,1975,Comedy,0 days 01:40:00,Coolidge Corner Theatre,2025-10-24,11:59 PM,Friday,25491,English,United Kingdom
E.T. the Extra-Terrestrial,Steven Spielberg,1982,SciFi,0 days 01:55:00,Coolidge Corner Theatre,2025-10-25,10:30 AM,Saturday,73441,English,United States
The Tender Bar,George Clooney,2021,Drama,0 days 01:44:00,Somerville Theatre,2025-10-25,1:00 PM,Saturday,66061508,English,United States
The Apartment,Billy Wilder,1960,Comedy,0 days 02:05:00,West Newton Cinema,2025-10-25,3:20 PM,Saturday,43849,English,United States
Some Like It Hot,Billy Wilder,1959,Comedy,0 days 02:02:00,West Newton Cinema,2025-10-25,6:15 PM,Saturday,76366,English,United States
Fire of Wind,Marta Mateus,2024,Drama,0 days 01:12:00,Harvard Film Archive,2025-10-25,7:00 PM,Saturday,,,
24th Halloween Horror Marathon,Various,2025,Horror,0 days 12:00:00,Coolidge Corner Theatre,2025-10-25,11:30 PM,Saturday,,,
Hotel Transylvania,Genndy Tartakovsky,2012,Animation,0 days 01:31:00,West Newton Cinema,2025-10-26,11:00 AM,Sunday,31327794,English,United States
The Odd Couple,Gene Saks,1968,Comedy,0 days 01:46:00,West Newton Cinema,2025-10-26,1:00 PM,Sunday,6492614,English,United States
A Girl Walks Home Alone at Night,Ana Lily Amirpour,2014,Horror,0 days 01:41:00,Coolidge Corner Theatre,2025-10-26,2:00 PM,Sunday,41301968,Persian,United States
I Accuse!,José Ferrer,1958,Drama,0 days 01:39:00,Harvard Film Archive,2025-10-26,3:00 PM,Sunday,22811714,English,United Kingdom
The Woman Who Ran,Hong Sang-soo,2020,Drama,0 days 01:17:00,Harvard Film Archive,2025-10-26,7:00 PM,Sunday,63110771,Korean,South Korea
Jonathan,Hans W. Geißendörfer,1970,Horror,0 days 01:37:00,The Brattle,2025-10-27,6:30 PM,Monday,38024097,German,West Germany
"Farpões, baldios / O Pão","Marta Mateus, Manoel de Oliveira",1963,Drama,0 days 00:47:00,Harvard Film Archive,2025-10-27,7:00 PM,Monday,,,
Ed Wood,Tim Burton,1994,Comedy,0 days 02:07:00,Coolidge Corner Theatre,2025-10-27,7:00 PM,Monday,528464,English,United States
The Omen,Richard Donner,1976,Horror,0 days 01:51:00,Somerville Theatre,2025-10-27,7:30 PM,Monday,186856,English,United Kingdom
Lady Dracula,Franz Josef Gottlieb,1977,Comedy,0 days 01:19:00,The Brattle,2025-10-27,9:00 PM,Monday,62067684,German,West Germany
A Terra! The Cinema of Marta Mateus Program III,Various,1962,Drama,0 days 01:25:00,Harvard Film Archive,2025-10-27,9:00 PM,Monday,,,
A Nightmare on Elm Street 3: Dream Warriors,Chuck Russell,1987,Horror,0 days 01:36:00,The Brattle,2025-10-28,6:00 PM,Tuesday,3037946,English,United States
Ghostbusters,Ivan Reitman,1984,Comedy,0 days 01:47:00,Somerville Theatre,2025-10-28,7:00 PM,Tuesday,205013,English,United States
The Substance,Coralie Fargeat,2024,Horror,0 days 02:21:00,Coolidge Corner Theatre,2025-10-28,7:00 PM,Tuesday,70519613,English,France
Tenderness of the Wolves,Ulli Lommel,1973,Horror,0 days 01:22:00,The Brattle,2025-10-28,9:00 PM,Tuesday,27249473,German,West Germany
Re-Animator,Stuart Gordon,1985,SciFi,0 days 01:26:00,Somerville Theatre,2025-10-28,9:30 PM,Tuesday,1129009,English,United States
Tigers Are Not Afraid,Issa López,2017,Fantasy,0 days 01:23:00,The Brattle,2025-10-29,5:00 PM,Wednesday,61595904,es,Mexico
Candyman,Nia DaCosta,2021,Horror,0 days 01:31:00,Coolidge Corner Theatre,2025-10-29,7:00 PM,Wednesday,62150510,English,United States
The Witches of Eastwick,George Miller,1987,Comedy,0 days 01:58:00,Somerville Theatre,2025-10-29,7:00 PM,Wednesday,5526366,English,United States
Oddity,Damian McCarthy,2024,Horror,0 days 01:38:00,The Brattle,2025-10-29,7:00 PM,Wednesday,76591225,English,Ireland
Mandy,Panos Cosmatos,2018,Fantasy,0 days 02:02:00,The Brattle,2025-10-29,9:15 PM,Wednesday,56359151,English,Belgium
Wolf,Mike Nichols,1994,Horror,0 days 02:05:00,Somerville Theatre,2025-10-29,9:20 PM,Wednesday,686022,English,United States
Elvira: Mistress of the Dark,James Signorelli,1988,Comedy,0 days 01:36:00,Coolidge Corner Theatre,2025-10-30,7:00 PM,Thursday,4227273,English,United States
Copycat,Jon Amiel,1995,Thriller,0 days 02:04:00,Somerville Theatre,2025-10-30,7:00 PM,Thursday,3154773,English,United States
The Pit and the Pendulum,Roger Corman,1961,Horror,0 days 01:21:00,Capitol Theatre,2025-10-30,7:30 PM,Thursday,5422414,English,United States
The Silence of the Lambs,Jonathan Demme,1991,Crime,0 days 01:59:00,Somerville Theatre,2025-10-30,9:20 PM,Thursday,30006,English,United States
Scary Movie,Keenen Ivory Wayans,2000,Comedy,0 days 01:28:00,Coolidge Corner Theatre,2025-10-30,9:30 PM,Thursday,277667,English,United States
The Crow,Alex Proyas,1994,Fantasy,0 days 01:42:00,The Brattle,2025-10-30,10:30 PM,Thursday,406339,English,United States
Arsenic and Old Lace,Frank Capra,1944,Comedy,0 days 01:58:00,West Newton Cinema,2025-10-31,1:00 PM,Friday,787704,English,United States
Bram Stoker's Dracula,Francis Ford Coppola,1992,Romance,0 days 02:08:00,The Brattle,2025-10-31,3:30 PM,Friday,337740,English,United States
Ginza Cosmetics,Mikio Naruse,1951,Drama,0 days 01:27:00,Harvard Film Archive,2025-10-31,7:00 PM,Friday,31731713,Japanese,Japan
Psycho,Alfred Hitchcock,1960,Horror,0 days 01:49:00,Capitol Theatre,2025-10-31,7:00 PM,Friday,23880,English,United States
Sinners,Ryan Coogler,2025,Horror,0 days 02:18:00,Museum of Fine Arts,2025-10-31,7:00 PM,Friday,75895455,English,United States
The Song Lantern,Mikio Naruse,1943,Drama,0 days 01:33:00,Harvard Film Archive,2025-10-31,9:00 PM,Friday,72076809,Japanese,Japan
The Rocky Horror Picture Show,Jim Sharman,1975,Comedy,0 days 01:40:00,Somerville Theatre,2025-10-31,9:00 PM,Friday,25491,English,United Kingdom
Phantasm,Don Coscarelli,1979,Horror,0 days 01:29:00,Capitol Theatre,2025-10-31,9:10 PM,Friday,1802400,English,United States
Halloween,John Carpenter,1978,Horror,0 days 01:31:00,Coolidge Corner Theatre,2025-10-31,11:59 PM,Friday,20179415,English,United States
Fairyland,Andrew Durham,2023,Drama,0 days 01:54:00,Coolidge Corner Theatre,2025-11-01,2:00 PM,Saturday,71693627,English,United States
"Learn from Experience, Part One",Mikio Naruse,1937,Drama,0 days 01:18:00,Harvard Film Archive,2025-11-01,7:00 PM,Saturday,,,
A Hard Day's Night,Richard Lester,1964,Comedy,0 days 01:28:00,Capitol Theatre,2025-11-01,7:30 PM,Saturday,248601,English,United Kingdom
"Learn from Experience, Part Two",Mikio Naruse,1937,Drama,0 days 01:19:00,Harvard Film Archive,2025-11-01,8:45 PM,Saturday,3825974,English,United States
Halloween II,Rob Zombie,2009,Horror,0 days 01:45:00,Coolidge Corner Theatre,2025-11-01,11:59 PM,Saturday,20736730,English,United States
6-A Akash Ganga,Nirmal Chander,2023,Documentary,0 days 02:00:00,Coolidge Corner Theatre,2025-11-02,2:00 PM,Sunday,2725075,Hindi,India
The Thomas Crown Affair,Norman Jewison,1968,Crime,0 days 01:42:00,Museum of Fine Arts,2025-11-02,2:30 PM,Sunday,2367145,English,United States
Our Sunhi,Hong Sang-soo,2013,Romance,0 days 01:29:00,Harvard Film Archive,2025-11-02,3:00 PM,Sunday,40284801,Korean,South Korea
The Road I Travel With You / Avalanche,Mikio Naruse,1936,Drama,0 days 02:08:00,Harvard Film Archive,2025-11-02,7:00 PM,Sunday,,,
No! YOU'RE WRONG. or: Spooky Action at a Distance,,,,,,2025-11-03,,Monday,,,
The Girl in the Rumor,Mikio Naruse,1935,Drama,0 days 00:55:00,Harvard Film Archive,2025-11-03,7:00 PM,Monday,66400499,Japanese,Japan
The Wiser Age,Mikio Naruse,1962,Drama,0 days 01:51:00,Harvard Film Archive,2025-11-03,8:15 PM,Monday,950929,English,United States
Au Hasard Balthazar,Robert Bresson,1966,Drama,0 days 01:36:00,Coolidge Corner Theatre,2025-11-06,7:00 PM,Thursday,1885499,French,France
Love Story,Arthur Hiller,1970,Romance,0 days 01:39:00,Capitol Theatre,2025-11-06,7:30 PM,Thursday,99461,English,United States
Donnie Darko,Richard Kelly,2001,Fantasy,0 days 01:54:00,Coolidge Corner Theatre,2025-11-06,9:45 PM,Thursday,57820,English,United States
Let Us Live,John Brahm,1939,Crime,0 days 01:05:00,Harvard Film Archive,2025-11-07,7:00 PM,Friday,33000092,English,United States
"There Was, There Was Not",Emily Mkrtichian,2025,Documentary,0 days 01:35:00,West Newton Cinema,2025-11-07,7:00 PM,Friday,,,
The Sting,George Roy Hill,1973,Comedy,0 days 02:09:00,Capitol Theatre,2025-11-07,7:30 PM,Friday,62440,English,United States
Washington Merry-Go-Round,James Cruze,1932,Drama,0 days 01:19:00,Harvard Film Archive,2025-11-07,8:45 PM,Friday,39674347,English,United States
Miracle in Milan / Killer of Sheep,"Vittorio De Sica, Charles Burnett",1951,Drama,0 days 03:04:00,Harvard Film Archive,2025-11-08,2:00 PM,Saturday,,,
GODZILLATHON,Various,1954,Horror,0 days 11:40:00,Somerville Theatre,2025-11-08,2:00 PM,Saturday,,,
Address Unknown,William Cameron Menzies,1944,Drama,0 days 01:15:00,Harvard Film Archive,2025-11-08,7:00 PM,Saturday,20760084,English,United States
Saturday Night Fever,John Badham,1977,Music,0 days 01:58:00,Capitol Theatre,2025-11-08,7:30 PM,Saturday,54175,English,United States
The Brave Bulls,Robert Rossen,1951,Drama,0 days 01:47:00,Harvard Film Archive,2025-11-08,9:00 PM,Saturday,48139564,English,United States
Amar Akbar Anthony,Manmohan Desai,1977,Action,0 days 03:04:00,Coolidge Corner Theatre,2025-11-09,1:00 PM,Sunday,1205729,Hindi,India
The Day a Pig Fell Into the Well,Hong Sang-soo,1996,Drama,0 days 01:57:00,Harvard Film Archive,2025-11-09,3:00 PM,Sunday,3603641,Korean,South Korea
The Muppet Movie,James Frawley,1979,Comedy,0 days 01:37:00,Capitol Theatre,2025-11-09,4:00 PM,Sunday,876728,English,United Kingdom
Under Age / Girls Under 21,"Edward Dmytryk, Max Nosseck",1940,Drama,0 days 02:43:00,Harvard Film Archive,2025-11-09,7:00 PM,Sunday,,,
The Grapes of Wrath,John Ford,1940,Drama,0 days 02:09:00,Coolidge Corner Theatre,2025-11-10,7:00 PM,Monday,4350811,English,United States
Jordan Belson by Raymond Foye - Program i,Jordan Belson,1951,Animation,0 days 00:51:00,Harvard Film Archive,2025-11-10,7:00 PM,Monday,,,
You've Got Mail,Nora Ephron,1998,Comedy,0 days 01:59:00,Coolidge Corner Theatre,2025-11-13,7:00 PM,Thursday,158982,English,United States
Network,Sidney Lumet,1976,Drama,0 days 02:02:00,Capitol Theatre,2025-11-13,7:30 PM,Thursday,101935,English,United States
Mysterious Intruder,William Castle,1946,Mystery,0 days 01:01:00,Harvard Film Archive,2025-11-14,7:00 PM,Friday,39976667,English,United States
E.T. the Extra-Terrestrial,Steven Spielberg,1982,SciFi,0 days 01:55:00,Capitol Theatre,2025-11-14,7:00 PM,Friday,73441,English,United States
Ladies in Retirement,Charles Vidor,1941,Drama,0 days 01:31:00,Harvard Film Archive,2025-11-14,8:30 PM,Friday,10872789,English,United States
Gunman's Walk,Phil Karlson,1958,Western,0 days 01:37:00,Harvard Film Archive,2025-11-15,7:00 PM,Saturday,32812378,English,United States
Thunderhoof,Phil Karlson,1948,Romance,0 days 01:17:00,Harvard Film Archive,2025-11-15,9:00 PM,Saturday,63526212,English,United States
Smoke Signals,Chris Eyre,1998,Drama,0 days 01:29:00,West Newton Cinema,2025-11-27,"12:45 PM, 8:15 PM",Thursday,1469880,English,Plainlist
Home Alone,Chris Columbus,1990,Comedy,0 days 01:43:00,The Brattle,2025-11-27,"2:45 PM, 7:00 PM",Thursday,216072,English,United States
Risky Business,Paul Brickman,1983,Romance,0 days 01:38:00,The Brattle,2025-11-27,"4:45 PM, 9:00 PM",Thursday,561226,English,United States
They Live,John Carpenter,1988,SciFi,0 days 01:33:00,The Brattle,2025-11-28,1:15 PM,Friday,342556,English,United States
Josie and the Pussycats,"Deborah Kaplan, Harry Elfont",2001,Comedy,0 days 01:38:00,The Brattle,2025-11-28,3:30 PM,Friday,754323,English,United States
Child's Play,Tom Holland,1988,Horror,0 days 01:27:00,The Brattle,2025-11-28,"6:00 PM, 10:00 PM",Friday,534792,English,United States
Poltergeist III,Gary Sherman,1988,Horror,0 days 01:38:00,The Brattle,2025-11-28,8:00 PM,Friday,3316533,English,United States
The Visit,M. Night Shyamalan,2015,Horror,0 days 01:34:00,Coolidge Corner Theatre,2025-11-28,11:59 PM,Friday,43633622,English,United States
Where the Wild Things Are,Spike Jonze,2009,Fantasy,0 days 01:41:00,Coolidge Corner Theatre,2025-11-29,10:30 AM,Saturday,3677015,English,Australia
The Untouchables,Brian De Palma,1987,Crime,0 days 01:59:00,The Brattle,2025-11-29,"1:00 PM, 6:15 PM",Saturday,3842730,English,United States
Ben-Hur,William Wyler,1959,History,0 days 03:42:00,Harvard Film Archive,2025-11-29,2:00 PM,Saturday,1343342,English,United States
The Fugitive,Andrew Davis,1993,Action,0 days 02:11:00,The Brattle,2025-11-29,"3:30 PM, 8:45 PM",Saturday,1822067,English,United States
Trap,M. Night Shyamalan,2024,Crime,0 days 01:45:00,Coolidge Corner Theatre,2025-11-29,11:59 PM,Saturday,71946032,English,United States
Where the Wild Things Are,Spike Jonze,2009,Fantasy,0 days 01:41:00,Coolidge Corner Theatre,2025-11-30,10:30 AM,Sunday,3677015,English,Australia
Call Northside 777,Henry Hathaway,1948,Crime,0 days 01:51:00,The Brattle,2025-11-30,1:00 PM,Sunday,1611590,English,United States
Boyhood,Richard Linklater,2014,Drama,0 days 02:46:00,Coolidge Corner Theatre,2025-11-30,1:00 PM,Sunday,11055577,English,United States
Ben-Hur,William Wyler,1959,History,0 days 03:42:00,Harvard Film Archive,2025-11-30,2:00 PM,Sunday,1343342,English,United States
Love Jones,Theodore Witcher,1997,Comedy,0 days 01:48:00,The Brattle,2025-11-30,"3:45 PM, 8:30 PM",Sunday,2812852,English,United States
About Last Night...,Edward Zwick,1986,Comedy,0 days 01:53:00,The Brattle,2025-11-30,6:00 PM,Sunday,936787,English,United States
Cooley High,Michael Schultz,1975,Comedy,0 days 01:47:00,The Brattle,2025-12-01,"4:00 PM, 6:30 PM",Monday,1692374,English,United States
Master and Commander: The Far Side of the World,Peter Weir,2003,Adventure,0 days 02:18:00,Coolidge Corner Theatre,2025-12-01,7:00 PM,Monday,370858,English,United States
Myra Breckinridge,Michael Sarne,1970,Comedy,0 days 01:34:00,Harvard Film Archive,2025-12-01,7:00 PM,Monday,6782517,English,United States
Candyman,Nia DaCosta,2021,Horror,0 days 01:31:00,The Brattle,2025-12-01,9:00 PM,Monday,62150510,English,United States
Go Fish,Rose Troche,1994,Drama,0 days 01:23:00,The Brattle,2025-12-02,"6:00 PM, 8:00 PM",Tuesday,6721185,English,United States
Nirvanna the Band the Show the Movie,Matt Johnson,2026,Comedy,0 days 01:40:00,Coolidge Corner Theatre,2025-12-02,7:00 PM,Tuesday,75165538,English,Canada
Blue Moon,Richard Linklater,2025,Comedy,0 days 01:40:00,Coolidge Corner Theatre,2025-12-03,"2:00 PM, 2:30 PM",Wednesday,77178873,English,United States
Hundreds of Beavers,Mike Cheslik,2024,Comedy,0 days 01:48:00,Somerville Theatre,2025-12-03,"6:00 PM, 8:20 PM",Wednesday,76208655,English,United States
High Fidelity,Stephen Frears,2000,Drama,0 days 01:53:00,The Brattle,2025-12-03,6:00 PM,Wednesday,160047,English,United Kingdom
Jupiter Ascending,"Lana Wachowski, Lilly Wachowski",2015,SciFi,0 days 02:07:00,The Brattle,2025-12-03,8:30 PM,Wednesday,37599043,English,United States
Nimona,"Nick Bruno, Troy Quane",2023,Adventure,0 days 01:39:00,Coolidge Corner Theatre,2025-12-04,6:00 PM,Thursday,70090285,English,United States
8 Women,François Ozon,2002,Comedy,0 days 01:51:00,Museum of Fine Arts,2025-12-04,7:00 PM,Thursday,2594435,French,France
Carol,Todd Haynes,2015,Romance,0 days 01:58:00,Coolidge Corner Theatre,2025-12-04,9:30 PM,Thursday,39562051,English,United Kingdom
Yi Yi,Edward Yang,2000,Drama,0 days 02:53:00,The Brattle,2025-12-05,6:00 PM,Friday,3710372,Mandarin,Taiwan
Don Hertzfeldt’s Animation Mixtape,Various,2025,Animation,0 days 01:25:00,The Brattle,2025-12-05,9:30 PM,Friday,,,
Commando,Mark L. Lester,1985,Action,0 days 01:30:00,Coolidge Corner Theatre,2025-12-05,11:59 PM,Friday,230483,English,United States
Devdas,Sanjay Leela Bhansali,2002,Drama,0 days 03:05:00,Coolidge Corner Theatre,2025-12-06,1:00 PM,Saturday,,,
Yi Yi,Edward Yang,2000,Drama,0 days 02:53:00,The Brattle,2025-12-06,"2:30 PM, 6:00 PM",Saturday,3710372,Mandarin,Taiwan
Don Hertzfeldt’s Animation Mixtape,Various,2025,Animation,0 days 01:25:00,The Brattle,2025-12-06,9:30 PM,Saturday,,,
Demolition Man,Marco Brambilla,1993,Crime,0 days 01:55:00,Coolidge Corner Theatre,2025-12-06,11:59 PM,Saturday,548669,,United States
Best of RPM 2025,Various,2025,Documentary,0 days 01:30:00,The Brattle,2025-12-07,2:00 PM,Sunday,,,
Yi Yi,Edward Yang,2000,Drama,0 days 02:53:00,The Brattle,2025-12-07,"4:30 PM, 8:00 PM",Sunday,3710372,Mandarin,Taiwan
Yi Yi,Edward Yang,2000,Drama,0 days 02:53:00,The Brattle,2025-12-08,3:00 PM,Monday,3710372,Mandarin,Taiwan
Resurrection,Bi Gan,2025,Drama,0 days 02:40:00,Coolidge Corner Theatre,2025-12-08,6:30 PM,Monday,79910828,Mandarin,China
None Shall Escape,André de Toth,1944,War,0 days 01:25:00,Harvard Film Archive,2025-12-08,7:00 PM,Monday,9742232,English,United States
Our Hospitality,"Buster Keaton, John G. Blystone",1923,Comedy,0 days 01:13:00,Coolidge Corner Theatre,2025-12-09,7:00 PM,Tuesday,2685258,Silent,United States
Yi Yi,Edward Yang,2000,Drama,0 days 02:53:00,The Brattle,2025-12-09,8:00 PM,Tuesday,3710372,Mandarin,Taiwan
First Reformed,Paul Schrader,2018,Drama,0 days 01:53:00,Coolidge Corner Theatre,2025-12-10,7:00 PM,Wednesday,54729955,English,United States
Yi Yi,Edward Yang,2000,Drama,0 days 02:53:00,The Brattle,2025-12-10,7:30 PM,Wednesday,3710372,Mandarin,Taiwan
We're No Angels,Michael Curtiz,1955,Comedy,0 days 01:46:00,The Brattle,2025-12-11,6:00 PM,Thursday,3585054,English,United States
Tokyo Godfathers,Satoshi Kon,2003,Animation,0 days 01:32:00,Coolidge Corner Theatre,2025-12-11,7:00 PM,Thursday,981874,Japanese,Japan
We're No Angels,Neil Jordan,1989,Comedy,0 days 01:46:00,The Brattle,2025-12-11,8:30 PM,Thursday,10587298,English,United States
It's a Wonderful Life,Frank Capra,1946,Drama,0 days 02:10:00,The Brattle,2025-12-12,"3:30 PM, 6:30 PM",Friday,60164,English,United States
My Sister Eileen,Alexander Hall,1942,Comedy,0 days 01:36:00,Harvard Film Archive,2025-12-12,7:00 PM,Friday,24067673,English,United States
Together Again,Charles Vidor,1944,Comedy,0 days 01:33:00,Harvard Film Archive,2025-12-12,9:00 PM,Friday,27533931,English,United States
Don't Open Till Christmas,"Edmund Purdom, Alan Birkinshaw",1984,Thriller,0 days 01:27:00,The Brattle,2025-12-12,9:30 PM,Friday,25502856,English,United Kingdom
Striptease,Andrew Bergman,1996,Comedy,0 days 01:55:00,Coolidge Corner Theatre,2025-12-12,11:59 PM,Friday,18943833,English,United States
It's a Wonderful Life,Frank Capra,1946,Drama,0 days 02:10:00,The Brattle,2025-12-13,"12:00 PM, 3:00 PM, 6:00 PM",Saturday,60164,English,United States
Rebel Without a Cause / High School,"Nicholas Ray. Frederick Wiseman, Jack Kinney",1953,Drama,0 days 03:07:00,Harvard Film Archive,2025-12-13,2:00 PM,Saturday,,,
The Librarians,Kim A. Snyder,2025,Documentary,0 days 01:32:00,Coolidge Corner Theatre,2025-12-13,2:00 PM,Saturday,79003235,English,United States
Women's Prison,Lewis Seiler,1955,Drama,0 days 01:19:00,Harvard Film Archive,2025-12-13,7:00 PM,Saturday,33055398,English,United States
Pickup,Hugo Haas,1951,Drama,0 days 01:18:00,Harvard Film Archive,2025-12-13,9:00 PM,Saturday,37126793,English,United States
Pumping Iron,"Robert Fiore, George Butler",1977,Documentary,0 days 01:26:00,Coolidge Corner Theatre,2025-12-13,11:59 PM,Saturday,83448,English,
Hysteria,Mehmet Akif Büyükatalay,2025,Thriller,0 days 01:43:00,Coolidge Corner Theatre,2025-12-14,11:00 AM,Sunday,78930639,Turkish,Germany
It's a Wonderful Life,Frank Capra,1946,Drama,0 days 02:10:00,The Brattle,2025-12-14,"12:00 PM, 3:00 PM, 6:00 PM",Sunday,60164,English,United States
Vanity Street / Three Wise Girls,"Nicholas Grinde, William Beaudine",1932,Drama,0 days 02:14:00,Harvard Film Archive,2025-12-14,3:00 PM,Sunday,,,
None Shall Escape,André de Toth,1944,War,0 days 01:25:00,Harvard Film Archive,2025-12-14,7:00 PM,Sunday,9742232,English,United States
It's a Wonderful Life,Frank Capra,1946,Drama,0 days 02:10:00,The Brattle,2025-12-15,6:00 PM,Monday,60164,English,United States
Every-Night Dreams,Mikio Naruse,1933,Drama,0 days 01:05:00,Harvard Film Archive,2025-12-15,7:00 PM,Monday,37554282,Japanese,Japan
Kill Bill: The Whole Bloody Affair,Quentin Tarantino,2011,Action,0 days 04:07:00,Coolidge Corner Theatre,2025-12-15,6:30 PM,Monday,81317584,English,United States
Eyes Wide Shut,Stanley Kubrick,1999,Drama,0 days 02:39:00,The Brattle,2025-12-15,9:00 PM,Monday,9979,English,United Kingdom
Emma.,Autumn de Wilde,2020,Comedy,0 days 02:05:00,The Brattle,2025-12-16,"3:30 PM, 9:00 PM",Tuesday,58910666,English,United Kingdom
Pride & Prejudice,Joe Wright,2005,Drama,0 days 02:07:00,The Brattle,2025-12-16,6:15 PM,Tuesday,2312056,English,United Kingdom
Metropolitan,Whit Stillman,1990,Comedy,0 days 01:39:00,The Brattle,2025-12-17,6:30 PM,Wednesday,3493786,English,United States
All the President's Men,Alan J. Pakula,1976,Drama,0 days 02:18:00,The Brattle,2025-12-18,6:00 PM,Thursday,3876620,English,United States
The Santa Clause,John Pasquin,1994,Fantasy,0 days 01:37:00,Coolidge Corner Theatre,2025-12-18,7:00 PM,Thursday,144415,English,United States
Three Days of the Condor,Sydney Pollack,1975,Thriller,0 days 01:57:00,The Brattle,2025-12-18,8:45 PM,Thursday,470185,English,United States
A Face in the Crowd,Elia Kazan,1957,Drama,0 days 02:05:00,West Newton Cinema,2025-12-18,4:00 PM,Thursday,2019404,English,United States
The Natural,Barry Levinson,1984,Drama,0 days 02:17:00,The Brattle,2025-12-19,7:00 PM,Friday,11213660,English,United States
The Room,Tommy Wiseau,2003,Drama,0 days 01:39:00,Coolidge Corner Theatre,2025-12-19,11:59 PM,Friday,5443971,English,United States
Die Hard,John McTiernan,1988,Action,0 days 02:12:00,Coolidge Corner Theatre,2025-12-19,11:59 PM,Friday,97646,English,United States
The Muppet Christmas Carol,Brian Henson,1992,Music,0 days 01:25:00,Coolidge Corner Theatre,2025-12-20,10:30 AM,Saturday,1131832,English,United States
The Natural,Barry Levinson,1984,Drama,0 days 02:17:00,The Brattle,2025-12-20,12:30 PM,Saturday,11213660,English,United States
Butch Cassidy and the Sundance Kid,George Roy Hill,1969,Adventure,0 days 01:51:00,The Brattle,2025-12-20,"3:30 PM, 8:30 PM",Saturday,99031,English,United States
The Sting,George Roy Hill,1973,Comedy,0 days 02:09:00,The Brattle,2025-12-20,6:00 PM,Saturday,62440,English,United States
Charlie's Angels: Full Throttle,McG,2003,Action,0 days 01:46:00,Coolidge Corner Theatre,2025-12-20,11:59 PM,Saturday,256337,English,United States
The Muppet Christmas Carol,Brian Henson,1992,Music,0 days 01:25:00,Coolidge Corner Theatre,2025-12-21,10:30 AM,Sunday,1131832,English,United States
All the President's Men,Alan J. Pakula,1976,Drama,0 days 02:18:00,The Brattle,2025-12-21,12:30 PM,Sunday,3876620,English,United States
Elie Wiesel: Soul on Fire,Oren Rudavsky,2024,Documentary,0 days 01:28:00,Coolidge Corner Theatre,2025-12-21,2:00 PM,Sunday,,,
The Hot Rock,Peter Yates,1972,Crime,0 days 01:41:00,The Brattle,2025-12-21,"3:45 PM, 8:30 PM",Sunday,5080099,English,United States
The Candidate,Michael Ritchie,1972,Comedy,0 days 01:50:00,The Brattle,2025-12-21,6:00 PM,Sunday,3232438,English,United States
The Electric Horseman,Sydney Pollack,1979,Drama,0 days 02:02:00,The Brattle,2025-12-22,"3:30 PM, 8:15 PM",Monday,2022395,English,United States
Jeremiah Johnson,Sydney Pollack,1972,Adventure,0 days 01:48:00,The Brattle,2025-12-22,6:00 PM,Monday,649482,English,United States
White Christmas,Michael Curtiz,1954,Comedy,0 days 02:00:00,Coolidge Corner Theatre,2025-12-22,7:00 PM,Monday,2817162,English,United States
Downhill Racer,Michael Ritchie,1969,Drama,0 days 01:41:00,The Brattle,2025-12-23,"3:45 PM, 8:30 PM",Tuesday,6168251,English,United States
Ordinary People,Robert Redford,1980,Drama,0 days 02:04:00,The Brattle,2025-12-23,6:00 PM,Tuesday,106335,English,United States
Brazil,Terry Gilliam,1985,Comedy,0 days 02:23:00,The Brattle,2025-12-25,"6:00 PM, 9:00 PM",Thursday,74537,English,United Kingdom
Charade,Stanley Donen,1963,Comedy,0 days 01:53:00,The Brattle,2025-12-25,3:30 PM,Thursday,899442,English,United States
Brazil,Terry Gilliam,1985,Comedy,0 days 02:23:00,The Brattle,2025-12-26,"6:00 PM, 9:00 PM",Friday,74537,English,United Kingdom
Rocky IV,Sylvester Stallone,1985,Drama,0 days 01:31:00,Coolidge Corner Theatre,2025-12-26,11:59 PM,Friday,104984,English,United States
Charade,Stanley Donen,1963,Comedy,0 days 01:53:00,The Brattle,2025-12-26,12:30 PM,Friday,899442,English,United States
Brazil,Terry Gilliam,1985,Comedy,0 days 02:23:00,The Brattle,2025-12-27,"3:00 PM, 6:00 PM, 9:00 PM",Saturday,74537,English,United Kingdom
Die Hard: With a Vengeance,John McTiernan,1995,Action,0 days 02:08:00,Coolidge Corner Theatre,2025-12-27,11:59 PM,Saturday,357473,English,United States
Charade,Stanley Donen,1963,Comedy,0 days 01:53:00,The Brattle,2025-12-27,12:30 PM,Saturday,899442,English,United States
Brazil,Terry Gilliam,1985,Comedy,0 days 02:23:00,The Brattle,2025-12-28,"3:00 PM, 6:00 PM, 9:00 PM",Sunday,74537,English,United Kingdom
Charade,Stanley Donen,1963,Comedy,0 days 01:53:00,The Brattle,2025-12-28,12:30 PM,Sunday,899442,English,United States
Brazil,Terry Gilliam,1985,Comedy,0 days 02:23:00,The Brattle,2025-12-29,"6:00 PM, 9:00 PM",Monday,74537,English,United Kingdom
Charade,Stanley Donen,1963,Comedy,0 days 01:53:00,The Brattle,2025-12-29,3:30 PM,Monday,899442,English,United States
Brazil,Terry Gilliam,1985,Comedy,0 days 02:23:00,The Brattle,2025-12-30,"6:00 PM, 9:00 PM",Tuesday,74537,English,United Kingdom
Charade,Stanley Donen,1963,Comedy,0 days 01:53:00,The Brattle,2025-12-30,3:30 PM,Tuesday,899442,English,United States
The Thin Man,W.S. Van Dyke,1934,Comedy,0 days 01:31:00,The Brattle,2025-12-31,1:00 PM,Wednesday,61175,English,United States
After the Thin Man,W.S. Van Dyke,1936,Comedy,0 days 01:52:00,The Brattle,2025-12-31,3:00 PM,Wednesday,144637,English,United States
Stop Making Sense,Jonathan Demme,1984,Documentary,0 days 01:28:00,The Brattle,2025-12-31,"6:00 PM, 8:30 PM",Wednesday,1471831,English,United States
Batman,Tim Burton,1989,Fantasy,0 days 02:06:00,The Brattle,2026-01-23,3:30 PM,Friday,4726,English,United States
The Monkey,Osgood Perkins,2025,Horror,0 days 01:37:00,The Brattle,2026-01-23,6:30 PM,Friday,73762796,English,United States
The Mastermind,Kelly Reichardt,2025,Crime,0 days 01:50:00,Museum of Fine Arts,2026-01-23,7:00 PM,Friday,78207619,English,United Kingdom
Final Destination Bloodlines,"Adam B. Stein, Zach Lipovsky",2025,Horror,0 days 01:50:00,The Brattle,2026-01-23,8:45 PM,Friday,68017316,English,United States
Henry: Portrait of a Serial Killer,John McNaughton,1986,Crime,0 days 01:23:00,Coolidge Corner Theatre,2026-01-23,11:59 PM,Friday,1141596,English,United States
How to Train Your Dragon,"Chris Sanders, Dean DeBlois",2010,Fantasy,0 days 01:38:00,Coolidge Corner Theatre,2026-01-24,10:30 AM,Saturday,18394730,English,United States
Bugonia,Yorgos Lanthimos,2025,SciFi,0 days 01:59:00,The Brattle,2026-01-24,"12:30 PM, 6:00 PM",Saturday,76136533,English,United Kingdom
The Painter and the Thief,Benjamin Ree,2020,Documentary,0 days 01:42:00,Museum of Fine Arts,2026-01-24,2:00 PM,Saturday,64103121,English,United States
Eddington,Ari Aster,2025,Western,0 days 02:28:00,The Brattle,2026-01-24,"3:00 PM, 8:30 PM",Saturday,75843768,English,United States
Occupied City,Steve McQueen,2023,Documentary,0 days 04:26:00,Harvard Film Archive,2026-01-24,6:00 PM,Saturday,69701238,English,United Kingdom
Sisters,Brian De Palma,1973,Thriller,0 days 01:33:00,Coolidge Corner Theatre,2026-01-24,11:59 PM,Saturday,1519886,English,United States
How to Train Your Dragon,"Chris Sanders, Dean DeBlois",2010,Fantasy,0 days 01:38:00,Coolidge Corner Theatre,2026-01-25,10:30 AM,Sunday,18394730,English,United States
Amrum,Fatih Akin,2025,Drama,0 days 01:33:00,Coolidge Corner Theatre,2026-01-25,11:00 AM,Sunday,79548502,German,Germany
Familiar Touch,Sarah Friedland,2025,Drama,0 days 01:30:00,The Brattle,2026-01-25,"12:00 PM, 4:00 PM",Sunday,77753484,English,United States
RPM Fest Presents Crossing Lines: Films by Raymond Rea,Raymond Rea,1985,Documentary,0 days 01:30:00,The Brattle,2026-01-25,2:00 PM,Sunday,,,
Keaton & Chaplin Double Feature: THE GENERAL / THE IMMIGRANT,"Buster Keaton, Charlie Chaplin",1917,Comedy,0 days 01:41:00,West Newton Cinema,2026-01-25,2:00 PM,Sunday,,,
Fréwaka,Aislinn Clarke,2025,Drama,0 days 01:43:00,The Brattle,2026-01-25,6:00 PM,Sunday,81078400,Irish Gaelic,Ireland
Weapons,Zach Cregger,2025,Horror,0 days 02:09:00,The Brattle,2026-01-25,8:15 PM,Sunday,73248680,English,United States
Familiar Touch,Sarah Friedland,2025,Drama,0 days 01:30:00,The Brattle,2026-01-26,4:00 PM,Monday,77753484,English,United States
"Sorry, Baby",Eva Victor,2025,Drama,0 days 01:43:00,The Brattle,2026-01-26,"6:00 PM, 8:45 PM",Monday,78578409,English,United States
The Conformist,Bernardo Bertolucci,1971,Drama,0 days 01:48:00,Harvard Film Archive,2026-01-26,7:00 PM,Monday,,,
Stalker,Andrei Tarkovsky,1979,SciFi,0 days 02:42:00,Coolidge Corner Theatre,2026-01-27,7:00 PM,Tuesday,286266,Russian,Soviet Union
Among Neighbors,Yoav Potash,2024,Documentary,0 days 01:41:00,West Newton Cinema,2026-01-27,7:00 PM,Tuesday,83535228,English,United States
Misericordia,Alain Guiraudie,2024,Drama,0 days 01:44:00,The Brattle,2026-01-27,9:00 PM,Tuesday,76603314,French,France
Die My Love,Lynne Ramsay,2025,Drama,0 days 01:59:00,The Brattle,2026-01-28,"3:30 PM, 8:30 PM",Wednesday,77177879,English,United States
If I Had Legs I'd Kick You,Mary Bronstein,2025,Drama,0 days 01:53:00,The Brattle,2026-01-28,6:00 PM,Wednesday,76020898,English,United States
Teenage Wasteland,"Amanda McBaine, Jesse Moss",2025,Documentary,0 days 01:50:00,West Newton Cinema,2026-01-28,6:30 PM,Wednesday,,,
Prickly Mountain and My Design/ Build Life,Allie Rood,2025,Documentary,0 days 01:30:00,Coolidge Corner Theatre,2026-01-28,6:30 PM,Wednesday,,,
Nouvelle Vague,Richard Linklater,2025,Comedy,0 days 01:46:00,The Brattle,2026-01-29,6:00 PM,Thursday,76269453,French,France
Who Framed Roger Rabbit,Robert Zemeckis,1988,Fantasy,0 days 01:44:00,Coolidge Corner Theatre,2026-01-29,7:00 PM,Thursday,76018,English,United States
Vulcanizadora,Joel Potrykus,2025,Comedy,0 days 01:25:00,The Brattle,2026-01-29,9:00 PM,Thursday,77247074,English,United States
A Clockwork Orange,Stanley Kubrick,1971,SciFi,0 days 02:17:00,Coolidge Corner Theatre,2026-01-29,9:45 PM,Thursday,1659954,English,United Kingdom
Crossing Delancey,Joan Micklin Silver,1988,Comedy,0 days 01:37:00,The Brattle,2026-01-30,3:30 PM,Friday,954902,English,United States
Frankenstein,Guillermo del Toro,2025,Drama,0 days 02:30:00,The Brattle,2026-01-30,6:00 PM,Friday,73297429,English,United States
Blow-Up,Michelangelo Antonioni,1966,Drama,0 days 01:51:00,Harvard Film Archive,2026-01-30,7:00 PM,Friday,448385,English,United Kingdom
One of Them Days,Lawrence Lamont,2025,Comedy,0 days 01:37:00,The Brattle,2026-01-30,9:00 PM,Friday,77358498,English,United States
Suspiria,Dario Argento,1977,Horror,0 days 01:39:00,Coolidge Corner Theatre,2026-01-30,11:59 PM,Friday,347000,English,Italy
Happyend,Neo Sora,2025,Drama,0 days 01:53:00,The Brattle,2026-01-31,"1:30 PM, 6:30 PM",Saturday,77550744,Japanese,Japan
Certified Copy,Abbas Kiarostami,2010,Drama,0 days 01:46:00,Museum of Fine Arts,2026-01-31,2:00 PM,Saturday,26968376,English,France
Cloud,Kiyoshi Kurosawa,2024,Action,0 days 02:04:00,The Brattle,2026-01-31,"4:00 PM, 9:00 PM",Saturday,77246399,Japanese,Japan
L'Avventura,Michelangelo Antonioni,1960,Drama,0 days 02:24:00,Harvard Film Archive,2026-01-31,7:00 PM,Saturday,330874,Italian,Italy
A Bay of Blood,Mario Bava,1971,Horror,0 days 01:25:00,Coolidge Corner Theatre,2026-01-31,11:59 PM,Saturday,4136530,Italian,Italy
Eephus,Carson Lund,2025,Drama,0 days 01:38:00,The Brattle,2026-02-01,"12:00 PM, 2:15 PM",Sunday,445172,English,France
Friendship,Andrew DeYoung,2025,Comedy,0 days 01:40:00,The Brattle,2026-02-01,"4:45 PM, 9:15 PM",Sunday,,,
Splitsville,Michael Angelo Covino,2025,Comedy,0 days 01:40:00,The Brattle,2026-02-01,7:00 PM,Sunday,78277967,English,United States
Groundhog Day,Harold Ramis,1993,Romance,0 days 01:41:00,West Newton Cinema,2026-02-02,1:00 PM,Monday,142327,English,United States
Put Your Soul on Your Hand and Walk,Sepideh Farsi,2025,Documentary,0 days 01:53:00,The Brattle,2026-02-02,"3:30 PM, 6:00 PM",Monday,79735756,English,France
Slap Shot,George Roy Hill,1977,Comedy,0 days 02:03:00,Coolidge Corner Theatre,2026-02-02,7:00 PM,Monday,1412408,English,United States
Killer's Kiss,Stanley Kubrick,1955,Thriller,0 days 01:08:00,Harvard Film Archive,2026-02-02,7:00 PM,Monday,1102966,English,United States
Train Dreams,Clint Bentley,2025,Drama,0 days 01:42:00,The Brattle,2026-02-02,8:30 PM,Monday,76032207,English,United States
Fear and Desire,Stanley Kubrick,1953,Drama,0 days 01:02:00,Harvard Film Archive,2026-02-02,8:45 PM,Monday,543517,English,United States
The History of Sound,Oliver Hermanus,2025,Drama,0 days 02:07:00,The Brattle,2026-02-03,"3:30 PM, 8:30 PM",Tuesday,69227350,English,United States
Peter Hujar's Day,Ira Sachs,2025,Drama,0 days 01:16:00,The Brattle,2026-02-03,6:15 PM,Tuesday,78577080,English,United States
Star Wars: Episode III - Revenge of the Sith,George Lucas,2005,Adventure,0 days 02:20:00,Coolidge Corner Theatre,2026-02-03,7:00 PM,Tuesday,55447,English,United States
Caught by the Tides,Jia Zhangke,2024,Drama,0 days 01:51:00,The Brattle,2026-02-04,"4:00 PM, 9:00 PM",Wednesday,76585127,Mandarin,China
An Unfinished Film,Lou Ye,2024,Drama,0 days 01:47:00,The Brattle,2026-02-04,6:30 PM,Wednesday,76826415,Mandarin,
My Man Godfrey,Gregory La Cava,1936,Comedy,0 days 01:35:00,Coolidge Corner Theatre,2026-02-04,7:00 PM,Wednesday,74979,English,United States
Wake Up Dead Man: A Knives Out Mystery,Rian Johnson,2025,Thriller,0 days 02:25:00,The Brattle,2026-02-05,"3:30 PM, 9:00 PM",Thursday,67267207,English,United States
The Mastermind,Kelly Reichardt,2025,Crime,0 days 01:50:00,The Brattle,2026-02-05,6:30 PM,Thursday,78207619,English,United Kingdom
The Defiant Ones,Stanley Kramer,1958,Crime,0 days 01:36:00,Coolidge Corner Theatre,2026-02-05,7:30 PM,Thursday,92642,English,United States
Do the Right Thing,Spike Lee,1989,Drama,0 days 02:00:00,The Brattle,2026-02-06,3:30 PM,Friday,73428,English,United States
Red Desert,Michelangelo Antonioni,1964,Drama,0 days 01:57:00,Harvard Film Archive,2026-02-06,7:00 PM,Friday,1833819,Italian,Italy
Safe,Todd Haynes,1995,Drama,0 days 01:59:00,The Brattle,2026-02-06,9:30 PM,Friday,2021218,English,United States
Gothic,Ken Russell,1987,Horror,0 days 01:28:00,Coolidge Corner Theatre,2026-02-06,11:59 PM,Friday,992455,English,United Kingdom
Sholay,Ramesh Sippy,1975,Action,0 days 03:18:00,Coolidge Corner Theatre,2026-02-07,1:00 PM,Saturday,648216,Hindi,India
The Great Yawn of History,Aliyar Rasti,2024,Drama,0 days 01:33:00,Museum of Fine Arts,2026-02-07,2:30 PM,Saturday,,,
Safe,Todd Haynes,1995,Drama,0 days 01:59:00,The Brattle,2026-02-07,"3:30 PM, 9:30 PM",Saturday,2021218,English,United States
City of Hope,John Sayles,1991,Drama,0 days 02:09:00,West Newton Cinema,2026-02-07,4:00 PM,Saturday,10479762,English,United States
The Spider's Stratagem,Bernardo Bertolucci,1970,Mystery,0 days 01:40:00,Harvard Film Archive,2026-02-07,7:00 PM,Saturday,,,
Partner,Bernardo Bertolucci,1968,Drama,0 days 01:45:00,Harvard Film Archive,2026-02-07,9:00 PM,Saturday,39145444,Italian,Italy
The Hunger,Tony Scott,1983,Horror,0 days 01:36:00,Coolidge Corner Theatre,2026-02-07,11:59 PM,Saturday,1139763,English,United States
Sinners,Ryan Coogler,2025,Horror,0 days 02:18:00,West Newton Cinema,2026-02-08,1:00 PM,Sunday,75895455,English,United States
Taste of Cherry,Abbas Kiarostami,1997,Drama,0 days 01:40:00,Museum of Fine Arts,2026-02-08,2:00 PM,Sunday,1873693,Persian,Iran
Killer's Kiss,Stanley Kubrick,1955,Thriller,0 days 01:08:00,Harvard Film Archive,2026-02-08,3:00 PM,Sunday,1102966,English,United States
The Killing,Stanley Kubrick,1956,Crime,0 days 01:25:00,Harvard Film Archive,2026-02-09,7:00 PM,Monday,282964,English,United States
Woman of the Year,George Stevens,1942,Comedy,0 days 01:54:00,Coolidge Corner Theatre,2026-02-11,7:00 PM,Wednesday,76641,English,United States
"Now, Voyager",Irving Rapper,1942,Romance,0 days 01:57:00,Coolidge Corner Theatre,2026-02-12,7:00 PM,Thursday,180993,English,United States
Dangerous Liaisons,Stephen Frears,1988,Drama,0 days 01:59:00,The Brattle,2026-02-13,3:30 PM,Friday,75933,English,United States
Casablanca,Michael Curtiz,1943,Drama,0 days 01:42:00,The Brattle,2026-02-13,7:00 PM,Friday,57585,English,United States
Trouble Sleep,Alain Kassanda,2020,Documentary,0 days 00:41:00,Harvard Film Archive,2026-02-13,7:00 PM,Friday,27909271,Spanish,Spain
The Spider's Stratagem,Bernardo Bertolucci,1970,Mystery,0 days 01:40:00,Harvard Film Archive,2026-02-13,8:15 PM,Friday,,,
Bride of Chucky,Ronny Yu,1998,Comedy,0 days 01:29:00,The Brattle,2026-02-13,10:00 PM,Friday,30865068,English,United States
Eve's Bayou,Kasi Lemmons,1997,Drama,0 days 01:49:00,Coolidge Corner Theatre,2026-02-13,11:59 PM,Friday,2159438,English,United States
Trolls,Mike Mitchell,2016,Family,0 days 01:32:00,Coolidge Corner Theatre,2026-02-14,10:30 AM,Saturday,37935799,English,United States
Dirty Dancing,Emile Ardolino,1987,Drama,0 days 01:40:00,The Brattle,2026-02-14,"1:00 PM, 10:00 PM",Saturday,680361,English,United States
The Princess Bride,Rob Reiner,1987,Adventure,0 days 01:39:00,Coolidge Corner Theatre,2026-02-14,2:00 PM,Saturday,31153,English,United States
In the Mood for Love,Wong Kar-wai,2000,Drama,0 days 01:38:00,Museum of Fine Arts,2026-02-14,2:00 PM,Saturday,213413,Cantonese,Hong Kong
The Umbrellas of Cherbourg / Hyena,"Jacques Demy, Djibril Diop Mambéty",1964,Drama,0 days 03:22:00,Harvard Film Archive,2026-02-14,2:00 PM,Saturday,,,
Casablanca,Michael Curtiz,1943,Drama,0 days 01:42:00,The Brattle,2026-02-14,"4:00 PM, 7:00 PM",Saturday,57585,English,United States
Le Amiche,Michelangelo Antonioni,1955,Drama,0 days 01:44:00,Harvard Film Archive,2026-02-14,7:00 PM,Saturday,12710627,Italian,Italy
A Man Named John,Ermanno Olmi,1965,Drama,0 days 01:30:00,Harvard Film Archive,2026-02-14,9:00 PM,Saturday,19064014,Italian,Italy
Crimson Peak,Guillermo del Toro,2015,Horror,0 days 01:59:00,Coolidge Corner Theatre,2026-02-14,11:59 PM,Saturday,39031627,English,United States
The Umbrellas of Cherbourg / Hyenas,"Jacques Demy, Djibril Diop Mambéty",1964,Drama,0 days 03:22:00,Harvard Film Archive,2026-02-14,2:00 PM,Saturday,,,
Trolls,Mike Mitchell,2016,Family,0 days 01:32:00,Coolidge Corner Theatre,2026-02-15,10:30 AM,Sunday,37935799,English,United States
51st Annual Boston Science Fiction Film Marathon,Various,2026,SciFi,1 days 00:00:00,Somerville Theatre,2026-02-15,12:00 PM,Sunday,,,
When Harry Met Sally...,Rob Reiner,1989,Comedy,0 days 01:36:00,Coolidge Corner Theatre,2026-02-15,2:00 PM,Sunday,33270,English,United States
L'Avventura,Michelangelo Antonioni,1960,Drama,0 days 02:24:00,Harvard Film Archive,2026-02-15,3:00 PM,Sunday,330874,Italian,Italy
Casablanca,Michael Curtiz,1943,Drama,0 days 01:42:00,The Brattle,2026-02-15,"4:00 PM, 7:00 PM",Sunday,57585,English,United States
Barb Wire,David Hogan,1996,SciFi,0 days 01:38:00,The Brattle,2026-02-15,9:30 PM,Sunday,4506211,English,United States
Sparrows,William Beaudine,1926,Drama,0 days 01:34:00,West Newton Cinema,2026-02-15,2:00 PM,Sunday,13613782,Silent,United States
Mary Poppins,Robert Stevenson,1964,Comedy,0 days 02:19:00,Coolidge Corner Theatre,2026-02-16,1:00 PM,Monday,77856,English,United States
Paths of Glory,Stanley Kubrick,1957,War,0 days 01:28:00,Harvard Film Archive,2026-02-16,7:00 PM,Monday,23255,English,United States
Point Break,Kathryn Bigelow,1991,Action,0 days 02:02:00,Coolidge Corner Theatre,2026-02-16,7:00 PM,Monday,483274,English,United States
The Muppet Movie,James Frawley,1979,Comedy,0 days 01:37:00,Somerville Theatre,2026-02-17,"3:30 PM, 6:00 PM",Tuesday,876728,English,United Kingdom
Beauty and the Beast,"Gary Trousdale, Kirk Wise",1991,Romance,0 days 01:24:00,Coolidge Corner Theatre,2026-02-17,4:00 PM,Tuesday,133462,English,United States
Lilies of the Field,Ralph Nelson,1963,Comedy,0 days 01:34:00,Coolidge Corner Theatre,2026-02-17,7:00 PM,Tuesday,97734,English,United States
"Sorry, Baby",Eva Victor,2025,Drama,0 days 01:43:00,The Brattle,2026-02-17,8:00 PM,Tuesday,78578409,English,United States
The Lion King,"Roger Allers, Rob Minkoff",1994,Family,0 days 01:29:00,Coolidge Corner Theatre,2026-02-18,4:00 PM,Wednesday,88678,English,United States
Fréwaka,Aislinn Clarke,2025,Drama,0 days 01:43:00,The Brattle,2026-02-18,6:00 PM,Wednesday,81078400,Irish Gaelic,Ireland
"What's Up, Doc?",Peter Bogdanovich,1972,Comedy,0 days 01:34:00,Coolidge Corner Theatre,2026-02-18,7:00 PM,Wednesday,1159860,English,United States
When Harry Met Sally...,Rob Reiner,1989,Comedy,0 days 01:36:00,Somerville Theatre,2026-02-18,7:30 PM,Wednesday,33270,English,United States
Weapons,Zach Cregger,2025,Horror,0 days 02:09:00,The Brattle,2026-02-18,8:15 PM,Wednesday,73248680,English,United States
Encanto,"Byron Howard, Jared Bush",2021,Animation,0 days 01:42:00,Coolidge Corner Theatre,2026-02-19,1:00 PM,Thursday,62975109,English,United States
The Muppets Take Manhattan,Frank Oz,1984,Romance,0 days 01:34:00,Somerville Theatre,2026-02-19,"3:30 PM, 6:00 PM",Thursday,1099178,English,United States
Night Fight,Khary Saeed Jones,2025,Documentary,0 days 01:18:00,West Newton Cinema,2026-02-19,7:00 PM,Thursday,,,
Holding Liat,Brandon Kramer,2025,Documentary,0 days 01:37:00,Coolidge Corner Theatre,2026-02-19,7:00 PM,Thursday,79301703,English,United States
The Thing,John Carpenter,1982,Horror,0 days 01:49:00,Coolidge Corner Theatre,2026-02-19,9:45 PM,Thursday,30809,English,United States
The Wizard of Oz,Victor Fleming,1939,Adventure,0 days 01:42:00,Somerville Theatre,2026-02-20,"2:45 PM, 7:30 PM",Friday,561315,English,United States
The Bad Seed,Mervyn LeRoy,1956,Thriller,0 days 02:09:00,Somerville Theatre,2026-02-20,"4:45 PM, 9:30 PM",Friday,7657211,English,United States
"Growing Up Female, Second-Wave",Various,1971,Drama,0 days 01:29:00,Harvard Film Archive,2026-02-20,6:00 PM,Friday,,,
Lolita,Stanley Kubrick,1962,Drama,0 days 02:34:00,Harvard Film Archive,2026-02-20,8:00 PM,Friday,1488066,English,United Kingdom
The Others,Alejandro Amenábar,2001,Horror,0 days 01:41:00,Coolidge Corner Theatre,2026-02-20,11:59 PM,Friday,1267713,English,Spain
The Dead Thing,Elric Kane,2025,Horror,0 days 01:34:00,Somerville Theatre,2026-02-21,7:00 PM,Saturday,78177067,English,United States
Colette and Justin,Alain Kassanda,2022,Documentary,0 days 01:29:00,Harvard Film Archive,2026-02-21,7:00 PM,Saturday,14941280,English,United States
From Beyond,Stuart Gordon,1986,Horror,0 days 01:25:00,Somerville Theatre,2026-02-21,9:30 PM,Saturday,5283093,English,United States
Sleepy Hollow,Tim Burton,1999,Fantasy,0 days 01:45:00,Coolidge Corner Theatre,2026-02-21,11:59 PM,Saturday,55601,English,Germany
Punching the World,Constanze Klaue,2025,Drama,0 days 01:50:00,Coolidge Corner Theatre,2026-02-22,11:00 AM,Sunday,79121904,German,Germany
All God's Children,Ondi Timoner,2024,Documentary,0 days 01:40:00,West Newton Cinema,2026-02-22,1:00 PM,Sunday,113463,English,United States
A Raisin in the Sun,Daniel Petrie,1961,Drama,0 days 02:08:00,Coolidge Corner Theatre,2026-02-22,2:00 PM,Sunday,1676837,English,United States
In the Heat of the Night,Norman Jewison,1967,Crime,0 days 01:49:00,Somerville Theatre,2026-02-22,"2:20 PM, 6:30 PM",Sunday,1715414,English,United States
Partner,Bernardo Bertolucci,1968,Drama,0 days 01:45:00,Harvard Film Archive,2026-02-22,3:00 PM,Sunday,39145444,Italian,Italy
RPM Presents “Between Breaths”: Films by Kalpana Subramanian,Kalpana Subramanian,2026,Documentary,0 days 01:30:00,The Brattle,2026-02-22,4:00 PM,Sunday,,,
Pressure Point,Hubert Cornfield,1962,Drama,0 days 01:29:00,Somerville Theatre,2026-02-22,4:30 PM,Sunday,23624370,English,United States
Waiting for Guffman,Christopher Guest,1996,Comedy,0 days 01:24:00,The Brattle,2026-02-23,6:00 PM,Monday,706860,English,United States
Coconut Head Generation,Alain Kassanda,2023,Documentary,0 days 01:27:00,Harvard Film Archive,2026-02-23,7:00 PM,Monday,,,
Twin Peaks,David Lynch,1989,Mystery,0 days 01:56:00,The Brattle,2026-02-24,10:45 AM,Tuesday,,,
Twin Peaks,David Lynch,1989,Mystery,0 days 01:56:00,The Brattle,2026-02-24,2:00 PM,Tuesday,,,
Twin Peaks,David Lynch,1989,Mystery,0 days 01:56:00,The Brattle,2026-02-24,3:45 PM,Tuesday,,,
Twin Peaks,David Lynch,1989,Mystery,0 days 01:56:00,The Brattle,2026-02-24,5:30 PM,Tuesday,,,
Twin Peaks,David Lynch,1989,Mystery,0 days 01:56:00,The Brattle,2026-02-24,10:00 PM,Tuesday,,,
10 Things I Hate About You,Gil Junger,1999,Comedy,0 days 01:37:00,Coolidge Corner Theatre,2026-02-25,7:30 PM,Wednesday,398934,English,United States
Little Miss Sunshine,"Valerie Faris, Jonathan Dayton",2006,Comedy,0 days 01:42:00,Somerville Theatre,2026-02-25,7:30 PM,Wednesday,7047921,English,United States
Almost Famous,Cameron Crowe,2000,Drama,0 days 02:04:00,Coolidge Corner Theatre,2026-02-26,7:00 PM,Thursday,431562,English,United States
A Woman of the World,Malcolm St. Clair,1925,Comedy,0 days 01:10:00,Somerville Theatre,2026-02-26,7:30 PM,Thursday,25616609,Silent,United States
Surviving the Game,Ernest R. Dickerson,1994,Action,0 days 01:36:00,Coolidge Corner Theatre,2026-02-26,9:45 PM,Thursday,3417075,English,United States
Annie Hall,Woody Allen,1977,Comedy,0 days 01:33:00,Somerville Theatre,2026-02-27,7:00 PM,Friday,66870,English,United States
The Fiancés,Ermanno Olmi,1963,Drama,0 days 01:24:00,Harvard Film Archive,2026-02-27,7:00 PM,Friday,3645672,Italian,Italy
Il Posto,Ermanno Olmi,1961,Drama,0 days 01:38:00,Harvard Film Archive,2026-02-27,8:45 PM,Friday,3645663,Italian,Italy
Modern Romance,Albert Brooks,1981,Comedy,0 days 01:33:00,Somerville Theatre,2026-02-27,9:00 PM,Friday,3161156,English,United States
Bram Stoker's Dracula,Francis Ford Coppola,1992,Romance,0 days 02:08:00,Coolidge Corner Theatre,2026-02-27,11:30 PM,Friday,337740,English,United States
The Sheltering Sky,Bernardo Bertolucci,1990,Drama,0 days 02:18:00,Harvard Film Archive,2026-02-28,7:00 PM,Saturday,19775805,English,United Kingdom
Mary Shelley's Frankenstein,Kenneth Branagh,1994,Drama,0 days 02:03:00,Coolidge Corner Theatre,2026-02-28,11:30 PM,Saturday,1246394,English,United States
Holiday,George Cukor,1938,Comedy,0 days 01:37:00,The Brattle,2026-03-12,"4:00 PM, 8:30 PM",Thursday,4070671,English,United States
The Philadelphia Story,George Cukor,1940,Comedy,0 days 01:53:00,The Brattle,2026-03-12,6:00 PM,Thursday,62592,English,United States
The Holdovers,Alexander Payne,2023,Comedy,0 days 02:13:00,West Newton Cinema,2026-03-12,6:30 PM,Thursday,70173604,English,United States
Can She Bake a Cherry Pie?,Henry Jaglom,1983,Comedy,0 days 01:30:00,Somerville Theatre,2026-03-12,7:30 PM,Thursday,23289657,English,United States
Summertime,David Lean,1955,Drama,0 days 01:40:00,The Brattle,2026-03-13,3:30 PM,Friday,190393,English,United States
Meet John Doe,Frank Capra,1941,Drama,0 days 02:03:00,Harvard Film Archive,2026-03-13,6:00 PM,Friday,2462689,English,United States
Smokey and the Bandit,Hal Needham,1977,Action,0 days 01:36:00,Somerville Theatre,2026-03-13,7:30 PM,Friday,844078,English,United States
Night of the Living Dead,George A. Romero,1968,Horror,0 days 01:36:00,The Brattle,2026-03-13,7:30 PM,Friday,30275,English,United States
The Car,Elliot Silverstein,1977,Horror,0 days 01:36:00,Somerville Theatre,2026-03-13,9:30 PM,Friday,2938431,English,United States
Friday the 13th Double Feature,"Adam Marcus, Ronny Yu",1993,Horror,0 days 03:04:00,Coolidge Corner Theatre,2026-03-13,11:00 PM,Friday,168958,English,United States
The Peanuts Movie,Steve Martino,2015,Comedy,0 days 01:28:00,Coolidge Corner Theatre,2026-03-14,10:30 AM,Saturday,39367067,English,United States
Pat and Mike,George Cukor,1952,Comedy,0 days 01:35:00,The Brattle,2026-03-14,"12:00 PM, 4:45 PM",Saturday,2731103,English,United States
Desk Set,Walter Lang,1957,Comedy,0 days 01:43:00,The Brattle,2026-03-14,"2:00 PM, 6:30 PM",Saturday,165106,English,United States
His Girl Friday,Howard Hawks,1940,Comedy,0 days 01:32:00,Harvard Film Archive,2026-03-14,7:00 PM,Saturday,74018,English,United States
The Hudsucker Proxy,Joel Coen,1994,Comedy,0 days 01:51:00,Harvard Film Archive,2026-03-14,9:00 PM,Saturday,170858,English,United Kingdom
Night of the Living Dead,George A. Romero,1968,Horror,0 days 01:36:00,The Brattle,2026-03-14,9:00 PM,Saturday,30275,English,United States
Eraserhead,David Lynch,1978,Horror,0 days 01:29:00,Coolidge Corner Theatre,2026-03-14,11:59 PM,Saturday,36814246,English,United States
Saturday the 14th,Howard R. Cohen,1981,Comedy,0 days 01:16:00,Coolidge Corner Theatre,2026-03-14,11:59 PM,Saturday,9693961,English,United States
The Peanuts Movie,Steve Martino,2015,Comedy,0 days 01:28:00,Coolidge Corner Theatre,2026-03-15,10:30 AM,Sunday,39367067,English,United States
The Lion in Winter,Anthony Harvey,1968,Drama,0 days 02:14:00,The Brattle,2026-03-15,12:00 PM,Sunday,7870124,English,United Kingdom
On Golden Pond,Mark Rydell,1981,Drama,0 days 01:49:00,The Brattle,2026-03-15,2:45 PM,Sunday,15119799,English,United Kingdom
Dr. Strangelove or: How I Learned to Stop Worrying and Love the Bomb,Stanley Kubrick,1964,Comedy,0 days 01:35:00,Harvard Film Archive,2026-03-15,3:00 PM,Sunday,8695,English,United Kingdom
Blackmail,Alfred Hitchcock,1929,Drama,0 days 01:26:00,Somerville Theatre,2026-03-15,5:00 PM,Sunday,1237381,English,United Kingdom
Footloose,Herbert Ross,1984,Drama,0 days 01:47:00,The Brattle,2026-03-16,6:00 PM,Monday,877743,English,United States
The Thin Blue Line,Errol Morris,1988,Crime,0 days 01:43:00,Coolidge Corner Theatre,2026-03-16,7:00 PM,Monday,597576,English,United States
The Lion in Winter,Anthony Harvey,1968,Drama,0 days 02:14:00,The Brattle,2026-03-16,8:30 PM,Monday,7870124,English,United Kingdom
The Philadelphia Story,George Cukor,1940,Comedy,0 days 01:53:00,The Brattle,2026-03-17,4:30 PM,Tuesday,62592,English,United States
Bringing Up Baby,Howard Hawks,1938,Comedy,0 days 01:42:00,The Brattle,2026-03-17,7:00 PM,Tuesday,73376,English,United States
Monsoon Wedding,Mira Nair,2001,Comedy,0 days 01:54:00,Coolidge Corner Theatre,2026-03-17,7:00 PM,Tuesday,940565,Hindi,India
Beau Travail,Claire Denis,2000,Drama,0 days 01:32:00,Coolidge Corner Theatre,2026-03-18,7:30 PM,Wednesday,415881,French,France
GoodFellas,Martin Scorsese,1990,Drama,0 days 02:25:00,West Newton Cinema,2026-03-19,7:00 PM,Thursday,64394,English,United States
The Hudsucker Proxy,Joel Coen,1994,Comedy,0 days 01:51:00,Harvard Film Archive,2026-03-20,7:00 PM,Friday,170858,English,United Kingdom
Double Indemnity,Billy Wilder,1944,Crime,0 days 01:47:00,Capitol Theatre,2026-03-20,7:30 PM,Friday,73438,English,United States
His Girl Friday,Howard Hawks,1940,Comedy,0 days 01:32:00,Harvard Film Archive,2026-03-20,9:15 PM,Friday,74018,English,United States
Exorcist II: The Heretic,John Boorman,1977,Horror,0 days 01:58:00,Coolidge Corner Theatre,2026-03-20,11:59 PM,Friday,571383,English,United States
Finding Nemo,Andrew Stanton,2003,Animation,0 days 01:40:00,Coolidge Corner Theatre,2026-03-21,10:30 AM,Saturday,239587,English,United States
Meet John Doe,Frank Capra,1941,Drama,0 days 02:03:00,Harvard Film Archive,2026-03-21,7:00 PM,Saturday,2462689,English,United States
The Texas Chainsaw Massacre 2,Tobe Hooper,1986,Horror,0 days 01:40:00,The Brattle,2026-03-21,7:00 PM,Saturday,397753,English,United States
The Devil's Rejects,Rob Zombie,2005,Drama,0 days 01:51:00,The Brattle,2026-03-21,10:30 PM,Saturday,2063141,English,United States
Exorcist II: The Heretic,John Boorman,1977,Horror,0 days 01:58:00,Coolidge Corner Theatre,2026-03-21,11:59 PM,Saturday,571383,English,United States
Finding Nemo,Andrew Stanton,2003,Animation,0 days 01:40:00,Coolidge Corner Theatre,2026-03-22,10:30 AM,Sunday,239587,English,United States
The Lord of the Rings Trilogy,Peter Jackson,2001,Family,0 days 12:45:00,Coolidge Corner Theatre,2026-03-22,11:00 AM,Sunday,,,
Mirrors No. 3,Christian Petzold,2025,Drama,0 days 01:26:00,Coolidge Corner Theatre,2026-03-22,11:00 AM,Sunday,79836490,German,Germany
André Is an Idiot,Tony Benna,2026,Documentary,0 days 01:27:00,Coolidge Corner Theatre,2026-03-22,2:00 PM,Sunday,81977450,English,United States
One-Eyed Jacks,Marlon Brando,1961,Western,0 days 02:21:00,Harvard Film Archive,2026-03-22,3:00 PM,Sunday,418252,English,United States
Paddington,Paul King,2014,Comedy,0 days 01:36:00,The Brattle,2026-03-23,"4:00 PM, 6:00 PM",Monday,40525118,English,United Kingdom
A Clockwork Orange,Stanley Kubrick,1971,SciFi,0 days 02:17:00,Harvard Film Archive,2026-03-23,7:00 PM,Monday,1659954,English,United Kingdom
Paddington 2,Paul King,2017,Adventure,0 days 01:44:00,The Brattle,2026-03-23,8:00 PM,Monday,52019421,English,United Kingdom
Paddington,Paul King,2014,Comedy,0 days 01:36:00,The Brattle,2026-03-24,4:00 PM,Tuesday,40525118,English,United Kingdom
Paddington 2,Paul King,2017,Adventure,0 days 01:44:00,The Brattle,2026-03-24,"6:00 PM, 8:15 PM",Tuesday,52019421,English,United Kingdom
Best in Show,Christopher Guest,2000,Comedy,0 days 01:30:00,Coolidge Corner Theatre,2026-03-24,7:00 PM,Tuesday,587507,English,United States
Mudbound,Dee Rees,2017,Drama,0 days 02:15:00,Coolidge Corner Theatre,2026-03-25,7:30 PM,Wednesday,50355187,English,United States
Tank Girl,Rachel Talalay,1995,Action,0 days 01:44:00,Coolidge Corner Theatre,2026-03-26,9:45 PM,Thursday,9415710,English,United States
Pale Flower,Masahiro Shinoda,1964,Crime,0 days 01:36:00,Harvard Film Archive,2026-03-27,7:00 PM,Friday,30871010,Japanese,Japan
Youth in Fury,Masahiro Shinoda,1960,Drama,0 days 01:28:00,Harvard Film Archive,2026-03-27,9:00 PM,Friday,,,
Nadja,Michael Almereyda,1995,Horror,0 days 01:33:00,The Brattle,2026-03-27,9:30 PM,Friday,2812082,English,United States
Ichi the Killer,Takashi Miike,2001,Action,0 days 02:09:00,Coolidge Corner Theatre,2026-03-27,11:59 PM,Friday,311179,Japanese,Japan
Bud Abbott and Lou Costello Meet Frankenstein,Charles Barton,1948,Horror,0 days 01:23:00,The Brattle,2026-03-28,12:00 PM,Saturday,68082,English,United States
The Boy with Green Hair,Joseph Losey,1948,Drama,0 days 01:22:00,The Brattle,2026-03-28,2:15 PM,Saturday,7595972,English,United States
Cronos,Guillermo del Toro,1993,Drama,0 days 01:34:00,The Brattle,2026-03-28,"4:45 PM, 9:15 PM",Saturday,3080704,Spanish,Mexico
Nadja,Michael Almereyda,1995,Horror,0 days 01:33:00,The Brattle,2026-03-28,7:00 PM,Saturday,2812082,English,United States
Double Suicide,Masahiro Shinoda,1969,Drama,0 days 01:45:00,Harvard Film Archive,2026-03-28,7:00 PM,Saturday,3644578,Japanese,Japan
Captive's Island,Masahiro Shinoda,1966,Drama,0 days 01:27:00,Harvard Film Archive,2026-03-28,9:00 PM,Saturday,51934666,Japanese,Japan
Audition,Takashi Miike,1999,Horror,0 days 01:55:00,Coolidge Corner Theatre,2026-03-28,11:59 PM,Saturday,587265,Japanese,Japan
The Lord of the Rings Trilogy,Peter Jackson,2001,Fantasy,0 days 12:45:00,Coolidge Corner Theatre,2026-03-29,11:00 AM,Sunday,,,
RPM Presents “The Blue Rose of Forgetfulness”: Films by Lewis Klahr,Lewis Klahr,2019,Documentary,0 days 01:30:00,The Brattle,2026-03-29,2:00 PM,Sunday,,,
Youth in Fury,Masahiro Shinoda,1960,Drama,0 days 01:28:00,Harvard Film Archive,2026-03-29,3:00 PM,Sunday,,,
Nadja,Michael Almereyda,1995,Horror,0 days 01:33:00,The Brattle,2026-03-29,"4:15 PM, 8:45 PM",Sunday,2812082,English,United States
Cronos,Guillermo del Toro,1993,Drama,0 days 01:34:00,The Brattle,2026-03-29,6:30 PM,Sunday,3080704,Spanish,Mexico
The Spirit of the Beehive,Víctor Erice,1973,Drama,0 days 01:38:00,The Brattle,2026-03-30,6:00 PM,Monday,1583660,Spanish,Spain
Barry Lyndon,Stanley Kubrick,1975,Drama,0 days 03:05:00,Harvard Film Archive,2026-03-30,7:00 PM,Monday,4227,English,United Kingdom
Nadja,Michael Almereyda,1995,Horror,0 days 01:33:00,The Brattle,2026-03-30,8:45 PM,Monday,2812082,English,United States
Nadja,Michael Almereyda,1995,Horror,0 days 01:33:00,The Brattle,2026-03-31,6:00 PM,Tuesday,2812082,English,United States
The Namesake,Mira Nair,2006,Drama,0 days 02:02:00,Coolidge Corner Theatre,2026-03-31,7:00 PM,Tuesday,2973132,English,United States
Cronos,Guillermo del Toro,1993,Drama,0 days 01:34:00,The Brattle,2026-03-31,8:15 PM,Tuesday,3080704,Spanish,Mexico
Singin' in the Rain,"Stanley Donen, Gene Kelly",1952,Comedy,0 days 01:43:00,The Brattle,2026-04-13,6:00 PM,Monday,1883157,English,United States
I Have Sinned,Aleksander Marten,1936,Drama,0 days 01:35:00,Coolidge Corner Theatre,2026-04-13,7:00 PM,Monday,,,
Full Metal Jacket,Stanley Kubrick,1987,Drama,0 days 01:57:00,Harvard Film Archive,2026-04-13,7:00 PM,Monday,11701,English,United Kingdom
History of the World: Part I,Mel Brooks,1981,Comedy,0 days 01:32:00,Coolidge Corner Theatre,2026-04-15,7:00 PM,Wednesday,442668,English,United States
The Shawshank Redemption,Frank Darabont,1994,Drama,0 days 02:22:00,Somerville Theatre,2026-04-15,7:30 PM,Wednesday,30625,English,United States
FernGully: The Last Rainforest,Bill Kroyer,1992,Family,0 days 01:16:00,The Brattle,2026-04-17,3:30 PM,Friday,2108776,English,Australia
Bending the Arc,"Kief Davidson, Pedro Kos",2017,Documentary,0 days 01:42:00,West Newton Cinema,2026-04-17,5:00 PM,Friday,53781076,English,United States
White Material,Claire Denis,2010,Drama,0 days 01:46:00,French Library,2026-04-17,6:00 PM,Friday,26825116,French,France
The Turin Horse,Béla Tarr,2011,Drama,0 days 02:35:00,Harvard Film Archive,2026-04-17,7:00 PM,Friday,24143556,Hungarian,Hungary
Born Innocent: The Redd Kross Story,Andrew Reich,2024,Documentary,0 days 01:24:00,The Brattle,2026-04-17,8:30 PM,Friday,,,
The Thing from Another World,Christian Nyby,1951,Drama,0 days 01:27:00,Coolidge Corner Theatre,2026-04-17,11:59 PM,Friday,76387,English,United States
Aladdin,"John Musker, Ron Clements",1992,Animation,0 days 01:31:00,Coolidge Corner Theatre,2026-04-18,10:30 AM,Saturday,,,
Up,Pete Docter,2009,Animation,0 days 01:36:00,The Brattle,2026-04-18,12:00 PM,Saturday,11659396,English,United States
A Hot Roof,Lee Min-yong,1995,Drama,0 days 01:48:00,Harvard Film Archive,2026-04-18,7:00 PM,Saturday,,,
Pavements,Alex Ross Perry,2025,Comedy,0 days 02:08:00,The Brattle,2026-04-18,8:30 PM,Saturday,72475347,English,United States
The Quiet Family,Kim Jee-woon,1998,Horror,0 days 01:41:00,Harvard Film Archive,2026-04-18,9:15 PM,Saturday,3611352,Korean,South Korea
Annihilation,Alex Garland,2018,SciFi,0 days 01:55:00,Coolidge Corner Theatre,2026-04-18,11:59 PM,Saturday,46654061,English,United Kingdom
Aladdin,"John Musker, Ron Clements",1992,Animation,0 days 01:31:00,Coolidge Corner Theatre,2026-04-19,10:30 AM,Sunday,,,
Up,Pete Docter,2009,Animation,0 days 01:36:00,The Brattle,2026-04-19,12:00 PM,Sunday,11659396,English,United States
RPM Presents “For All Audiences”: Films by Josh Weissbach,Josh Weissbach,2014,Documentary,0 days 01:30:00,The Brattle,2026-04-19,2:00 PM,Sunday,,,
Werckmeister Harmonies,Béla Tarr,2001,Drama,0 days 02:19:00,Harvard Film Archive,2026-04-19,3:00 PM,Sunday,3342195,Hungarian,Hungary
The Muppet Movie,James Frawley,1979,Comedy,0 days 01:37:00,The Brattle,2026-04-20,12:00 PM,Monday,876728,English,United Kingdom
The Dark Crystal,"Jim Henson, Frank Oz",1982,Adventure,0 days 01:33:00,The Brattle,2026-04-20,2:15 PM,Monday,348292,English,United States
Labyrinth,Jim Henson,1986,Adventure,0 days 01:42:00,The Brattle,2026-04-20,4:30 PM,Monday,177906,English,United Kingdom
Eyes Wide Shut,Stanley Kubrick,1999,Drama,0 days 02:39:00,Harvard Film Archive,2026-04-20,7:00 PM,Monday,9979,English,United Kingdom
Jackie Brown,Quentin Tarantino,1997,Crime,0 days 02:34:00,Coolidge Corner Theatre,2026-04-20,7:00 PM,Monday,394792,English,United States
Galaxy Quest,Dean Parisot,1999,Comedy,0 days 01:42:00,The Brattle,2026-04-20,7:00 PM,Monday,13149,English,United States
The Muppet Movie,James Frawley,1979,Comedy,0 days 01:37:00,The Brattle,2026-04-21,4:00 PM,Tuesday,876728,English,United Kingdom
The Dark Crystal,"Jim Henson, Frank Oz",1982,Adventure,0 days 01:33:00,The Brattle,2026-04-21,6:15 PM,Tuesday,348292,English,United States
Vertigo,Alfred Hitchcock,1958,Mystery,0 days 02:09:00,Coolidge Corner Theatre,2026-04-21,7:00 PM,Tuesday,76617,English,United States
Labyrinth,Jim Henson,1986,Adventure,0 days 01:42:00,The Brattle,2026-04-21,8:30 PM,Tuesday,177906,English,United Kingdom
High Anxiety,Mel Brooks,1977,Comedy,0 days 01:34:00,Coolidge Corner Theatre,2026-04-22,7:00 PM,Wednesday,442675,English,United States
The Right Stuff,Philip Kaufman,1983,Drama,0 days 03:13:00,The Brattle,2026-04-22,8:00 PM,Wednesday,113442,English,United States
Saving Face,Alice Wu,2004,Comedy,0 days 01:37:00,Bright Family Screening Room,2026-04-23,7:00 PM,Thursday,2812718,English,United States
Double Feature: Island of Lost Souls / The Leopard Man,"Erle C. Kenton, Jacques Tourneur",1932,Horror,0 days 02:16:00,Coolidge Corner Theatre,2026-04-23,9:30 PM,Thursday,,,
The Half of It,Alice Wu,2020,Comedy,0 days 01:44:00,Bright Family Screening Room,2026-04-24,6:30 PM,Friday,60562903,English,United States
Everyone Is Lying to You for Money,"Ben McKenzie, Giorgio Angelini",2026,Documentary,0 days 01:30:00,Coolidge Corner Theatre,2026-04-24,7:00 PM,Friday,82972039,English,United States
Damnation,Béla Tarr,1988,Drama,0 days 01:56:00,Harvard Film Archive,2026-04-24,7:00 PM,Friday,6482317,Hungarian,Hungary
The Breakfast Club,John Hughes,1985,Comedy,0 days 01:38:00,Capitol Theatre,2026-04-24,7:30 PM,Friday,29943,English,United States
Assassination,Masahiro Shinoda,1964,Drama,0 days 01:44:00,Harvard Film Archive,2026-04-24,9:15 PM,Friday,8088017,,Japan
Saving Face,Alice Wu,2004,Comedy,0 days 01:37:00,Bright Family Screening Room,2026-04-24,9:30 PM,Friday,2812718,English,United States
Body Snatchers,Abel Ferrara,1993,Horror,0 days 01:27:00,Coolidge Corner Theatre,2026-04-24,11:59 PM,Friday,5735467,English,United States
Satantango,Béla Tarr,1994,Drama,0 days 07:12:00,Harvard Film Archive,2026-04-25,2:00 PM,Saturday,4340438,Hungarian,Hungary
Local Spotlight: Viet Nam: The Aftermath,Bestor Cram and David Thomas,1982,Documentary,0 days 02:00:00,West Newton Cinema,2026-04-25,4:00 PM,Saturday,,,
Aliens,James Cameron,1986,Action,0 days 02:17:00,Coolidge Corner Theatre,2026-04-25,11:59 PM,Saturday,213472,English,United States
The Day of the Triffids,Steve Sekely,1963,SciFi,0 days 01:33:00,Coolidge Corner Theatre,2026-04-25,11:59 PM,Saturday,5832380,English,United Kingdom
The Natural,Barry Levinson,1984,Drama,0 days 02:17:00,West Newton Cinema,2026-04-26,12:00 PM,Sunday,11213660,English,United States
Young Frankenstein,Mel Brooks,1974,Comedy,0 days 01:46:00,Coolidge Corner Theatre,2026-04-26,2:00 PM,Sunday,442647,English,United States
The Producers,Mel Brooks,1968,Comedy,0 days 01:29:00,Coolidge Corner Theatre,2026-04-26,4:30 PM,Sunday,76030,English,United States
A.I. Artificial Intelligence,Steven Spielberg,2001,Drama,0 days 02:26:00,Harvard Film Archive,2026-04-27,7:00 PM,Monday,142224,English,United States
Requiem for a Dream,Darren Aronofsky,2000,Crime,0 days 01:42:00,Coolidge Corner Theatre,2026-04-27,7:00 PM,Monday,23830211,English,United States
Spaceballs,Mel Brooks,1987,Comedy,0 days 01:36:00,Coolidge Corner Theatre,2026-04-29,7:00 PM,Wednesday,75222,English,United States
The House with Laughing Windows,Pupi Avati,1976,Mystery,0 days 01:50:00,The Brattle,2026-04-29,8:00 PM,Wednesday,7854762,,Italy
Santa Sangre,Alejandro Jodorowsky,1989,Thriller,0 days 02:02:00,The Brattle,2026-04-30,6:00 PM,Thursday,1064537,English,Mexico
"Steal This Story, Please!","Carl Deal, Tia Lessin",2026,Documentary,0 days 01:38:00,Coolidge Corner Theatre,2026-04-30,7:00 PM,Thursday,81593884,English,United States
The Wedding Singer,Frank Coraci,1998,Romance,0 days 01:37:00,Coolidge Corner Theatre,2026-04-30,7:30 PM,Thursday,454655,English,United States
A Lizard in a Woman's Skin,Lucio Fulci,1971,Horror,0 days 01:44:00,The Brattle,2026-04-30,9:15 PM,Thursday,8600276,,Italy
Hollywood Shuffle,Robert Townsend,1987,Comedy,0 days 01:21:00,Coolidge Corner Theatre,2026-05-13,7:00 PM,Wednesday,2973523,English,United States
Mamma Mia!,Phyllida Lloyd,2008,Comedy,0 days 01:48:00,The Brattle,2026-05-13,8:00 PM,Wednesday,8425661,English,United States
The Double Life of Véronique,Krzysztof Kieślowski,1991,Drama,0 days 01:38:00,French Library,2026-05-14,6:00 PM,Thursday,733176,French,France
Vertigo,Alfred Hitchcock,1958,Mystery,0 days 02:09:00,West Newton Cinema,2026-05-14,6:30 PM,Thursday,76617,English,United States
The Passion of Joan of Arc,Carl Theodor Dreyer,1928,Drama,0 days 01:21:00,Coolidge Corner Theatre,2026-05-14,7:00 PM,Thursday,457561,French,France
Barfly,Barbet Schroeder,1987,Comedy,0 days 01:40:00,Somerville Theatre,2026-05-14,7:30 PM,Thursday,1722535,English,United States
Aliens,James Cameron,1986,Action,0 days 02:17:00,The Brattle,2026-05-14,8:00 PM,Thursday,213472,English,United States
The Terminator,James Cameron,1984,Action,0 days 01:48:00,The Brattle,2026-05-15,3:30 PM,Friday,30327,English,United States
Double Feature: Chime / Serpent’s Path,Kiyoshi Kurosawa,1998,Thriller,0 days 02:10:00,The Brattle,2026-05-15,6:15 PM,Friday,,,
Cure,Kiyoshi Kurosawa,1997,Crime,0 days 01:51:00,The Brattle,2026-05-15,9:00 PM,Friday,2359777,Japanese,Japan
Slowburn Shoot: An Indie Wrestling Story,Adam J. Wilde,2026,Documentary,0 days 01:22:00,Coolidge Corner Theatre,2026-05-15,11:30 PM,Friday,,,
A Simple Plan,Sam Raimi,1998,Crime,0 days 02:01:00,Coolidge Corner Theatre,2026-05-15,11:59 PM,Friday,6233638,English,United States
Double Feature: Chime + Serpent’s Path,Kiyoshi Kurosawa,1998,TVMovie,0 days 02:10:00,The Brattle,2026-05-16,"12:30 PM, 6:15 PM",Saturday,,,
The Taste of Tea,Katsuhito Ishii,2004,Comedy,0 days 02:23:00,Museum of Fine Arts,2026-05-16,2:00 PM,Saturday,9065304,Japanese,Japan
Cure,Kiyoshi Kurosawa,1997,Crime,0 days 01:51:00,The Brattle,2026-05-16,3:15 PM,Saturday,2359777,Japanese,Japan
Eyes of the Spider,Kiyoshi Kurosawa,1998,Crime,0 days 01:23:00,The Brattle,2026-05-16,9:00 PM,Saturday,146947,,
The Rocky Horror Picture Show,Jim Sharman,1975,Comedy,0 days 01:40:00,Somerville Theatre,2026-05-16,11:00 PM,Saturday,25491,English,United Kingdom
Santo vs. Doctor Death,Rafael Romero Marchent,1973,SciFi,0 days 01:37:00,Coolidge Corner Theatre,2026-05-16,11:59 PM,Saturday,,,
The Gift,Sam Raimi,2000,Horror,0 days 01:52:00,Coolidge Corner Theatre,2026-05-16,11:59 PM,Saturday,1312584,English,United States
Eyes of the Spider,Kiyoshi Kurosawa,1998,Crime,0 days 01:23:00,The Brattle,2026-05-17,12:00 PM,Sunday,146947,,
Double Feature: Ed Wood / Plan 9 from Outer Space,"Tim Burton, Ed Wood",1957,SciFi,0 days 03:26:00,Coolidge Corner Theatre,2026-05-17,2:00 PM,Sunday,18491946,English,United States
Freaky Friday,Gary Nelson,1976,Fantasy,0 days 01:35:00,Somerville Theatre,2026-05-17,2:30 PM,Sunday,7533357,English,United States
Double Feature: Chime + Serpent’s Path,Kiyoshi Kurosawa,1998,Thriller,0 days 02:10:00,The Brattle,2026-05-17,"4:15 PM, 7:00 PM",Sunday,,,
The Computer Wore Tennis Shoes,Robert Butler,1969,Comedy,0 days 01:31:00,Somerville Theatre,2026-05-17,4:30 PM,Sunday,5453739,English,United States
Persona,Ingmar Bergman,1966,Drama,0 days 01:24:00,The Brattle,2026-05-18,6:00 PM,Monday,667945,Swedish,Sweden
Taxi Driver,Martin Scorsese,1976,Crime,0 days 01:54:00,Somerville Theatre,2026-05-18,6:30 PM,Monday,30000,English,United States
Frankenstein,Guillermo del Toro,2025,Drama,0 days 02:30:00,Coolidge Corner Theatre,2026-05-18,7:00 PM,Monday,73297429,English,United States
Mulholland Drive,David Lynch,2001,Thriller,0 days 02:27:00,The Brattle,2026-05-18,8:00 PM,Monday,20786,,
Escape from New York,John Carpenter,1981,SciFi,0 days 01:39:00,Somerville Theatre,2026-05-18,8:45 PM,Monday,9835,English,United States
Desperately Seeking Susan,Susan Seidelman,1985,Drama,0 days 01:44:00,The Brattle,2026-05-19,8:00 PM,Tuesday,2019025,English,United States
Annihilation,Alex Garland,2018,SciFi,0 days 01:55:00,The Brattle,2026-05-20,"3:30 PM, 9:15 PM",Wednesday,46654061,English,United Kingdom
Solaris,Andrei Tarkovsky,1972,Drama,0 days 02:47:00,The Brattle,2026-05-20,6:00 PM,Wednesday,20181213,Russian,Soviet Union
The Blair Witch Project,"Daniel Myrick, Eduardo Sánchez",1999,Horror,0 days 01:21:00,Coolidge Corner Theatre,2026-05-20,7:00 PM,Wednesday,18841979,English,United States
Black Swan,Darren Aronofsky,2010,Drama,0 days 01:48:00,The Brattle,2026-05-21,"3:45 PM, 8:15 PM",Thursday,24480838,English,United States
The Double Life of Véronique,Krzysztof Kieślowski,1991,Drama,0 days 01:38:00,The Brattle,2026-05-21,6:00 PM,Thursday,733176,French,France
The Princess Diaries,Garry Marshall,2001,Comedy,0 days 01:55:00,Coolidge Corner Theatre,2026-05-21,7:00 PM,Thursday,564986,English,United States
Trees Lounge,Steve Buscemi,1996,Drama,0 days 01:35:00,Somerville Theatre,2026-05-21,7:30 PM,Thursday,2547388,English,
Cecil B. Demented,John Waters,2000,Crime,0 days 01:28:00,Coolidge Corner Theatre,2026-05-21,9:30 PM,Thursday,1039414,English,United States
News from Home,Chantal Akerman,1977,Documentary,0 days 01:29:00,The Brattle,2026-05-22,6:00 PM,Friday,29932707,French,France
Angel's Egg,Mamoru Oshii,1985,Animation,0 days 01:11:00,Museum of Fine Arts,2026-05-22,7:00 PM,Friday,,,
Taxi Driver,Martin Scorsese,1976,Crime,0 days 01:54:00,The Brattle,2026-05-22,8:00 PM,Friday,30000,English,United States
Double Feature: Evil Dead (2013) / Evil Dead Rise,"Fede Álvarez, Lee Cronin",2013,Horror,0 days 03:07:00,Coolidge Corner Theatre,2026-05-22,11:00 PM,Friday,76494133,English,United States
Ready to Rumble,Brian Robbins,2000,Action,0 days 01:47:00,Coolidge Corner Theatre,2026-05-22,11:59 PM,Friday,2216322,English,United States
An American in Paris,Vincente Minnelli,1951,Music,0 days 01:53:00,The Brattle,2026-05-23,1:00 PM,Saturday,1587300,English,United States
Kings of the Road,Wim Wenders,1976,Drama,0 days 02:56:00,The Brattle,2026-05-23,3:30 PM,Saturday,8862350,German,West Germany
Ghost World,Terry Zwigoff,2001,Comedy,0 days 01:51:00,The Brattle,2026-05-23,7:00 PM,Saturday,20179720,English,United States
Massacre at Central High,René Daalder,1976,Horror,0 days 01:27:00,The Brattle,2026-05-23,9:30 PM,Saturday,4220213,English,United States
Doctor Strange in the Multiverse of Madness,Sam Raimi,2022,Fantasy,0 days 02:06:00,Coolidge Corner Theatre,2026-05-23,11:30 PM,Saturday,59353603,English,United States
Body Slam,Hal Needham,1986,Comedy,0 days 01:29:00,Coolidge Corner Theatre,2026-05-23,11:59 PM,Saturday,24160921,English,United States
Alice in Wonderland,"Clyde Geronimi, Wilfred Jackson, Hamilton Luske",1951,Animation,0 days 01:15:00,The Brattle,2026-05-24,"12:00 PM, 1:45 PM",Sunday,769066,English,United States
Zindagi Na Milegi Dobara,Zoya Akhtar,2011,Drama,0 days 02:34:00,Coolidge Corner Theatre,2026-05-24,1:00 PM,Sunday,29525315,Hindi,India
The Fox and the Hound,"Richard Rich, Art Stevens, Ted Berman",1981,Adventure,0 days 01:22:00,Somerville Theatre,2026-05-24,2:00 PM,Sunday,1371138,English,United States
"Double Feature: Adaptation / Synecdoche, New York","Spike Jonze, Charlie Kaufman",2002,Drama,0 days 03:59:00,Coolidge Corner Theatre,2026-05-24,2:00 PM,Sunday,,,
Taxi Driver,Martin Scorsese,1976,Crime,0 days 01:54:00,The Brattle,2026-05-24,3:30 PM,Sunday,30000,English,United States
Bugsy Malone,Alan Parker,1976,Drama,0 days 01:33:00,Somerville Theatre,2026-05-24,4:45 PM,Sunday,307158,English,United States
Miss Julie,Alf Sjöberg,1951,Drama,0 days 01:30:00,The Brattle,2026-05-24,6:00 PM,Sunday,8744262,Swedish,Sweden
The Piano Teacher,Michael Haneke,2001,Drama,0 days 02:11:00,The Brattle,2026-05-24,8:00 PM,Sunday,846828,French,France
The Bad News Bears,Michael Ritchie,1976,Family,0 days 01:42:00,The Brattle,2026-05-25,"1:00 PM, 5:45 PM",Monday,464128,English,United States
The Royal Tenenbaums,Wes Anderson,2001,Comedy,0 days 01:50:00,The Brattle,2026-05-25,"3:15 PM, 8:00 PM",Monday,223268,English,United States
Used Cars,Robert Zemeckis,1980,Comedy,0 days 01:53:00,Somerville Theatre,2026-05-25,6:30 PM,Monday,1640125,English,United States
Jurassic Park,Steven Spielberg,1993,Adventure,0 days 02:07:00,Coolidge Corner Theatre,2026-05-25,7:00 PM,Monday,68485,English,United States
Carny,Robert Kaylor,1980,Drama,0 days 01:47:00,Somerville Theatre,2026-05-25,8:45 PM,Monday,15452919,English,United States
The General,"Clyde Bruckman, Buster Keaton",1926,Action,0 days 01:19:00,Coolidge Corner Theatre,2026-05-26,7:00 PM,Tuesday,68388,Silent,United States
Massacre at Central High,René Daalder,1976,Horror,0 days 01:27:00,The Brattle,2026-05-26,9:00 PM,Tuesday,4220213,English,United States
Baby Boy,John Singleton,2001,Crime,0 days 02:10:00,The Brattle,2026-05-27,"3:30 PM, 8:00 PM",Wednesday,156558,English,United States
Native Son,Pierre Chenal,1951,Drama,0 days 01:44:00,The Brattle,2026-05-27,6:00 PM,Wednesday,9879767,English,Argentina
Irma Vep,Olivier Assayas,1996,Comedy,0 days 01:39:00,Coolidge Corner Theatre,2026-05-27,7:00 PM,Wednesday,326124,English,France
The Lavender Hill Mob,Charles Crichton,1951,Comedy,0 days 01:18:00,The Brattle,2026-05-28,"4:00 PM, 6:00 PM",Thursday,156632,English,United Kingdom
Move Ya Body: The Birth of House,Elegance Bratton,2025,Documentary,0 days 01:32:00,Coolidge Corner Theatre,2026-05-28,7:00 PM,Thursday,78877930,English,United States
Road House,Rowdy Herrington,1989,Action,0 days 01:54:00,Somerville Theatre,2026-05-28,7:30 PM,Thursday,901489,English,United States
The Stunt Man,Richard Rush,1980,Action,0 days 02:11:00,Coolidge Corner Theatre,2026-05-28,9:30 PM,Thursday,164395,English,United States
Princess Mononoke,Hayao Miyazaki,1997,Adventure,0 days 02:14:00,Museum of Fine Arts,2026-05-29,7:00 PM,Friday,24653,Japanese,Japan
The Room,Tommy Wiseau,2003,Drama,0 days 01:39:00,Coolidge Corner Theatre,2026-05-29,11:59 PM,Friday,5443971,English,United States
Drag Me to Hell,Sam Raimi,2009,Horror,0 days 01:39:00,Coolidge Corner Theatre,2026-05-29,11:59 PM,Friday,20469278,English,United States
Babystar,Joscha Bongard,2026,Drama,0 days 01:38:00,Coolidge Corner Theatre,2026-05-31,11:00 AM,Sunday,79959824,,
Double Feature: Nouvelle Vague / Contempt,"Richard Linklater, Jean-Luc Godard",1963,Drama,0 days 03:28:00,Coolidge Corner Theatre,2026-05-31,2:00 PM,Sunday,,,
Before Sunrise,Richard Linklater,1995,Drama,0 days 01:41:00,The Brattle,2026-06-16,3:30 PM,Tuesday,63401571,Russian,Soviet Union
Stop Making Sense,Jonathan Demme,1984,Documentary,0 days 01:28:00,The Brattle,2026-06-16,"6:00 PM, 8:00 PM",Tuesday,1471831,English,United States
Before Sunrise,Richard Linklater,1995,Drama,0 days 01:41:00,The Brattle,2026-06-17,6:00 PM,Wednesday,63401571,Russian,Soviet Union
But I'm a Cheerleader,Jamie Babbit,2000,Comedy,0 days 01:25:00,The Speedway,2026-06-17,8:00 PM,Wednesday,770156,English,United States
Before Sunset,Richard Linklater,2004,Drama,0 days 01:20:00,The Brattle,2026-06-17,8:15 PM,Wednesday,805120,English,France
Before Sunrise,Richard Linklater,1995,Drama,0 days 01:41:00,The Brattle,2026-06-18,4:00 PM,Thursday,63401571,Russian,Soviet Union
Before Sunset,Richard Linklater,2004,Drama,0 days 01:20:00,The Brattle,2026-06-18,6:15 PM,Thursday,805120,English,France
Space Jam,Joe Pytka,1996,Family,0 days 01:27:00,Coolidge Corner Theatre,2026-06-18,7:00 PM,Thursday,265033,English,United States
From Dusk Till Dawn,Robert Rodriguez,1996,Horror,0 days 01:48:00,Somerville Theatre,2026-06-18,7:30 PM,Thursday,447299,English,United States
Before Midnight,Richard Linklater,2013,Romance,0 days 01:49:00,The Brattle,2026-06-18,8:15 PM,Thursday,36929245,English,United States
Malcolm X,Spike Lee,1992,Drama,0 days 03:22:00,The Brattle,2026-06-19,3:30 PM,Friday,300972,English,United States
Major League,David S. Ward,1989,Comedy,0 days 01:47:00,Capitol Theatre,2026-06-19,7:30 PM,Friday,685987,English,United States
Bitter Rice,Giuseppe De Santis,1949,Drama,0 days 01:49:00,The Brattle,2026-06-19,7:30 PM,Friday,2461103,Italian,Italy
The Room,Tommy Wiseau,2003,Drama,0 days 01:39:00,Coolidge Corner Theatre,2026-06-19,11:59 PM,Friday,5443971,English,United States
Terrifier 2,Damien Leone,2022,Horror,0 days 02:18:00,Coolidge Corner Theatre,2026-06-19,11:59 PM,Friday,61809773,English,United States
Malcolm X,Spike Lee,1992,Drama,0 days 03:22:00,The Brattle,2026-06-20,12:00 PM,Saturday,300972,English,United States
Bitter Rice,Giuseppe De Santis,1949,Drama,0 days 01:49:00,The Brattle,2026-06-20,"4:00 PM, 6:30 PM",Saturday,2461103,Italian,Italy
The Shining,Stanley Kubrick,1980,Horror,0 days 02:24:00,The Brattle,2026-06-20,9:00 PM,Saturday,1186616,English,United Kingdom
Bottle Rocket,Wes Anderson,1996,Comedy,0 days 01:31:00,Somerville Theatre,2026-06-20,11:59 PM,Saturday,524139,English,United States
Killer Klowns from Outer Space,Stephen Chiodo,1988,Comedy,0 days 01:26:00,Coolidge Corner Theatre,2026-06-20,11:59 PM,Saturday,1249019,English,United States
The Shining,Stanley Kubrick,1980,Horror,0 days 02:24:00,The Brattle,2026-06-21,"12:00 PM, 6:00 PM, 9:00 PM",Sunday,1186616,English,United Kingdom
"The Adventures of Priscilla, Queen of the Desert",Stephan Elliott,1994,Drama,0 days 01:43:00,West Newton Cinema,2026-06-21,1:00 PM,Sunday,482882,English,Australia
Bitter Rice,Giuseppe De Santis,1949,Drama,0 days 01:49:00,The Brattle,2026-06-21,3:30 PM,Sunday,2461103,Italian,Italy
Mare’s Nest,Ben Rivers,2026,SciFi,0 days 01:38:00,The Brattle,2026-06-21,6:00 PM,Sunday,,,
Bitter Rice,Giuseppe De Santis,1949,Drama,0 days 01:49:00,The Brattle,2026-06-22,4:00 PM,Monday,2461103,Italian,Italy
The Shining,Stanley Kubrick,1980,Horror,0 days 02:24:00,The Brattle,2026-06-22,6:30 PM,Monday,1186616,English,United Kingdom
Breakdown,Jonathan Mostow,1997,Crime,0 days 01:33:00,Somerville Theatre,2026-06-22,6:45 PM,Monday,1730420,English,United States
Flightplan,Robert Schwentke,2005,Thriller,0 days 01:38:00,Somerville Theatre,2026-06-22,8:45 PM,Monday,2008863,English,United States
Desert Hearts,Donna Deitch,1985,Drama,0 days 01:31:00,The Brattle,2026-06-23,6:00 PM,Tuesday,7313414,English,United States
Raiders of the Lost Ark,Steven Spielberg,1981,Adventure,0 days 01:55:00,Coolidge Corner Theatre,2026-06-23,7:00 PM,Tuesday,54166,English,United States
Rose of Nevada,Mark Jenkin,2026,SciFi,0 days 01:54:00,Coolidge Corner Theatre,2026-06-23,7:15 PM,Tuesday,79157961,English,United Kingdom
Bound,"Lana Wachowski, Lilly Wachowski",1996,Drama,0 days 01:45:00,The Brattle,2026-06-23,8:15 PM,Tuesday,249838,English,United States
Beautiful Thing,Hettie Macdonald,1996,Comedy,0 days 01:32:00,The Brattle,2026-06-24,"4:30 PM, 6:30 PM",Wednesday,34043061,English,United Kingdom
The Prestige,Christopher Nolan,2006,Drama,0 days 02:10:00,Coolidge Corner Theatre,2026-06-24,7:00 PM,Wednesday,2809621,English,United Kingdom
Macho Dancer,Lino Brocka,1989,Drama,0 days 02:16:00,The Brattle,2026-06-24,8:30 PM,Wednesday,6772810,Filipino,Philippines
Hedwig and the Angry Inch,John Cameron Mitchell,2001,Comedy,0 days 01:35:00,The Brattle,2026-06-25,"6:00 PM, 8:30 PM",Thursday,15782460,English,United States
Shaun of the Dead,Edgar Wright,2004,Horror,0 days 01:39:00,Somerville Theatre,2026-06-25,7:30 PM,Thursday,598397,English,United Kingdom
Xanadu,Robert Greenwald,1980,Fantasy,0 days 01:36:00,Coolidge Corner Theatre,2026-06-25,9:30 PM,Thursday,317873,English,United States
Bull Durham,Ron Shelton,1988,Comedy,0 days 01:48:00,Capitol Theatre,2026-06-26,7:30 PM,Friday,670386,English,United States
The Elephant Man,David Lynch,1980,Drama,0 days 02:04:00,The Brattle,2026-06-26,8:30 PM,Friday,106344,English,United Kingdom
House of 1000 Corpses,Rob Zombie,2003,Horror,0 days 01:29:00,Coolidge Corner Theatre,2026-06-26,11:59 PM,Friday,307789,English,United States
Young Frankenstein,Mel Brooks,1974,Comedy,0 days 01:46:00,The Brattle,2026-06-27,12:00 PM,Saturday,442647,English,United States
History of the World: Part I,Mel Brooks,1981,Comedy,0 days 01:32:00,The Brattle,2026-06-27,2:15 PM,Saturday,442668,English,United States
The Fly,David Cronenberg,1986,Horror,0 days 01:36:00,The Brattle,2026-06-27,9:00 PM,Saturday,456601,English,United States
It Chapter Two,Andy Muschietti,2019,Horror,0 days 02:49:00,Coolidge Corner Theatre,2026-06-27,11:30 PM,Saturday,50733124,English,United States
Django,Sergio Corbucci,1966,Action,0 days 01:33:00,Somerville Theatre,2026-06-27,11:59 PM,Saturday,3586028,,Italy
Red Stars Upon the Field,Laura Laabs,2025,Crime,0 days 02:13:00,Coolidge Corner Theatre,2026-06-28,11:00 AM,Sunday,,,
The Producers,Mel Brooks,1968,Comedy,0 days 01:29:00,The Brattle,2026-06-28,12:00 PM,Sunday,76030,English,United States
Young Frankenstein,Mel Brooks,1974,Comedy,0 days 01:46:00,The Brattle,2026-06-28,2:00 PM,Sunday,442647,English,United States
The Fly,David Cronenberg,1986,Horror,0 days 01:36:00,The Brattle,2026-06-28,9:00 PM,Sunday,456601,English,United States
Contact,Robert Zemeckis,1997,Drama,0 days 02:30:00,Somerville Theatre,2026-06-29,6:30 PM,Monday,422269,English,United States
The Wiz,Sidney Lumet,1978,Music,0 days 02:14:00,Coolidge Corner Theatre,2026-06-29,7:00 PM,Monday,8711666,English,United States
Spaceballs,Mel Brooks,1987,Comedy,0 days 01:36:00,The Brattle,2026-06-29,8:15 PM,Monday,75222,English,United States
Stargate,Roland Emmerich,1994,Action,0 days 02:01:00,Somerville Theatre,2026-06-29,9:20 PM,Monday,28327,English,United States
Catch Me If You Can,Steven Spielberg,2002,Drama,0 days 02:21:00,Coolidge Corner Theatre,2026-06-30,7:00 PM,Tuesday,215873,English,United States
The Dark Knight,Christopher Nolan,2008,Drama,0 days 02:32:00,Coolidge Corner Theatre,2026-07-01,7:00 PM,Wednesday,4276475,English,United States
National Treasure,Jon Turteltaub,2004,Adventure,0 days 02:11:00,The Brattle,2026-07-01,7:30 PM,Wednesday,699208,English,United States
Coming to America,John Landis,1988,Comedy,0 days 01:57:00,Coolidge Corner Theatre,2026-07-02,7:00 PM,Thursday,54540,English,United States
Jaws,Steven Spielberg,1975,Horror,0 days 02:04:00,The Brattle,2026-07-03,"3:00 PM, 6:00 PM",Friday,74830,English,United States
The Bad News Bears,Michael Ritchie,1976,Family,0 days 01:42:00,Capitol Theatre,2026-07-03,7:30 PM,Friday,464128,English,United States
National Treasure,Jon Turteltaub,2004,Adventure,0 days 02:11:00,The Brattle,2026-07-04,12:00 PM,Saturday,699208,English,United States
Jaws,Steven Spielberg,1975,Horror,0 days 02:04:00,The Brattle,2026-07-04,"3:00 PM, 6:00 PM",Saturday,74830,English,United States
Jaws,Steven Spielberg,1975,Horror,0 days 02:04:00,The Brattle,2026-07-05,"12:00 PM, 3:00 PM, 6:00 PM",Sunday,74830,English,United States
Jaws,Steven Spielberg,1975,Horror,0 days 02:04:00,The Brattle,2026-07-06,3:00 PM,Monday,74830,English,United States
Overboard,Garry Marshall,1987,Comedy,0 days 01:52:00,Somerville Theatre,2026-07-06,6:30 PM,Monday,2209172,English,United States
American Psycho,Mary Harron,2000,Thriller,0 days 01:42:00,Coolidge Corner Theatre,2026-07-06,7:00 PM,Monday,4846576,English,United States
Sommersby,Jon Amiel,1993,Drama,0 days 01:49:00,Somerville Theatre,2026-07-06,8:45 PM,Monday,977671,English,United States
Saving Private Ryan,Steven Spielberg,1998,War,0 days 02:49:00,Coolidge Corner Theatre,2026-07-07,7:00 PM,Tuesday,28269,English,United States
Dunkirk,Christopher Nolan,2017,War,0 days 01:47:00,Coolidge Corner Theatre,2026-07-08,7:00 PM,Wednesday,48936686,English,United Kingdom
Miss Congeniality,Donald Petrie,2000,Comedy,0 days 01:50:00,The Brattle,2026-07-08,"3:45 PM, 8:15 PM",Wednesday,19715,English,United States
Sister Act,Emile Ardolino,1992,Music,0 days 01:40:00,The Brattle,2026-07-08,6:00 PM,Wednesday,920468,English,United States
The Searchers,John Ford,1956,Western,0 days 01:59:00,West Newton Cinema,2026-07-09,6:30 PM,Thursday,76335,English,United States
"Summer of Soul (...Or, When the Revolution Could Not Be Televised)",Questlove,2021,Music,0 days 01:57:00,Coolidge Corner Theatre,2026-07-09,7:00 PM,Thursday,66623644,English,United States
Superbad,Greg Mottola,2007,Comedy,0 days 01:53:00,Coolidge Corner Theatre,2026-07-09,9:45 PM,Thursday,6254878,English,United States
The Friends of Eddie Coyle,Peter Yates,1973,Crime,0 days 01:42:00,West Newton Cinema,2026-07-09,6:30 PM,Thursday,3213322,English,United States
Take Me Out to the Ball Game,Busby Berkeley,1949,Comedy,0 days 01:33:00,Capitol Theatre,2026-07-10,7:30 PM,Friday,17519548,English,United States
Alfie,Lewis Gilbert,1966,Comedy,0 days 01:54:00,The Brattle,2026-07-10,3:30 PM,Friday,98503,English,United Kingdom
Drunken Tai Chi,Yuen Woo-ping,1984,Action,0 days 01:31:00,The Brattle,2026-07-10,6:00 PM,Friday,11038654,Cantonese,Hong Kong
John Wick: Chapter 4,Chad Stahelski,2023,Action,0 days 02:50:00,The Brattle,2026-07-10,8:30 PM,Friday,61747554,English,United States
Alien³,David Fincher,1992,SciFi,0 days 01:54:00,Somerville Theatre,2026-07-10,10:00 PM,Friday,213251,English,United States
Fire in the Sky,Rob Lieberman,1993,SciFi,0 days 01:49:00,Coolidge Corner Theatre,2026-07-10,11:59 PM,Friday,722551,English,United States
The Hateful Eight,Quentin Tarantino,2015,Drama,0 days 03:08:00,Somerville Theatre,2026-07-11,2:00 PM,Saturday,43308964,English,United States
Carnage,Roman Polanski,2011,Comedy,0 days 01:20:00,Somerville Theatre,2026-07-11,6:15 PM,Saturday,30885871,English,France
Terminator 2: Judgment Day,James Cameron,1991,Action,0 days 02:17:00,Somerville Theatre,2026-07-11,11:59 PM,Saturday,34344124,English,United States
SPL: Kill Zone,Wilson Yip,2005,Action,0 days 01:33:00,The Brattle,2026-07-11,6:00 PM,Saturday,3819605,Cantonese,Hong Kong
John Wick: Chapter 4,Chad Stahelski,2023,Action,0 days 02:50:00,The Brattle,2026-07-11,8:30 PM,Saturday,61747554,English,United States
Frankenhooker,Frank Henenlotter,1990,Comedy,0 days 01:25:00,Somerville Theatre,2026-07-11,9:30 PM,Saturday,2259073,English,United States
Invasion of the Saucer Men,Edward L. Cahn,1957,SciFi,0 days 01:09:00,Coolidge Corner Theatre,2026-07-11,11:59 PM,Saturday,8731626,English,United States
The Seven Year Itch,Billy Wilder,1955,Comedy,0 days 01:45:00,Coolidge Corner Theatre,2026-07-12,2:00 PM,Sunday,763753,English,United States
Fly Me to the Moon,Sasha Chuk Tsz-yin,2024,Drama,0 days 01:53:00,The Brattle,2026-07-12,12:00 PM,Sunday,70438308,English,United States
Cool Hand Luke,Stuart Rosenberg,1967,Drama,0 days 02:07:00,The Brattle,2026-07-12,"3:15 PM, 8:00 PM",Sunday,161897,English,United States
Grease,Randal Kleiser,1978,Romance,0 days 01:50:00,West Newton Cinema,2026-07-12,4:00 PM,Sunday,336846,English,United States
Ride in the Whirlwind,Monte Hellman,1966,Western,0 days 01:22:00,The Brattle,2026-07-12,6:00 PM,Sunday,2289802,English,United States
Ask E. Jean,Ivy Meeropol,2026,Documentary,0 days 01:31:00,Coolidge Corner Theatre,2026-07-13,7:00 PM,Monday,80914286,English,United States
The Man Who Shot Liberty Valance,John Ford,1962,Western,0 days 02:03:00,Coolidge Corner Theatre,2026-07-13,7:15 PM,Monday,434089,English,United States
Repo Man,Alex Cox,1984,Comedy,0 days 01:32:00,The Brattle,2026-07-13,9:00 PM,Monday,26541,English,United States
Minority Report,Steven Spielberg,2002,SciFi,0 days 02:25:00,Coolidge Corner Theatre,2026-07-14,7:00 PM,Tuesday,142049,English,United States
Cisco Pike,Bill L. Norton,1972,Crime,0 days 01:35:00,The Brattle,2026-07-14,"4:00 PM, 7:45 PM",Tuesday,15203301,English,United States
Repo Man,Alex Cox,1984,Comedy,0 days 01:32:00,The Brattle,2026-07-14,10:00 PM,Tuesday,26541,English,United States
Tenet,Christopher Nolan,2020,Action,0 days 02:30:00,Coolidge Corner Theatre,2026-07-15,7:00 PM,Wednesday,59770239,English,United Kingdom
Speed,Jan de Bont,1994,Action,0 days 01:56:00,The Speedway,2026-07-15,8:00 PM,Wednesday,99123,English,United States
UFOria,John Binder,1984,Comedy,0 days 01:35:00,The Brattle,2026-07-15,"4:45 PM, 9:00 PM",Wednesday,2918501,English,
Repo Man,Alex Cox,1984,Comedy,0 days 01:32:00,The Brattle,2026-07-15,7:00 PM,Wednesday,26541,English,United States
Lucky,John Carroll Lynch,2017,Drama,0 days 01:28:00,The Brattle,2026-07-16,"4:00 PM, 6:00 PM",Thursday,51992470,English,United States
Death Watch,Bertrand Tavernier,1980,Drama,0 days 02:11:00,The Brattle,2026-07-17,6:30 PM,Friday,2414949,English,France
Fear Strikes Out,Robert Mulligan,1957,Drama,0 days 01:40:00,Capitol Theatre,2026-07-17,7:30 PM,Friday,6048532,English,United States
Christine,John Carpenter,1983,Horror,0 days 01:50:00,The Brattle,2026-07-17,9:00 PM,Friday,2071077,English,United States
Mars Attacks!,Tim Burton,1996,Comedy,0 days 01:46:00,Coolidge Corner Theatre,2026-07-17,11:59 PM,Friday,3565461,English,United States
The Last Temptation of Christ,Martin Scorsese,1988,Drama,0 days 02:44:00,The Brattle,2026-07-18,1:00 PM,Saturday,7832768,English,Canada
Escape from New York,John Carpenter,1981,SciFi,0 days 01:39:00,The Brattle,2026-07-18,"4:45 PM, 9:30 PM",Saturday,9835,English,United States
Alien,Ridley Scott,1979,Horror,0 days 01:57:00,The Brattle,2026-07-18,7:00 PM,Saturday,23487440,English,United Kingdom
The Rocky Horror Picture Show,Jim Sharman,1975,Comedy,0 days 01:40:00,Capitol Theatre,2026-07-18,8:00 PM,Saturday,25491,English,United Kingdom
Double Feature: Sleepaway Camp / Teenage Sex and Death at Camp Miasma,"Robert Hiltzik, Jane Schoenbrun",2026,Horror,0 days 03:16:00,Rocky Woods,2026-07-18,8:00 PM,Saturday,,,
The Faculty,Robert Rodriguez,1998,Horror,0 days 01:44:00,Coolidge Corner Theatre,2026-07-18,11:59 PM,Saturday,308430,English,United States
The Dark Crystal,"Jim Henson, Frank Oz",1982,Adventure,0 days 01:33:00,Somerville Theatre,2026-07-18,11:59 PM,Saturday,348292,English,United States
"Paris, Texas",Wim Wenders,1984,Drama,0 days 02:25:00,The Brattle,2026-07-19,"12:45 PM, 6:00 PM",Sunday,237134,English,West Germany
Some Like It Hot,Billy Wilder,1959,Comedy,0 days 02:02:00,Coolidge Corner Theatre,2026-07-19,2:00 PM,Sunday,76366,English,United States
Pretty in Pink,Howard Deutch,1986,Romance,0 days 01:37:00,The Brattle,2026-07-19,"3:45 PM, 9:00 PM",Sunday,454223,English,United States
Alien,Ridley Scott,1979,Horror,0 days 01:57:00,The Brattle,2026-07-20,"4:00 PM, 8:45 PM",Monday,23487440,English,United Kingdom
Escape from New York,John Carpenter,1981,SciFi,0 days 01:39:00,The Brattle,2026-07-20,6:30 PM,Monday,9835,English,United States
State of Firsts,Chase Joynt,2026,Documentary,0 days 01:33:00,Coolidge Corner Theatre,2026-07-20,7:00 PM,Monday,80743768,English,United States
Niagara,Henry Hathaway,1953,Thriller,0 days 01:32:00,Coolidge Corner Theatre,2026-07-21,7:00 PM,Tuesday,1633705,English,United States and Canada
The Asphalt Jungle,John Huston,1950,Crime,0 days 01:52:00,Coolidge Corner Theatre,2026-07-22,7:00 PM,Wednesday,894179,English,United States
A League of Their Own,Penny Marshall,1992,Comedy,0 days 02:08:00,Capitol Theatre,2026-07-24,7:30 PM,Friday,543433,,United States
Communion,Philippe Mora,1989,Drama,0 days 01:43:00,Coolidge Corner Theatre,2026-07-24,11:59 PM,Friday,9358857,English,United States
The Room,Tommy Wiseau,2003,Drama,0 days 01:39:00,Coolidge Corner Theatre,2026-07-24,11:59 PM,Friday,5443971,English,United States
Invasion of the Body Snatchers,Philip Kaufman,1978,SciFi,0 days 01:56:00,Coolidge Corner Theatre,2026-07-25,11:59 PM,Saturday,5735396,English,United States
Howard the Duck,Willard Huyck,1986,Fantasy,0 days 01:50:00,Somerville Theatre,2026-07-25,11:59 PM,Saturday,6551171,English,United States
Gentlemen Prefer Blondes,Howard Hawks,1953,Comedy,0 days 01:31:00,Coolidge Corner Theatre,2026-07-26,2:00 PM,Sunday,418598,English,United States
Chang: A Drama of the Wilderness,"Merian C. Cooper, Ernest B. Schoedsack",1927,Documentary,0 days 01:09:00,Somerville Theatre,2026-07-26,2:00 PM,Sunday,42861,Silent,United States
The Prince and the Showgirl,Laurence Olivier,1957,Comedy,0 days 01:55:00,Coolidge Corner Theatre,2026-07-28,7:00 PM,Tuesday,1997332,English,United Kingdom
The Misfits,John Huston,1961,Western,0 days 02:04:00,Coolidge Corner Theatre,2026-07-29,7:00 PM,Wednesday,1134155,English,United States
Sherman's March,Ross McElwee,1985,Documentary,0 days 02:38:00,Coolidge Corner Theatre,2026-07-30,6:30 PM,Thursday,,,
The Mask,Chuck Russell,1994,Comedy,0 days 01:41:00,Coolidge Corner Theatre,2026-07-30,7:00 PM,Thursday,1485962,English,United States
Clash of the Titans,Desmond Davis,1981,Adventure,0 days 01:58:00,Coolidge Corner Theatre,2026-07-30,9:30 PM,Thursday,948548,English,United States
West Side Story,"Jerome Robbins, Robert Wise",1961,Crime,0 days 02:33:00,The Brattle,2026-07-31,3:00 PM,Friday,4608223,English,United States
Mikey and Nicky,Elaine May,1976,Crime,0 days 01:46:00,The Brattle,2026-07-31,6:00 PM,Friday,3446656,English,United States
Dark Angel,Craig R. Baxley,1990,Action,0 days 01:31:00,Coolidge Corner Theatre,2026-07-31,11:59 PM,Friday,9963622,English,United States
Love in the Afternoon,Éric Rohmer,1972,Drama,0 days 01:37:00,The Brattle,2026-08-27,6:30 PM,Thursday,5216578,French,France
Midnight in the Garden of Good and Evil,Clint Eastwood,1997,Mystery,0 days 02:35:00,Coolidge Corner Theatre,2026-08-27,7:00 PM,Thursday,14307697,English,United States
Basic Instinct,Paul Verhoeven,1992,Thriller,0 days 02:08:00,The Brattle,2026-08-27,9:00 PM,Thursday,481649,English,United States
Zardoz,John Boorman,1974,Fantasy,0 days 01:45:00,Coolidge Corner Theatre,2026-08-27,9:30 PM,Thursday,149928,English,United Kingdom
Cabaret,Bob Fosse,1972,Music,0 days 02:04:00,The Brattle,2026-08-28,3:00 PM,Friday,236691,English,United States
The Piano,Jane Campion,1993,Drama,0 days 02:00:00,The Brattle,2026-08-28,6:00 PM,Friday,133688,English,Australia
The Wiz,Sidney Lumet,1978,Music,0 days 02:14:00,Kendall/MIT Open Space,2026-08-28,6:30 PM,Friday,8711666,English,United States
The Heart of the Matter,George More O'Ferrall,1953,Drama,0 days 01:45:00,Harvard Film Archive,2026-08-28,7:00 PM,Friday,7739227,English,United Kingdom
Manhunter,Michael Mann,1986,Crime,0 days 02:00:00,Somerville Theatre,2026-08-28,8:30 PM,Friday,600235,English,United States
Wicked VHS presents: A Secret Summer Camp Slasher Part 2,Nobody Knows,,Horror,0 days 01:50:00,Coolidge Corner Theatre,2026-08-28,11:59 PM,Friday,,,
The Piano,Jane Campion,1993,Drama,0 days 02:00:00,The Brattle,2026-08-29,"12:30 PM, 6:00 PM",Saturday,133688,English,Australia
The Band Wagon,Vincente Minnelli,1953,Music,0 days 01:52:00,West Newton Cinema,2026-08-29,1:00 PM,Saturday,73366,English,United States
Manhunter,Michael Mann,1986,Crime,0 days 02:00:00,Somerville Theatre,2026-08-29,"1:30 PM, 8:30 PM",Saturday,600235,English,United States
The Lord of the Rings: The Two Towers,Peter Jackson,2002,Adventure,0 days 02:59:00,Cabot Theater,2026-08-29,6:00 PM,Saturday,173944,English,New Zealand
Our Man in Havana,Carol Reed,1960,Comedy,0 days 01:51:00,Harvard Film Archive,2026-08-29,7:00 PM,Saturday,11588549,English,United Kingdom
The Stranger's Hand,Mario Soldati,1954,Thriller,0 days 01:25:00,Harvard Film Archive,2026-08-29,9:15 PM,Saturday,39545816,English,Italy
Bound,"Lana Wachowski, Lilly Wachowski",1996,Drama,0 days 01:45:00,Somerville Theatre,2026-08-29,11:59 PM,Saturday,249838,English,United States
Sleepaway Camp II: Unhappy Campers,Michael A. Simpson,1988,Comedy,0 days 01:20:00,Coolidge Corner Theatre,2026-08-29,11:59 PM,Saturday,4133151,English,United States
The Piano,Jane Campion,1993,Drama,0 days 02:00:00,The Brattle,2026-08-30,"12:30 PM, 6:00 PM",Sunday,133688,English,Australia
"Triple Feature: Malkovich, Malkovich, Malkovich!","Clint Eastwood, Stephen Frears, Spike Jonze",1988,Drama,0 days 05:59:00,Coolidge Corner Theatre,2026-08-30,1:00 PM,Sunday,44122,English,United States
Ministry of Fear,Fritz Lang,1944,Crime,0 days 01:26:00,Harvard Film Archive,2026-08-30,3:00 PM,Sunday,2522946,English,United States
The Piano,Jane Campion,1993,Drama,0 days 02:00:00,The Brattle,2026-08-31,3:00 PM,Monday,133688,English,Australia
Invaders from Mars,William Cameron Menzies,1953,SciFi,0 days 01:18:00,The Brattle,2026-08-31,6:00 PM,Monday,2393932,English,United States
Top Hat,Mark Sandrich,1935,Music,0 days 01:41:00,Coolidge Corner Theatre,2026-08-31,7:00 PM,Monday,61501,English,United States
Went the Day Well?,Alberto Cavalcanti,1942,War,0 days 01:32:00,Harvard Film Archive,2026-08-31,7:00 PM,Monday,2044745,English,United Kingdom
Invasion of the Body Snatchers,Don Siegel,1956,SciFi,0 days 01:20:00,The Brattle,2026-08-31,7:45 PM,Monday,74394,English,United States
Tokyo Story,Yasujirō Ozu,1953,Drama,0 days 02:17:00,Coolidge Corner Theatre,2026-09-01,7:15 PM,Tuesday,846336,Japanese,Japan
The Cycle of Love,Orlando von Einsiedel,2026,Documentary,0 days 01:38:00,Coolidge Corner Theatre,2026-09-01,7:30 PM,Tuesday,80921228,English,United Kingdom
Invasion of the Body Snatchers,Don Siegel,1956,SciFi,0 days 01:20:00,The Brattle,2026-09-01,8:00 PM,Tuesday,74394,English,United States
Invaders from Mars,William Cameron Menzies,1953,SciFi,0 days 01:18:00,The Brattle,2026-09-01,9:45 PM,Tuesday,2393932,English,United States
Breathless,Jean-Luc Godard,1960,Drama,0 days 01:30:00,Coolidge Corner Theatre,2026-09-02,7:00 PM,Wednesday,339526,French,France
"Good Night, and Good Luck.",George Clooney,2005,Drama,0 days 01:32:00,The Brattle,2026-09-02,8:00 PM,Wednesday,2663129,English,United States
Akira,Katsuhiro Otomo,1988,Animation,0 days 02:04:00,Coolidge Corner Theatre,2026-09-03,6:30 PM,Thursday,605939,Japanese,Japan
Bicycle Thieves,Vittorio De Sica,1948,Drama,0 days 01:29:00,Coolidge Corner Theatre,2026-09-03,7:00 PM,Thursday,642744,Italian,Italy
Total Recall,Paul Verhoeven,1990,Action,0 days 01:53:00,The Brattle,2026-09-03,9:00 PM,Thursday,55325,English,United States
Spirited Away,Hayao Miyazaki,2001,Animation,0 days 02:05:00,The Brattle,2026-09-04,6:00 PM,Friday,70091,Japanese,Japan
Akira,Katsuhiro Otomo,1988,Animation,0 days 02:04:00,Coolidge Corner Theatre,2026-09-04,"6:30 PM, 9:30 PM",Friday,605939,Japanese,Japan
The Third Man,Carol Reed,1949,Thriller,0 days 01:44:00,Harvard Film Archive,2026-09-04,7:00 PM,Friday,71473,English,United Kingdom
Allegro non troppo,Bruno Bozzetto,1976,Fantasy,0 days 01:25:00,The Brattle,2026-09-04,9:00 PM,Friday,4562372,Italian,Italy
The Fallen Idol,Carol Reed,1948,Drama,0 days 01:36:00,Harvard Film Archive,2026-09-04,9:15 PM,Friday,2221107,English,United Kingdom
Eraserhead,David Lynch,1978,Horror,0 days 01:29:00,Coolidge Corner Theatre,2026-09-04,11:59 PM,Friday,36814246,English,United States
The Lord of the Rings: The Return of the King,Peter Jackson,2003,Adventure,0 days 03:21:00,Cabot Theater,2026-09-05,6:00 PM,Saturday,174251,English,New Zealand
Akira,Katsuhiro Otomo,1988,Animation,0 days 02:04:00,Coolidge Corner Theatre,2026-09-05,"6:30 PM, 9:30 PM",Saturday,605939,Japanese,Japan
Brighton Rock,John Boulting,1948,Crime,0 days 01:32:00,Harvard Film Archive,2026-09-05,7:00 PM,Saturday,10972714,English,United Kingdom
Hundreds of Beavers,Mike Cheslik,2024,Comedy,0 days 01:48:00,Somerville Theatre,2026-09-05,8:00 PM,Saturday,76208655,English,United States
The Third Man,Carol Reed,1949,Thriller,0 days 01:44:00,Harvard Film Archive,2026-09-05,9:00 PM,Saturday,71473,English,United Kingdom
Allegro non troppo,Bruno Bozzetto,1976,Fantasy,0 days 01:25:00,The Brattle,2026-09-05,9:00 PM,Saturday,4562372,Italian,Italy
Desperate Living,John Waters,1977,Comedy,0 days 01:30:00,Coolidge Corner Theatre,2026-09-05,11:59 PM,Saturday,1328188,English,United States
Persepolis,"Vincent Paronnaud, Marjane Satrapi",2007,Animation,0 days 01:35:00,Coolidge Corner Theatre,2026-09-06,2:00 PM,Sunday,11347793,French,France
The Third Man,Carol Reed,1949,Thriller,0 days 01:44:00,Harvard Film Archive,2026-09-06,3:00 PM,Sunday,71473,English,United Kingdom
Akira,Katsuhiro Otomo,1988,Animation,0 days 02:04:00,Coolidge Corner Theatre,2026-09-06,"6:30 PM, 9:30 PM",Sunday,605939,Japanese,Japan
The Big Lebowski,"Joel Coen, Ethan Coen",1998,Comedy,0 days 01:57:00,Cabot Theater,2026-09-06,7:00 PM,Sunday,29782,English,United States
Metropolis,Rintaro,2001,Animation,0 days 01:47:00,The Brattle,2026-09-06,9:00 PM,Sunday,6198415,Japanese,Japan
The Fugitive,John Ford,1947,Drama,0 days 01:40:00,Harvard Film Archive,2026-09-07,7:00 PM,Monday,2666581,English,United States
Jaws,Steven Spielberg,1975,Horror,0 days 02:04:00,Coolidge Corner Theatre,2026-09-07,7:00 PM,Monday,74830,English,United States
Working Girls,Lizzie Borden,1987,Drama,0 days 01:33:00,Somerville Theatre,2026-09-07,7:30 PM,Monday,6163214,English,United States
Millennium Actress,Satoshi Kon,2002,Animation,0 days 01:27:00,The Brattle,2026-09-07,9:00 PM,Monday,829780,Japanese,Japan
Killer of Sheep,Charles Burnett,1978,Drama,0 days 01:20:00,Coolidge Corner Theatre,2026-09-08,7:00 PM,Tuesday,74848,English,United States
Chungking Express,Wong Kar-wai,1994,Drama,0 days 01:43:00,Coolidge Corner Theatre,2026-09-09,7:30 PM,Wednesday,213471,Cantonese,Hong Kong
Metropolis,Rintaro,2001,Animation,0 days 01:47:00,The Brattle,2026-09-09,9:00 PM,Wednesday,6198415,Japanese,Japan
Bullitt,Peter Yates,1968,Action,0 days 01:53:00,Cinema Salem,2026-09-09,7:00 PM,Wednesday,433285,English,United States
True Stories,David Byrne,1986,Comedy,0 days 01:29:00,Coolidge Corner Theatre,2026-09-10,7:30 PM,Thursday,1138831,English,United States
Millennium Actress,Satoshi Kon,2002,Animation,0 days 01:27:00,The Brattle,2026-09-10,9:00 PM,Thursday,829780,Japanese,Japan
Welcome to the Dollhouse,Todd Solondz,1996,Comedy,0 days 01:28:00,Coolidge Corner Theatre,2026-09-10,9:55 PM,Thursday,2298338,English,United States
Ghost in the Shell,Mamoru Oshii,1995,Action,0 days 01:23:00,The Brattle,2026-09-11,7:00 PM,Friday,3228403,Japanese,Japan
Silvestre,João César Monteiro,1982,History,0 days 01:53:00,Harvard Film Archive,2026-09-11,7:00 PM,Friday,48435044,Portuguese,
El Topo,Alejandro Jodorowsky,1970,Action,0 days 02:05:00,Coolidge Corner Theatre,2026-09-11,11:59 PM,Friday,1844221,Spanish,Mexico
Heavy Metal,Gerald Potterton,1981,Animation,0 days 01:30:00,Cinema Salem,2026-09-11,10:00 PM,Friday,155303,English,Canada
Marathon '77,Various,1977,Drama,0 days 13:00:00,Harvard Film Archive,2026-09-12,3:00 PM,Saturday,,,
Mass Mini Con presents: A Mutant Mystery Movie 3,Unknown,,SciFi,0 days 02:00:00,Coolidge Corner Theatre,2026-09-12,9:00 PM,Saturday,,,
Showgirls,Paul Verhoeven,1995,Drama,0 days 02:11:00,Coolidge Corner Theatre,2026-09-12,11:59 PM,Saturday,93760,English,United States
Berlin Hero,Wolfgang Becker,2025,Comedy,0 days 01:53:00,Coolidge Corner Theatre,2026-09-13,11:00 AM,Sunday,242104,English,United Kingdom
8½,Federico Fellini,1963,Drama,0 days 02:19:00,Coolidge Corner Theatre,2026-09-13,2:00 PM,Sunday,318810,Italian,Italy
Citizen Kane,Orson Welles,1941,Mystery,0 days 01:59:00,Cabot Theater,2026-09-13,6:00 PM,Sunday,5224,English,United States
Clueless,Amy Heckerling,1995,Comedy,0 days 01:37:00,The Brattle,2026-09-14,6:00 PM,Monday,105872,English,United States
"Paris, Texas",Wim Wenders,1984,Drama,0 days 02:25:00,Coolidge Corner Theatre,2026-09-14,7:00 PM,Monday,237134,English,West Germany
Snow White,João César Monteiro,2000,Drama,0 days 01:15:00,Harvard Film Archive,2026-09-14,7:00 PM,Monday,,,
Keaton and Pickford Double Feature: One Week / Stella Maris,"Buster Keaton, Mary Pickford",1918,Comedy,0 days 01:45:00,West Newton Cinema,2026-09-14,6:30 PM,Monday,,,
"Aguirre, the Wrath of God",Werner Herzog,1972,History,0 days 01:35:00,Coolidge Corner Theatre,2026-09-15,7:00 PM,Tuesday,158052,German,West Germany
Harold and Maude,Hal Ashby,1971,Comedy,0 days 01:31:00,Somerville Theatre,2026-09-15,7:30 PM,Tuesday,13290,English,United States
Cléo from 5 to 7,Agnès Varda,1962,Drama,0 days 01:30:00,Coolidge Corner Theatre,2026-09-16,7:00 PM,Wednesday,3644380,French,France
Cool Hand Luke,Stuart Rosenberg,1967,Drama,0 days 02:07:00,Cinema Salem,2026-09-16,7:00 PM,Wednesday,161897,English,United States
Shrek,"Andrew Adamson, Vicky Jenson",2001,Animation,0 days 01:30:00,The Speedway,2026-09-16,8:00 PM,Wednesday,18717177,English,United States
The Lives of Others,Florian Henckel von Donnersmarck,2006,Drama,0 days 02:17:00,West Newton Cinema,2026-09-17,4:00 PM,Thursday,5454803,German,Germany
The Godfather,Francis Ford Coppola,1972,Drama,0 days 02:55:00,West Newton Cinema,2026-09-17,6:00 PM,Thursday,2466773,English,United States
The Jerk,Carl Reiner,1979,Comedy,0 days 01:34:00,Coolidge Corner Theatre,2026-09-17,7:00 PM,Thursday,179044,English,United States
The Warriors,Walter Hill,1979,Action,0 days 01:34:00,Coolidge Corner Theatre,2026-09-17,9:30 PM,Thursday,1173571,English,United States
The Virgin Suicides,Sofia Coppola,2000,Drama,0 days 01:37:00,Harvard Film Archive,2026-09-18,7:00 PM,Friday,3610087,English,United States
Batman,Tim Burton,1989,Fantasy,0 days 02:06:00,Somerville Theatre,2026-09-18,8:00 PM,Friday,4726,English,United States
The Bling Ring,Sofia Coppola,2013,Drama,0 days 01:30:00,Harvard Film Archive,2026-09-18,9:15 PM,Friday,36495174,English,France
The Goonies,Richard Donner,1985,Adventure,0 days 01:54:00,The Brattle,2026-09-18,3:30 PM,Friday,89631,English,United States
Lenny,Bob Fosse,1974,Drama,0 days 01:52:00,The Brattle,2026-09-18,6:00 PM,Friday,64291,English,United States
Sleeping Dogs,Roger Donaldson,1978,Action,0 days 01:47:00,The Brattle,2026-09-18,9:30 PM,Friday,10030670,English,United Kingdom
The Rocky Horror Picture Show,Jim Sharman,1975,Comedy,0 days 01:40:00,Coolidge Corner Theatre,2026-09-18,11:59 PM,Friday,25491,English,United Kingdom
Batman,Tim Burton,1989,Fantasy,0 days 02:06:00,Somerville Theatre,2026-09-19,"2:00 PM, 8:00 PM",Saturday,4726,English,United States
The Third Man,Carol Reed,1949,Thriller,0 days 01:44:00,Harvard Film Archive,2026-09-19,7:00 PM,Saturday,71473,English,United Kingdom
Travels with My Aunt,George Cukor,1972,Adventure,0 days 01:49:00,Harvard Film Archive,2026-09-19,9:00 PM,Saturday,20867795,English,United States
Jurassic Park,Steven Spielberg,1993,Adventure,0 days 02:07:00,The Brattle,2026-09-19,12:00 PM,Saturday,68485,English,United States
Dilwale Dulhania Le Jayenge,Aditya Chopra,1995,Comedy,0 days 03:10:00,Coolidge Corner Theatre,2026-09-19,1:00 PM,Saturday,274258,Hindi,India
Cabaret,Bob Fosse,1972,Music,0 days 02:04:00,Harvard Film Archive,2026-09-19,2:00 PM,Saturday,236691,English,United States
All the President's Men,Alan J. Pakula,1976,Drama,0 days 02:18:00,The Brattle,2026-09-19,3:00 PM,Saturday,3876620,English,United States
Spotlight,Tom McCarthy,2015,Drama,0 days 02:09:00,The Brattle,2026-09-19,6:00 PM,Saturday,43842546,English,United States
Night of the Creeps,Fred Dekker,1986,Horror,0 days 01:28:00,Cinema Salem,2026-09-19,8:30 PM,Saturday,2534857,English,United States
Possession,Andrzej Żuławski,1981,Horror,0 days 02:04:00,The Brattle,2026-09-19,9:30 PM,Saturday,5542682,English,France
The Room,Tommy Wiseau,2003,Drama,0 days 01:39:00,Coolidge Corner Theatre,2026-09-19,11:59 PM,Saturday,5443971,English,United States
Hunt for the Wilderpeople,Taika Waititi,2016,Adventure,0 days 01:41:00,The Brattle,2026-09-20,"12:00 PM, 9:00 PM",Sunday,49200910,English,New Zealand
For Heaven's Sake,Sam Taylor,1926,Comedy,0 days 00:58:00,Somerville Theatre,2026-09-20,2:00 PM,Sunday,5045155,Silent,United States
Snow White,João César Monteiro,2000,Drama,0 days 01:15:00,Harvard Film Archive,2026-09-20,3:00 PM,Sunday,,,
The Librarians,Kim A. Snyder,2025,Documentary,0 days 01:32:00,The Brattle,2026-09-20,3:00 PM,Sunday,79003235,English,United States
Amores Perros,Alejandro González Iñárritu,2000,Drama,0 days 02:34:00,Coolidge Corner Theatre,2026-09-20,4:00 PM,Sunday,729979,Spanish,Mexico
Batman,Tim Burton,1989,Fantasy,0 days 02:06:00,Somerville Theatre,2026-09-20,"5:00 PM, 8:00 PM",Sunday,4726,English,United States
Jurassic Park,Steven Spielberg,1993,Adventure,0 days 02:07:00,The Brattle,2026-09-20,6:00 PM,Sunday,68485,English,United States
Hovering Over the Water,João César Monteiro,2013,Drama,0 days 02:17:00,Harvard Film Archive,2026-09-21,7:00 PM,Monday,81754609,Portuguese,Portugal
East of Eden,Elia Kazan,1955,Drama,0 days 01:55:00,Coolidge Corner Theatre,2026-09-21,7:00 PM,Monday,290970,English,United States
Raiders of the Lost Ark,Steven Spielberg,1981,Adventure,0 days 01:55:00,Somerville Theatre,2026-09-21,7:30 PM,Monday,54166,English,United States
Cemetery Cinema: The Straight Story & Wings of Desire,"David Lynch, Wim Wenders",1987,Drama,0 days 04:00:00,Mount Auburn Cemetery,2026-09-22,7:00 PM,Tuesday,,,
Monty Python and the Holy Grail,"Terry Jones, Terry Gilliam",1975,Adventure,0 days 01:31:00,Somerville Theatre,2026-09-22,7:30 PM,Tuesday,19701,English,United Kingdom
Dead Calm,Phillip Noyce,1989,Thriller,0 days 01:36:00,The Brattle,2026-09-22,8:00 PM,Tuesday,697868,English,Australia
Event Horizon,Paul W. S. Anderson,1997,Horror,0 days 01:36:00,The Brattle,2026-09-23,"4:45 PM, 9:15 PM",Wednesday,29320113,English,United States
CODA,Sian Heder,2021,Drama,0 days 01:52:00,Capitol Theatre,2026-09-23,6:45 PM,Wednesday,66255918,American Sign,France
In the Mouth of Madness,John Carpenter,1995,Horror,0 days 01:35:00,The Brattle,2026-09-23,7:00 PM,Wednesday,343684,English,United States
Romy and Michele's High School Reunion,David Mirkin,1997,Comedy,0 days 01:32:00,Coolidge Corner Theatre,2026-09-23,7:00 PM,Wednesday,201553,English,United States
The Graduate,Mike Nichols,1967,Drama,0 days 01:47:00,Cinema Salem,2026-09-23,7:00 PM,Wednesday,29942,English,United States
Cemetery Cinema: The Straight Story & Wings of Desire,"David Lynch, Wim Wenders",1987,Drama,0 days 04:00:00,Mount Auburn Cemetery,2026-09-23,7:00 PM,Wednesday,,,
A Goofy Movie,Kevin Lima,1995,Adventure,0 days 01:18:00,Coolidge Corner Theatre,2026-09-24,7:00 PM,Thursday,155785,English,United States
Down by Law,Jim Jarmusch,1986,Crime,0 days 01:46:00,Coolidge Corner Theatre,2026-09-24,9:30 PM,Thursday,3375635,English,United States
Hocus Pocus,Kenny Ortega,1993,Fantasy,0 days 01:36:00,Cinema Salem,2026-09-25,"4:00 PM, 6:30 PM",Friday,1962219,English,United States
My Brother's Wedding,Charles Burnett,1985,Drama,0 days 01:21:00,The Brattle,2026-09-25,6:00 PM,Friday,30879026,English,United States
Captain January,Edward F. Cline,1924,Drama,0 days 01:04:00,West Newton Cinema,2026-09-25,7:00 PM,Friday,8174574,Silent,United States
Recollections of the Yellow House,João César Monteiro,1989,Comedy,0 days 02:02:00,Harvard Film Archive,2026-09-25,7:00 PM,Friday,37809940,Portuguese,Portugal
Nine to Five,Colin Higgins,1980,Comedy,0 days 01:50:00,Somerville Theatre,2026-09-25,8:00 PM,Friday,582398,English,United States
Vagabond,Agnès Varda,1985,Drama,0 days 01:45:00,The Brattle,2026-09-25,8:30 PM,Friday,897713,French,France
The Beyond,Lucio Fulci,1981,Horror,0 days 01:28:00,Coolidge Corner Theatre,2026-09-25,11:59 PM,Friday,1864142,,Italy
Hocus Pocus,Kenny Ortega,1993,Fantasy,0 days 01:36:00,Cinema Salem,2026-09-26,"12:30 PM, 3:30 PM, 6:00 PM",Saturday,1962219,English,United States
High Society,Charles Walters,1956,Music,0 days 01:52:00,West Newton Cinema,2026-09-26,1:00 PM,Saturday,255194,English,United States
My Brother's Wedding,Charles Burnett,1985,Drama,0 days 01:21:00,The Brattle,2026-09-26,2:00 PM,Saturday,30879026,English,United States
Amarcord,Federico Fellini,1973,Comedy,0 days 02:03:00,Harvard Film Archive,2026-09-26,2:00 PM,Saturday,239086,Italian,Italy
Ten Dark Women,Kon Ichikawa,1961,Comedy,0 days 01:43:00,The Brattle,2026-09-26,4:00 PM,Saturday,34888791,Japanese,Japan
Freaks,Tod Browning,1932,Drama,0 days 01:04:00,The Brattle,2026-09-26,6:30 PM,Saturday,73494,English,United States
God's Comedy,João César Monteiro,1996,Comedy,0 days 02:42:00,Harvard Film Archive,2026-09-26,7:00 PM,Saturday,18523660,Portuguese,Portugal
The Blade,Tsui Hark,1995,Action,0 days 01:46:00,The Brattle,2026-09-26,8:30 PM,Saturday,5697939,Cantonese,Hong Kong
The Rocky Horror Picture Show,Jim Sharman,1975,Comedy,0 days 01:40:00,Cinema Salem,2026-09-26,9:00 PM,Saturday,25491,English,United Kingdom
Cannibal Holocaust,Ruggero Deodato,1980,Horror,0 days 01:35:00,Coolidge Corner Theatre,2026-09-26,11:59 PM,Saturday,513149,Italian,Italy
Careful,Guy Maddin,1992,Comedy,0 days 01:40:00,The Brattle,2026-09-27,12:00 PM,Sunday,8136508,English,Canada
Hocus Pocus,Kenny Ortega,1993,Fantasy,0 days 01:36:00,Cinema Salem,2026-09-27,"1:00 PM, 3:30 PM",Sunday,1962219,English,United States
Uncle Boonmee Who Can Recall His Past Lives,Apichatpong Weerasethakul,2010,Drama,0 days 01:54:00,Coolidge Corner Theatre,2026-09-27,2:00 PM,Sunday,26978753,Isan,Thailand
Bellissima,Luchino Visconti,1952,Drama,0 days 01:55:00,The Brattle,2026-09-27,2:30 PM,Sunday,10748976,Italian,Italy
The Adventures of Prince Achmed,Lotte Reiniger,1926,Animation,0 days 01:06:00,Harvard Film Archive,2026-09-27,3:00 PM,Sunday,4321732,Silent,Germany
He Ran All the Way,John Berry,1951,Thriller,0 days 01:17:00,The Brattle,2026-09-27,5:00 PM,Sunday,3820793,English,United States
Smog,Franco Rossi,1962,Drama,0 days 01:32:00,The Brattle,2026-09-27,7:00 PM,Sunday,81148333,Italian,
Strictly Ballroom,Baz Luhrmann,1992,Comedy,0 days 01:34:00,Coolidge Corner Theatre,2026-09-28,7:00 PM,Monday,542202,English,Australia
Lotte Reiniger Short Films,Lotte Reiniger,1926,Animation,0 days 01:00:00,Harvard Film Archive,2026-09-28,7:00 PM,Monday,,,
Casablanca,Michael Curtiz,1943,Drama,0 days 01:42:00,Somerville Theatre,2026-09-28,7:30 PM,Monday,57585,English,United States
Sunrise: A Song of Two Humans,F. W. Murnau,1927,Drama,0 days 01:34:00,The Brattle,2026-09-29,6:30 PM,Tuesday,61904,Sound,United States
Häxan,Benjamin Christensen,1922,Documentary,0 days 01:45:00,Coolidge Corner Theatre,2026-09-29,7:00 PM,Tuesday,3644898,Silent,Sweden
Pink Flamingos,John Waters,1972,Comedy,0 days 01:33:00,Somerville Theatre,2026-09-29,7:30 PM,Tuesday,320527,English,United States
Careful,Guy Maddin,1992,Comedy,0 days 01:40:00,The Brattle,2026-09-29,9:00 PM,Tuesday,8136508,English,Canada
Steel Magnolias,Herbert Ross,1989,Drama,0 days 01:57:00,Cabot Theater,2026-09-30,7:00 PM,Wednesday,600008,English,United States
Nostalgia,Andrei Tarkovsky,1983,Drama,0 days 02:05:00,Coolidge Corner Theatre,2026-09-30,7:00 PM,Wednesday,,,
Diva,Jean-Jacques Beineix,1981,Action,0 days 01:57:00,The Brattle,2026-09-30,8:00 PM,Wednesday,30874145,French,France
Witness,Peter Weir,1985,Crime,0 days 01:52:00,Coolidge Corner Theatre,2026-10-01,7:00 PM,Thursday,84931,English,United States
"New York, New York",Martin Scorsese,1977,Romance,0 days 02:43:00,The Brattle,2026-10-01,8:00 PM,Thursday,1230920,English,United States
Kwaidan,Masaki Kobayashi,1965,Horror,0 days 03:03:00,The Brattle,2026-10-02,6:00 PM,Friday,1268511,Japanese,Japan
The Human Condition I: No Greater Love,Masaki Kobayashi,1959,War,0 days 03:24:00,Harvard Film Archive,2026-10-02,7:00 PM,Friday,69840192,Japanese,Japan
Parents,Bob Balaban,1989,Horror,0 days 01:22:00,Coolidge Corner Theatre,2026-10-02,11:59 PM,Friday,5330839,English,United States
Kwaidan,Masaki Kobayashi,1965,Horror,0 days 03:03:00,The Brattle,2026-10-03,"2:30 PM, 6:00 PM",Saturday,1268511,Japanese,Japan
The Human Condition II: Road to Eternity,Masaki Kobayashi,1959,War,0 days 02:58:00,Harvard Film Archive,2026-10-03,3:00 PM,Saturday,81194255,Japanese,Japan
The Human Condition III: A Soldier's Prayer,Masaki Kobayashi,1961,War,0 days 03:10:00,Harvard Film Archive,2026-10-03,7:00 PM,Saturday,30405035,Japanese,Japan
The 'Burbs,Joe Dante,1989,Comedy,0 days 01:42:00,Coolidge Corner Theatre,2026-10-03,11:59 PM,Saturday,600216,English,United States
Back to the Future,Robert Zemeckis,1985,Adventure,0 days 01:56:00,Coolidge Corner Theatre,2026-10-04,10:30 AM,Sunday,42993,English,United States
Silvestre,João César Monteiro,1982,History,0 days 01:53:00,Harvard Film Archive,2026-10-04,3:00 PM,Sunday,48435044,Portuguese,
The Omen,Richard Donner,1976,Horror,0 days 01:51:00,Cabot Theater,2026-10-04,6:00 PM,Sunday,186856,English,United Kingdom
Kwaidan,Masaki Kobayashi,1965,Horror,0 days 03:03:00,The Brattle,2026-10-04,6:00 PM,Sunday,1268511,Japanese,Japan
The Last Dive,João César Monteiro,1992,Drama,0 days 01:28:00,Harvard Film Archive,2026-10-05,7:00 PM,Monday,,,
A Few Good Men,Rob Reiner,1992,Drama,0 days 02:18:00,Coolidge Corner Theatre,2026-10-05,7:00 PM,Monday,20691749,English,United States
Dead Snow,Tommy Wirkola,2009,Horror,0 days 01:28:00,Somerville Theatre,2026-10-05,7:30 PM,Monday,20611596,no,Norway
Kwaidan,Masaki Kobayashi,1965,Horror,0 days 03:03:00,The Brattle,2026-10-05,8:00 PM,Monday,1268511,Japanese,Japan
Practical Magic,Griffin Dunne,1998,Romance,0 days 01:44:00,The Brattle,2026-10-06,"6:00 PM, 9:00 PM",Tuesday,89445,English,United States
Heaven Can Wait,Ernst Lubitsch,1943,Comedy,0 days 01:52:00,Coolidge Corner Theatre,2026-10-06,7:00 PM,Tuesday,77653,English,United States
Freaks,Tod Browning,1932,Drama,0 days 01:04:00,Somerville Theatre,2026-10-06,7:30 PM,Tuesday,73494,English,United States
Jennifer's Body,Karyn Kusama,2009,Horror,0 days 01:47:00,Coolidge Corner Theatre,2026-10-07,7:00 PM,Wednesday,15713038,English,United States
Mystery Train,Jim Jarmusch,1989,Comedy,0 days 01:46:00,Coolidge Corner Theatre,2026-10-08,7:00 PM,Thursday,3509663,English,United States
Little Nicky,Steven Brill,2000,Comedy,0 days 01:30:00,Coolidge Corner Theatre,2026-10-08,9:45 PM,Thursday,1011854,English,United States
The Spousals of God,João César Monteiro,1999,Comedy,0 days 02:30:00,Harvard Film Archive,2026-10-09,7:00 PM,Friday,1033167,English,United States
Ghost Ship and The Fog Aboard the Sea Witch,"John Carpenter, Steve Beck",1980,Horror,0 days 03:00:00,USS Salem,2026-10-09,7:00 PM,Friday,,,
The Devil's Backbone,Guillermo del Toro,2001,Fantasy,0 days 01:48:00,Cinema Salem,2026-10-09,10:00 PM,Friday,5523710,Spanish,Spain
Barbarian,Zach Cregger,2022,Horror,0 days 01:43:00,Coolidge Corner Theatre,2026-10-09,11:59 PM,Friday,71399138,English,United States
Kaagaz Ke Phool,Guru Dutt,1959,Drama,0 days 02:22:00,Coolidge Corner Theatre,2026-10-10,1:00 PM,Saturday,8448870,Hindi,India
Sherlock Jr.,Buster Keaton,1924,Action,0 days 00:45:00,Harvard Film Archive,2026-10-10,2:00 PM,Saturday,76346,Silent,United States
The Shining,Stanley Kubrick,1980,Horror,0 days 02:24:00,Cabot Theater,2026-10-10,7:00 PM,Saturday,1186616,English,United Kingdom
The Hips of J.W.,João César Monteiro,1997,Comedy,0 days 02:28:00,Harvard Film Archive,2026-10-10,7:00 PM,Saturday,,,
Leviathan and Deep Rising Aboard the Sea Witch,"George P. Cosmatos, Stephen Sommers",1989,Horror,0 days 03:30:00,USS Salem,2026-10-10,7:00 PM,Saturday,,,
The Rocky Horror Picture Show,Jim Sharman,1975,Comedy,0 days 01:40:00,Cinema Salem,2026-10-10,9:00 PM,Saturday,25491,English,United Kingdom
It Follows,David Robert Mitchell,2015,Horror,0 days 01:41:00,Coolidge Corner Theatre,2026-10-10,11:59 PM,Saturday,44202021,English,United States
Recollections of the Yellow House,João César Monteiro,1989,Comedy,0 days 02:02:00,Harvard Film Archive,2026-10-11,3:00 PM,Sunday,37809940,Portuguese,Portugal
Dracula & Frankenstein Double Feature,"Tod Browning, James Whale",1931,Horror,0 days 02:24:00,Cabot Theater,2026-10-11,6:00 PM,Sunday,73297429,English,United States
Jaws and Deep Blue Sea Aboard the Sea Witch,"Steven Spielberg, Renny Harlin",1975,Horror,0 days 03:50:00,USS Salem,2026-10-11,7:00 PM,Sunday,,,
The Sound of Music,Robert Wise,1965,Drama,0 days 02:54:00,Somerville Theatre,2026-10-12,6:00 PM,Monday,4836239,English,United States
Knives Out,Rian Johnson,2019,Comedy,0 days 02:11:00,The Brattle,2026-10-12,6:00 PM,Monday,58400663,English,United States
Dial M for Murder,Alfred Hitchcock,1954,Thriller,0 days 01:45:00,Coolidge Corner Theatre,2026-10-12,7:00 PM,Monday,77223,English,United States
The Princess Bride,Rob Reiner,1987,Adventure,0 days 01:39:00,Somerville Theatre,2026-10-13,7:30 PM,Tuesday,31153,English,United States
Rosemary's Baby,Roman Polanski,1968,Drama,0 days 02:18:00,Coolidge Corner Theatre,2026-10-13,7:30 PM,Tuesday,9830229,English,United States
The Devil's Advocate,Taylor Hackford,1997,Horror,0 days 02:24:00,Coolidge Corner Theatre,2026-10-14,7:00 PM,Wednesday,673274,English,United States
Final Destination 3,James Wong,2006,Horror,0 days 01:32:00,Coolidge Corner Theatre,2026-10-14,8:00 PM,Wednesday,1945359,English,United States
The Adventures of Baron Munchausen,Terry Gilliam,1988,Fantasy,0 days 02:06:00,The Brattle,2026-10-14,8:00 PM,Wednesday,164502,English,United Kingdom
Au Revoir les Enfants,Louis Malle,1987,Drama,0 days 01:45:00,West Newton Cinema,2026-10-15,4:00 PM,Thursday,1688060,French,France
Faust,F. W. Murnau,1926,Fantasy,0 days 01:56:00,Coolidge Corner Theatre,2026-10-15,7:00 PM,Thursday,1343856,Silent,Germany
I Saw the TV Glow,Jane Schoenbrun,2024,Drama,0 days 01:40:00,The Brattle,2026-10-15,9:30 PM,Thursday,71614849,English,United States
The Devils,Ken Russell,1971,Drama,0 days 01:52:00,Coolidge Corner Theatre,2026-10-15,9:45 PM,Thursday,459586,English,United Kingdom
