film_key,title,year,wiki_id,method
Ghost Dog: The Way of the Samurai||1999,Ghost Dog: The Way of the Samurai,1999,471352,Title
Stray Dog||1949,Stray Dog,1949,867905,Title (film)
Big Trouble in Little China||1986,Big Trouble in Little China,1986,697113,Title
Young Frankenstein||1974,Young Frankenstein,1974,442647,Title (film)
Poetry||2010,Poetry,2010,26964199,Title (film)
Kind Hearts and Coronets||1949,Kind Hearts and Coronets,1949,350908,Title
Jour de Fête||1949,Jour de Fête,1949,30863517,Title
Thomasine & Bushrod||1974,Thomasine & Bushrod,1974,4340576,Title
Stop Making Sense||1984,Stop Making Sense,1984,1471831,Title
Black Rain||1989,Black Rain,1989,3529964,search
Ring||1998,Ring,1998,180785,Title (YEAR film)
On the Town||1949,On the Town,1949,12816415,Title (film)
The Taking of Pelham One Two Three||1974,The Taking of Pelham One Two Three,1974,955409,Title (YEAR film)
Audition||1999,Audition,1999,587265,Title (YEAR film)
All About My Mother||1999,All About My Mother,1999,61664,Title
Female Trouble||1974,Female Trouble,1974,1328186,Title
Heathers||1989,Heathers,1989,13901,Title
"Sorry, Wrong Number||1948","Sorry, Wrong Number",1948,183828,Title (film)
In a Lonely Place||1950,In a Lonely Place,1950,812818,Title
Spider-Man: Far From Home||2019,Spider-Man: Far From Home,2019,52179698,Title
Late Spring||1949,Late Spring,1949,846329,Title
Whisper of the Heart||1995,Whisper of the Heart,1995,25382451,Title (film)
Beau Travail||2000,Beau Travail,2000,415881,Title
A Woman Under the Influence||1974,A Woman Under the Influence,1974,76643,Title
The Wind Rises||2013,The Wind Rises,2013,37731694,Title
But I'm a Cheerleader||2000,But I'm a Cheerleader,2000,770156,Title
Train to Busan||2016,Train to Busan,2016,50461635,Title
Freaky Friday||2003,Freaky Friday,2003,2236324,Title (YEAR film)
Return to Reason: Four Films by Man Ray||2024,Return to Reason: Four Films by Man Ray,2024,42163310,search
Snowpiercer||2013,Snowpiercer,2013,35816879,Title (film)
Martial Law||1990,Martial Law,1990,18791040,Title (YEAR film)
Black Tight Killers||1966,Black Tight Killers,1966,26249449,Title
Darkman||1990,Darkman,1990,1839695,Title
Minari||2021,Minari,2021,61276724,Title (film)
12 Angry Men||1957,12 Angry Men,1957,92605,Title (YEAR film)
Opponent||2023,Opponent,2023,74552614,Title (film)
Spider-Man: No Way Home||2021,Spider-Man: No Way Home,2021,52239333,Title
Candyman||1992,Candyman,1992,1256990,Title (YEAR film)
Poison||1991,Poison,1991,7444907,Title (YEAR film)
Get Out||2017,Get Out,2017,48526729,Title (YEAR film)
Rosemary's Baby||1968,Rosemary's Baby,1968,9830229,Title (film)
Wayne's World||1992,Wayne's World,1992,77744,Title (film)
Purple Rain||1984,Purple Rain,1984,226331,Title (film)
Past Lives||2023,Past Lives,2023,72724981,Title (film)
School Daze||1988,School Daze,1988,2851281,Title
Teenage Mutant Ninja Turtles||1990,Teenage Mutant Ninja Turtles,1990,2323962,Title (YEAR film)
Road to Boston||2023,Road to Boston,2023,70494290,Title
Dick Tracy||1990,Dick Tracy,1990,725984,Title (YEAR film)
My Own Private Idaho||1991,My Own Private Idaho,1991,605198,Title
"Kim Ji-young, Born 1982||2019","Kim Ji-young, Born 1982",2019,64033010,Title (film)
Rear Window||1954,Rear Window,1954,74577,Title (YEAR film)
Funny Games||1997,Funny Games,1997,3870912,Title (YEAR film)
Us||2019,Us,2019,57371131,Title (YEAR film)
Young Soul Rebels||1991,Young Soul Rebels,1991,9536996,Title
The Shining||1980,The Shining,1980,1186616,Title (film)
Selena||1997,Selena,1997,275547,Title (film)
The Apple||1980,The Apple,1980,5461234,Title (YEAR film)
Spa Night||2016,Spa Night,2016,49210494,Title
Street of Chance||1942,Street of Chance,1942,3577967,Title (YEAR film)
Never Open That Door||1952,Never Open That Door,1952,9911779,Title
Parasite||2019,Parasite,2019,56746570,Title (YEAR film)
V for Vendetta||2006,V for Vendetta,2006,1891886,Title (YEAR film)
Across the Bridge||1957,Across the Bridge,1957,24817139,Title (film)
Zero Focus||1961,Zero Focus,1961,13748529,Title
Anselm||2023,Anselm,2023,73588916,Title (film)
Black Tuesday||1954,Black Tuesday,1954,2321684,Title (YEAR film)
Hardly a Criminal||1949,Hardly a Criminal,1949,8959508,Title
Watchmen||2009,Watchmen,2009,5016250,Title (YEAR film)
Union Station||1950,Union Station,1950,4150566,Title (film)
Cairo Station||1958,Cairo Station,1958,25626519,Title (film)
Smog||1962,Smog,1962,81148333,Title (YEAR film)
City of Fear||1959,City of Fear,1959,35107447,Title (YEAR film)
Elevator to the Gallows||1958,Elevator to the Gallows,1958,3837141,Title
Field of Dreams||1989,Field of Dreams,1989,129524,Title (film)
Buck and the Preacher||1972,Buck and the Preacher,1972,18764211,Title
Nope||2022,Nope,2022,66260186,Title (film)
Edward II||1991,Edward II,1991,1306645,Title (film)
Neon Genesis Evangelion: The End of Evangelion||1997,Neon Genesis Evangelion: The End of Evangelion,1997,1714278,Title
Signs||2002,Signs,2002,72453,Title (YEAR film)
Fallen Leaves||2023,Fallen Leaves,2023,73726755,Title (film)
Ravenous||1999,Ravenous,1999,874208,Title (YEAR film)
Cool World||1992,Cool World,1992,600194,Title
2001: A Space Odyssey||1968,2001: A Space Odyssey,1968,23941708,Title (film)
Inside the Yellow Cocoon Shell||2023,Inside the Yellow Cocoon Shell,2023,73900394,Title
Love Lies Bleeding||2024,Love Lies Bleeding,2024,70547951,Title (YEAR film)
Drive-Away Dolls||2024,Drive-Away Dolls,2024,70448628,Title
Mystery Men||1999,Mystery Men,1999,295757,Title (film)
Ben-Hur||1959,Ben-Hur,1959,1343342,Title (YEAR film)
Grand Prix||1966,Grand Prix,1966,970846,Title (YEAR film)
Scanners||1981,Scanners,1981,378213,Title (film)
8 Days in August||2024,8 Days in August,2024,77038622,search
Perfect Days||2023,Perfect Days,2023,73588582,Title
Raintree County||1957,Raintree County,1957,18549292,Title (film)
In the Line of Fire||1993,In the Line of Fire,1993,676054,Title
Late Night with the Devil||2024,Late Night with the Devil,2024,74072280,Title
Invasion of the Body Snatchers||1956,Invasion of the Body Snatchers,1956,74394,Title (YEAR film)
Immaculate||2024,Immaculate,2024,73069391,Title (YEAR film)
From Here to Eternity||1953,From Here to Eternity,1953,42293,Title
How to Have Sex||2023,How to Have Sex,2023,73659676,Title
Sometimes I Think About Dying||2024,Sometimes I Think About Dying,2024,72800340,Title
Nowhere||1997,Nowhere,1997,1223386,Title (YEAR film)
Tótem||2023,Tótem,2023,73002607,Title (film)
Cléo from 5 to 7||1962,Cléo from 5 to 7,1962,3644380,Title
La Chimera||2023,La Chimera,2023,70104574,Title
Charlie's Angels||2000,Charlie's Angels,2000,342692,Title (YEAR film)
The Beast||2024,The Beast,2024,77618981,search
300||2007,300,2007,2465797,Title (YEAR film)
Sin City||2005,Sin City,2005,1336308,Title (YEAR film)
Re-Animator||1985,Re-Animator,1985,1129009,Title
Go Fish||1994,Go Fish,1994,6721185,Title (film)
Dracula vs. Frankenstein||1971,Dracula vs. Frankenstein,1971,9267531,Title
The Brain That Wouldn't Die||1962,The Brain That Wouldn't Die,1962,1771762,Title
Mask||1985,Mask,1985,442333,Title (YEAR film)
Speed||1994,Speed,1994,99123,Title (YEAR film)
Pearl||2022,Pearl,2022,70324820,Title (YEAR film)
Godzilla||1954,Godzilla,1954,12004,Title (YEAR film)
X||2022,X,2022,66437544,Title (YEAR film)
Jaws||1975,Jaws,1975,74830,Title (YEAR film)
Blow Out||1981,Blow Out,1981,1317987,Title
Serial Mom||1994,Serial Mom,1994,294520,Title
Fright Night||1985,Fright Night,1985,1123132,Title (YEAR film)
The Honeymoon Killers||1970,The Honeymoon Killers,1970,3048488,Title
Some Like It Hot||1959,Some Like It Hot,1959,76366,Title (film)
Mothra vs. Godzilla||1964,Mothra vs. Godzilla,1964,570269,Title
The Rock||1996,The Rock,1996,29785,Title (YEAR film)
Rock 'n' Roll High School||1979,Rock 'n' Roll High School,1979,992419,Title
Strait-Jacket||1964,Strait-Jacket,1964,3954948,Title
Friday the 13th||1980,Friday the 13th,1980,168958,Title (YEAR film)
City of God||2002,City of God,2002,461322,Title (YEAR film)
Destroy All Monsters||1968,Destroy All Monsters,1968,11994,Title
Cruel Intentions||1999,Cruel Intentions,1999,93559,Title
Desperately Seeking Susan||1985,Desperately Seeking Susan,1985,2019025,Title
All About Evil||2010,All About Evil,2010,27649189,Title
Robot Dreams||2023,Robot Dreams,2023,74621258,Title (film)
Office Killer||1997,Office Killer,1997,1146934,Title
Godzilla vs. Hedorah||1971,Godzilla vs. Hedorah,1971,570231,Title
Dirty Dancing||1987,Dirty Dancing,1987,680361,Title (YEAR film)
Bride of Chucky||1998,Bride of Chucky,1998,30865068,Title
Jennifer's Body||2009,Jennifer's Body,2009,15713038,Title (film)
Total Recall||1990,Total Recall,1990,55325,Title (YEAR film)
Terror of Mechagodzilla||1975,Terror of Mechagodzilla,1975,12001,Title
World of Tomorrow||2015,World of Tomorrow,2015,47257088,Title (film)
Menus-Plaisirs - Les Troisgros||2023,Menus-Plaisirs - Les Troisgros,2023,76603481,Title (YEAR film)
If Beale Street Could Talk||2018,If Beale Street Could Talk,2018,54515886,Title (film)
I Heard It Through the Grapevine||1982,I Heard It Through the Grapevine,1982,80145027,Title (film)
I Am Not Your Negro||2017,I Am Not Your Negro,2017,51708233,Title
Reign of Fire||2002,Reign of Fire,2002,164698,Title (film)
Klute||1971,Klute,1971,223902,Title
"Jeanne Dielman, 23, quai du Commerce, 1080 Bruxelles||1976","Jeanne Dielman, 23, quai du Commerce, 1080 Bruxelles",1976,13889076,Title
Tommy||1975,Tommy,1975,1221714,Title (YEAR film)
Being John Malkovich||1999,Being John Malkovich,1999,349941,Title
Wattstax||1973,Wattstax,1973,1415007,Title
Let the Good Times Roll||1973,Let the Good Times Roll,1973,33265976,Title (YEAR film)
Election||1999,Election,1999,689969,Title (YEAR film)
The Bling Ring||2013,The Bling Ring,2013,36495174,Title (film)
Somewhere||2010,Somewhere,2010,23734853,Title (YEAR film)
Toni Erdmann||2016,Toni Erdmann,2016,50174610,Title
Scooby-Doo||2002,Scooby-Doo,2002,1072075,Title (YEAR film)
Dog Day Afternoon||1975,Dog Day Afternoon,1975,101914,Title
In the Heat of the Night||1967,In the Heat of the Night,1967,1715414,Title (film)
Wet Hot American Summer||2001,Wet Hot American Summer,2001,426761,Title
Saboteur||1942,Saboteur,1942,1576720,Title (YEAR film)
Rebecca||1940,Rebecca,1940,1259785,Title (YEAR film)
Dragonslayer||1981,Dragonslayer,1981,887388,Title (YEAR film)
North by Northwest||1959,North by Northwest,1959,73412,Title (film)
Vertigo||1958,Vertigo,1958,76617,Title (YEAR film)
The Church||1989,The Church,1989,11680456,Title (YEAR film)
Knowing||2009,Knowing,2009,17544255,Title (film)
To Catch a Thief||1955,To Catch a Thief,1955,239009,Title (film)
Sherlock Jr.||1924,Sherlock Jr.,1924,76346,Title
Our Hospitality||1923,Our Hospitality,1923,2685258,Title
La Bamba||1987,La Bamba,1987,307080,Title (YEAR film)
The Buddy Holly Story||1978,The Buddy Holly Story,1978,164359,Title
The Big Lebowski||1998,The Big Lebowski,1998,29782,Title
Heavy Metal||1981,Heavy Metal,1981,155303,Title (film)
The Insider||1999,The Insider,1999,142469,Title (film)
American Pop||1981,American Pop,1981,2040976,Title
No Way Out||1987,No Way Out,1987,886560,Title (YEAR film)
Go||1999,Go,1999,585172,Title (YEAR film)
"sex, lies, and videotape||1989","sex, lies, and videotape",1989,384990,Title
I'm Your Man||2021,I'm Your Man,2021,66717120,Title (YEAR film)
Marie Antoinette||2006,Marie Antoinette,2006,2701261,Title (YEAR film)
Falling Down||1993,Falling Down,1993,19625929,Title (YEAR film)
Do the Right Thing||1989,Do the Right Thing,1989,73428,Title
Bird||1988,Bird,1988,2378500,Title (YEAR film)
Moonrise Kingdom||2012,Moonrise Kingdom,2012,31462588,Title
Pretty Woman||1990,Pretty Woman,1990,156745,Title (YEAR film)
Caligula: The Ultimate Cut||2023,Caligula: The Ultimate Cut,2023,243204,Title
Knightriders||1981,Knightriders,1981,2846126,Title
Basic Instinct||1992,Basic Instinct,1992,481649,Title (film)
Sliver||1993,Sliver,1993,11059900,Title (film)
Monty Python and the Holy Grail||1975,Monty Python and the Holy Grail,1975,19701,Title
Wings||1927,Wings,1927,61046,Title (YEAR film)
Thelma & Louise||1991,Thelma & Louise,1991,106117,Title
"The 5,000 Fingers of Dr. T.||1953","The 5,000 Fingers of Dr. T.",1953,1314961,Title
Annie||1982,Annie,1982,12823099,Title (YEAR film)
Poison Ivy||1992,Poison Ivy,1992,555857,Title (YEAR film)
The Crush||1993,The Crush,1993,805037,Title (YEAR film)
The Last Seduction||1994,The Last Seduction,1994,664496,Title
Jade||1995,Jade,1995,4032134,Title (YEAR film)
Lost in Translation||2003,Lost in Translation,2003,369682,Title (film)
Showgirls||1995,Showgirls,1995,93760,Title (film)
Apollo 13||1995,Apollo 13,1995,142417,Title (film)
Run Lola Run||1998,Run Lola Run,1998,462764,Title
You Don't Nomi||2019,You Don't Nomi,2019,64244981,Title
The Texas Chain Saw Massacre||1974,The Texas Chain Saw Massacre,1974,29781,Title
Sorcerer||1977,Sorcerer,1977,447139,Title (film)
Mamma Mia!||2008,Mamma Mia!,2008,8425661,Title (YEAR film)
Shoeshine||1946,Shoeshine,1946,6616873,Title (film)
Bad Lieutenant||1992,Bad Lieutenant,1992,1238102,Title (YEAR film)
Highlander||1986,Highlander,1986,4440277,Title (film)
Dangerous Game||1993,Dangerous Game,1993,8777894,Title (YEAR film)
Legend||1985,Legend,1985,922084,Title (YEAR film)
Thieves Like Us||1974,Thieves Like Us,1974,4539015,Title (film)
Last Embrace||1979,Last Embrace,1979,6715066,Title
Across the Universe||2007,Across the Universe,2007,4399897,Title (film)
Inside Man||2006,Inside Man,2006,3592692,Title (YEAR film)
Bound||1996,Bound,1996,249838,Title (YEAR film)
Pee-wee's Big Adventure||1985,Pee-wee's Big Adventure,1985,432236,Title
Bringing Out the Dead||1999,Bringing Out the Dead,1999,348356,Title
Crash||1996,Crash,1996,2077360,Title (YEAR film)
Walk Hard: The Dewey Cox Story||2007,Walk Hard: The Dewey Cox Story,2007,9264215,Title
Boxing Helena||1993,Boxing Helena,1993,77460,Title
The Virgin Suicides||2000,The Virgin Suicides,2000,3610087,Title (film)
Magnolia||1999,Magnolia,1999,231829,Title (YEAR film)
Lost Highway||1997,Lost Highway,1997,204839,Title (YEAR film)
All Quiet on the Western Front||2022,All Quiet on the Western Front,2022,68924608,Title (YEAR film)
The Talented Mr. Ripley||1999,The Talented Mr. Ripley,1999,536009,Title (film)
Purple Noon||1960,Purple Noon,1960,1279798,Title
Pirates of the Caribbean: The Curse of the Black Pearl||2003,Pirates of the Caribbean: The Curse of the Black Pearl,2003,321496,Title
Wild Things||1998,Wild Things,1998,423372,Title (YEAR film)
A Knight's Tale||2001,A Knight's Tale,2001,65669,Title (YEAR film)
Eyes Wide Shut||1999,Eyes Wide Shut,1999,9979,Title
The Dark Knight||2008,The Dark Knight,2008,4276475,Title (YEAR film)
Popeye||1980,Popeye,1980,1339188,Title (YEAR film)
Roxanne||1987,Roxanne,1987,574768,Title (film)
Brewster McCloud||1970,Brewster McCloud,1970,1436649,Title
The Portrait of a Lady||1996,The Portrait of a Lady,1996,887135,Title (film)
Hundreds of Beavers||2024,Hundreds of Beavers,2024,76208655,Title
Napoleon Dynamite||2004,Napoleon Dynamite,2004,882119,Title
Hairspray||1988,Hairspray,1988,1613987,Title (YEAR film)
The Trip||1967,The Trip,1967,696925,Title (YEAR film)
The Master||2012,The Master,2012,31960682,Title (YEAR film)
The Last Movie||1971,The Last Movie,1971,6228904,Title
The Shooting||1966,The Shooting,1966,2294746,Title (film)
3 Women||1977,3 Women,1977,2798805,Title (film)
Mac and Me||1988,Mac and Me,1988,2525385,Title
Midnight Cowboy||1969,Midnight Cowboy,1969,42147,Title (YEAR film)
King Kong||1933,King Kong,1933,16782,Title (YEAR film)
Airport||1970,Airport,1970,99459,Title (YEAR film)
A Man Escaped||1956,A Man Escaped,1956,2819346,Title
Le Deuxième Souffle||1966,Le Deuxième Souffle,1966,18487088,Title (YEAR film)
Empire of the Sun||1987,Empire of the Sun,1987,146077,Title (film)
Withnail & I||1987,Withnail & I,1987,343404,Title
The Loveless||1984,The Loveless,1984,24158593,Title
Ms .45||1981,Ms .45,1981,2255173,Title
The Warriors||1979,The Warriors,1979,1173571,Title (YEAR film)
A Clockwork Orange||1971,A Clockwork Orange,1971,1659954,Title (film)
The Old Oak||2023,The Old Oak,2023,73635750,Title
Troll 2||1990,Troll 2,1990,2786477,Title
Eraserhead||1978,Eraserhead,1978,36814246,Title (film)
To Have and Have Not||1945,To Have and Have Not,1945,1971307,Title (film)
Bob le Flambeur||1956,Bob le Flambeur,1956,2482275,Title
Fresh Kill||1996,Fresh Kill,1996,64275988,Title
Friday the 13th: The Final Chapter||1984,Friday the 13th: The Final Chapter,1984,2546429,Title
Touchez Pas au Grisbi||1954,Touchez Pas au Grisbi,1954,3654148,Title
Jason X||2001,Jason X,2001,2269465,Title
Glen or Glenda||1953,Glen or Glenda,1953,13154,Title
The Big Sleep||1946,The Big Sleep,1946,1645598,Title (YEAR film)
Dark Passage||1947,Dark Passage,1947,1668866,Title (YEAR film)
Un Flic||1972,Un Flic,1972,3819103,Title
Key Largo||1948,Key Largo,1948,1397142,Title (YEAR film)
Once Upon a Time... in Hollywood||2019,Once Upon a Time... in Hollywood,2019,56717294,Title
Le Doulos||1962,Le Doulos,1962,5092969,Title
Miami Connection||1987,Miami Connection,1987,37471880,Title
The Outlaw Josey Wales||1976,The Outlaw Josey Wales,1976,75270,Title (film)
Lawrence of Arabia||1962,Lawrence of Arabia,1962,43452,Title (film)
Written on the Wind||1956,Written on the Wind,1956,1365472,Title
Alice in Wonderland||1951,Alice in Wonderland,1951,769066,Title (YEAR film)
How to Marry a Millionaire||1953,How to Marry a Millionaire,1953,911882,Title
Hackers||1995,Hackers,1995,40852758,Title (YEAR film)
Le Cercle Rouge||1970,Le Cercle Rouge,1970,2498993,Title
Dogville||2003,Dogville,2003,397310,Title
The Straight Story||1999,The Straight Story,1999,31351,Title
Wheel of Fortune and Fantasy||2021,Wheel of Fortune and Fantasy,2021,66730589,Title
Harper||1966,Harper,1966,6646087,Title (film)
The 39 Steps||1935,The 39 Steps,1935,3724436,Title (YEAR film)
Murder on the Orient Express||1974,Murder on the Orient Express,1974,5028092,Title (YEAR film)
The Lady Vanishes||1938,The Lady Vanishes,1938,9404578,Title (YEAR film)
The Rose King||1986,The Rose King,1986,49367402,search
Donnie Darko||2001,Donnie Darko,2001,57820,Title (YEAR film)
Grease||1978,Grease,1978,336846,Title (YEAR film)
The Searchers||1956,The Searchers,1956,76335,Title (YEAR film)
The Silence of the Sea||1949,The Silence of the Sea,1949,4074374,Title (film)
Spartacus||1960,Spartacus,1960,166813,Title (YEAR film)
Naked Acts||1996,Naked Acts,1996,81404211,Title
Moving||1993,Moving,1993,24086703,Title (YEAR film)
Drive My Car||2021,Drive My Car,2021,67841180,Title (film)
Inception||2010,Inception,2010,23270459,Title (YEAR film)
The Room||2003,The Room,2003,5443971,Title (YEAR film)
The Sound of Music||1965,The Sound of Music,1965,4836239,Title (YEAR film)
"Léon Morin, Priest||1961","Léon Morin, Priest",1961,22076195,Title (film)
Army of Shadows||1969,Army of Shadows,1969,3723140,Title
Gift||2023,Gift,2023,74574510,Title (YEAR film)
8½||1963,8½,1963,318810,Title (film)
The Seventh Seal||1957,The Seventh Seal,1957,176545,Title (film)
Join or Die||2024,Join or Die,2024,74669461,Title (film)
Strangers on a Train||1951,Strangers on a Train,1951,261107,Title (film)
Bill & Ted's Bogus Journey||1991,Bill & Ted's Bogus Journey,1991,254269,Title
Dial M for Murder||1954,Dial M for Murder,1954,77223,Title
Easy A||2010,Easy A,2010,23438736,Title (film)
Spotlight Newton Filmmakers||2024,Spotlight Newton Filmmakers,2024,62992128,search
Pandora's Box||1929,Pandora's Box,1929,457578,Title (YEAR film)
Le Samouraï||1967,Le Samouraï,1967,2046252,Title
The Sicilian Clan||1969,The Sicilian Clan,1969,19158255,Title
Samurai Cop||1991,Samurai Cop,1991,45336113,Title
Breathless||1960,Breathless,1960,339526,Title (YEAR film)
Two Men in Manhattan||1959,Two Men in Manhattan,1959,20789377,Title
Birdemic: Shock and Terror||2010,Birdemic: Shock and Terror,2010,25581548,Title
La Roue||1923,La Roue,1923,17155163,Title
The Gate of Heavenly Peace||1995,The Gate of Heavenly Peace,1995,8748773,Title (film)
Twilight||2008,Twilight,2008,14277334,Title (YEAR film)
They Came from Beyond Space||1967,They Came from Beyond Space,1967,25232018,Title
Double Feature: A Father's Kaddish/Why We Dance||2024,Double Feature: A Father's Kaddish/Why We Dance,2024,68145,search
La Cocina||2024,La Cocina,2024,75892706,Title
The Big Risk||1960,The Big Risk,1960,13345131,Title
Training Day||2001,Training Day,2001,171623,Title (YEAR film)
The Circus||1928,The Circus,1928,142780,Title (YEAR film)
Take Out||2004,Take Out,2004,21064505,Title (YEAR film)
Macabre||1958,Macabre,1958,14170318,Title (YEAR film)
Shadow of a Doubt||1943,Shadow of a Doubt,1943,76339,Title (YEAR film)
Tangerine||2015,Tangerine,2015,45254449,Title (film)
The Florida Project||2017,The Florida Project,2017,53834253,Title (film)
Psycho||1960,Psycho,1960,23880,Title (YEAR film)
Red Rocket||2021,Red Rocket,2021,66691354,Title (film)
Carmen Comes Home||1951,Carmen Comes Home,1951,15672543,Title
Wait Until Dark||1967,Wait Until Dark,1967,19755481,Title (film)
The Man Who Knew Too Much||1956,The Man Who Knew Too Much,1956,2345044,Title (YEAR film)
Shaun of the Dead||2004,Shaun of the Dead,2004,598397,Title (film)
Rififi||1955,Rififi,1955,1981903,Title
The Craft||1996,The Craft,1996,86533,Title (YEAR film)
The Pit and the Pendulum||1961,The Pit and the Pendulum,1961,5422414,Title (YEAR film)
The Tender Age||1986,The Tender Age,1986,66061508,search
The Blue Diner||2001,The Blue Diner,2001,23016541,Title
The Boy and the Heron||2023,The Boy and the Heron,2023,56741338,Title
The Dark End of the Street||1981,The Dark End of the Street,1981,74074834,Title (YEAR film)
One Step Away||1968,One Step Away,1968,43917399,Title (film)
The Omen||1976,The Omen,1976,186856,Title (YEAR film)
Pulp Fiction||1994,Pulp Fiction,1994,54173,Title (film)
Big Time||1989,Big Time,1989,38444154,search
Les Enfants Terribles||1950,Les Enfants Terribles,1950,13118358,Title (film)
The Babadook||2014,The Babadook,2014,41716245,Title
Where Spring Comes Late||1970,Where Spring Comes Late,1970,30357155,Title
The Silence of the Lambs||1991,The Silence of the Lambs,1991,30006,Title (film)
House on Haunted Hill||1959,House on Haunted Hill,1959,628843,Title
T Blockers||2023,T Blockers,2023,77692023,Title
Sleepaway Camp||1983,Sleepaway Camp,1983,715207,Title
I Saw the TV Glow||2024,I Saw the TV Glow,2024,71614849,Title
Bride of the Monster||1955,Bride of the Monster,1955,5035,Title (film)
Ed Wood||1994,Ed Wood,1994,528464,Title (film)
Matinee||1993,Matinee,1993,6215998,Title (YEAR film)
The Birds||1963,The Birds,1963,304428,Title (YEAR film)
The Mummy||1932,The Mummy,1932,253833,Title (YEAR film)
Phantom of the Opera||1943,Phantom of the Opera,1943,1271371,Title (YEAR film)
The Little Shop of Horrors||1960,The Little Shop of Horrors,1960,325206,Title (YEAR film)
Magnet of Doom||1963,Magnet of Doom,1963,30635965,Title
A Bucket of Blood||1959,A Bucket of Blood,1959,4333681,Title (YEAR film)
Don't Let the Riverbeast Get You!||2012,Don't Let the Riverbeast Get You!,2012,78900252,Title
The Raven||1963,The Raven,1963,518687,Title (YEAR film)
The Birthday||2004,The Birthday,2004,72849471,Title (film)
X: The Man with the X-Ray Eyes||1963,X: The Man with the X-Ray Eyes,1963,896823,Title
House of Usher||1960,House of Usher,1960,5421694,Title (film)
Nosferatu||1922,Nosferatu,1922,82423,Title (YEAR film)
Cockfighter||1974,Cockfighter,1974,4173939,Title
Phantasm||1979,Phantasm,1979,1802400,Title (film)
Gas! -Or- It Became Necessary to Destroy the World in Order to Save It.||1970,Gas! -Or- It Became Necessary to Destroy the World in Order to Save It.,1970,5388826,Title
The Wild Angels||1966,The Wild Angels,1966,1925631,Title
Le Trou||1960,Le Trou,1960,3644789,Title
Boxcar Bertha||1972,Boxcar Bertha,1972,1873017,Title
Dementia 13||1963,Dementia 13,1963,3815899,Title
Interview with the Vampire||1994,Interview with the Vampire,1994,3239688,Title (film)
Targets||1968,Targets,1968,427989,Title (film)
13 Ghosts||1960,13 Ghosts,1960,1135297,Title (YEAR film)
Marnie||1964,Marnie,1964,264851,Title (film)
Ride in the Whirlwind||1966,Ride in the Whirlwind,1966,2289802,Title
Polyester||1981,Polyester,1981,1271694,Title (film)
I Married a Witch||1942,I Married a Witch,1942,2100379,Title
Frenzy||1972,Frenzy,1972,508044,Title (YEAR film)
It Follows||2015,It Follows,2015,44202021,Title
The Wolf Man||1941,The Wolf Man,1941,927058,Title (YEAR film)
Frankenstein Meets the Wolf Man||1943,Frankenstein Meets the Wolf Man,1943,3302848,Title
The Student Nurses||1970,The Student Nurses,1970,34934880,Title
Belarmino||1964,Belarmino,1964,7988853,Title
Caged Heat||1974,Caged Heat,1974,2631972,Title
Tales of Terror||1962,Tales of Terror,1962,3135608,Title (YEAR film)
Chopping Mall||1986,Chopping Mall,1986,3834588,Title
Lucifer Rising||1974,Lucifer Rising,1974,9390971,Title (film)
Piranha||1978,Piranha,1978,3153784,Title (YEAR film)
El Topo||1970,El Topo,1970,1844221,Title (YEAR film)
The Exorcist||1973,The Exorcist,1973,725459,Title (film)
Amarcord||1973,Amarcord,1973,239086,Title
Invisible Nation||2024,Invisible Nation,2024,76800244,Title
Autumn Sonata||1978,Autumn Sonata,1978,225554,Title
Suburbia||1984,Suburbia,1984,670267,Title (YEAR film)
The Last Man on Earth||1964,The Last Man on Earth,1964,3947408,Title (YEAR film)
Galaxy of Terror||1981,Galaxy of Terror,1981,14864488,Title
Battle Beyond the Stars||1980,Battle Beyond the Stars,1980,1152328,Title
The Tingler||1959,The Tingler,1959,2293612,Title
Stripped to Kill||1987,Stripped to Kill,1987,12494928,Title
The Slumber Party Massacre||1982,The Slumber Party Massacre,1982,4343453,Title
Slumber Party Massacre II||1987,Slumber Party Massacre II,1987,6647928,Title
Eyes Without a Face||1960,Eyes Without a Face,1960,2491582,Title (film)
Death Race 2000||1975,Death Race 2000,1975,1017650,Title
Frankenstein||1931,Frankenstein,1931,73488,Title (YEAR film)
Bride of Frankenstein||1935,Bride of Frankenstein,1935,73375,Title (film)
Trás-os-Montes||1976,Trás-os-Montes,1976,36319171,Title (film)
Brandos Costumes||1975,Brandos Costumes,1975,24386035,Title
Frankenhooker||1990,Frankenhooker,1990,2259073,Title
The Tomb of Ligeia||1964,The Tomb of Ligeia,1964,1776723,Title
Monster House||2006,Monster House,2006,2692284,Title (YEAR film)
Trick or Treat||1986,Trick or Treat,1986,7212423,Title (YEAR film)
Max and the Junkmen||1971,Max and the Junkmen,1971,31295173,Title
Elbow||2024,Elbow,2024,76004792,Title (film)
The Vows||1973,The Vows,1973,22464784,Title
The Bat||1926,The Bat,1926,2258827,Title (YEAR film)
Basket Case||1982,Basket Case,1982,2283532,Title (film)
The Gate||1987,The Gate,1987,1010796,Title (YEAR film)
Kwaidan||1965,Kwaidan,1965,1268511,Title (film)
Harry Smith - Film No. 12 / Film No. 16||1957,Harry Smith - Film No. 12 / Film No. 16,1957,66850554,search
A Nightmare on Elm Street||1984,A Nightmare on Elm Street,1984,3028191,Title (YEAR film)
Evil Dead II||1987,Evil Dead II,1987,10487,Title
Night of the Creeps||1986,Night of the Creeps,1986,2534857,Title
Night of the Comet||1984,Night of the Comet,1984,2381862,Title
Practical Magic||1998,Practical Magic,1998,89445,Title
The Manchurian Candidate||1962,The Manchurian Candidate,1962,58147,Title (YEAR film)
Beetlejuice||1988,Beetlejuice,1988,293524,Title (YEAR film)
Little Shop of Horrors||1986,Little Shop of Horrors,1986,3447166,Title (YEAR film)
The Crow||1994,The Crow,1994,406339,Title (YEAR film)
Halloween||1978,Halloween,1978,20179415,Title (YEAR film)
Scream||1996,Scream,1996,113549,Title (YEAR film)
Scream||2022,Scream,2022,31716869,Title (YEAR film)
Scream Halloween House Party||2024,Scream Halloween House Party,2024,1612686,search
The Rocky Horror Picture Show||1975,The Rocky Horror Picture Show,1975,25491,Title
Out of the Past||1947,Out of the Past,1947,75266,Title (film)
Eephus||2025,Eephus,2025,445172,Title (film)
What Shall I Do With This Sword?||1975,What Shall I Do With This Sword?,1975,3137571,search
Zabriskie Point||1970,Zabriskie Point,1970,2194799,Title (film)
Koyaanisqatsi||1983,Koyaanisqatsi,1983,18932654,Title
The Elephant Man||1980,The Elephant Man,1980,106344,Title (YEAR film)
The Muppet Movie||1979,The Muppet Movie,1979,876728,Title
Head||1968,Head,1968,693163,Title (film)
Blade Runner||1982,Blade Runner,1982,3746,Title (YEAR film)
The Killing||1956,The Killing,1956,282964,Title (YEAR film)
The Breakfast Club||1985,The Breakfast Club,1985,29943,Title (YEAR film)
Dune||1984,Dune,1984,71415,Title (YEAR film)
Experiment in Terror||1962,Experiment in Terror,1962,5501567,Title
My Name Is Julia Ross||1945,My Name Is Julia Ross,1945,3624149,Title
The Way Steel Was Tempered||1988,The Way Steel Was Tempered,1988,10651171,Title
Blue Velvet||1986,Blue Velvet,1986,3947,Title (film)
Niagara||1953,Niagara,1953,1633705,Title (YEAR film)
The Big Heat||1953,The Big Heat,1953,1564113,Title
Human Desire||1954,Human Desire,1954,2346581,Title
Siberian Lady Macbeth||1962,Siberian Lady Macbeth,1962,839067,Title
Over-Exposed||1956,Over-Exposed,1956,5993535,Title
The Night Watchman||2011,The Night Watchman,2011,2583417,search
The Sniper||1952,The Sniper,1952,2721095,Title (YEAR film)
When Harry Met Sally...||1989,When Harry Met Sally...,1989,33270,Title
The Killers||1946,The Killers,1946,1774116,Title (YEAR film)
Underworld U.S.A.||1961,Underworld U.S.A.,1961,13273342,Title
The Crimson Kimono||1959,The Crimson Kimono,1959,19164879,Title
The Man Who Wasn't There||2001,The Man Who Wasn't There,2001,241052,Title (YEAR film)
Wild at Heart||1990,Wild at Heart,1990,246963,Title (YEAR film)
Willy/Milly||1986,Willy/Milly,1986,40961566,Title
Dallas Doll||1994,Dallas Doll,1994,24716019,Title
Twin Peaks: Fire Walk with Me||1992,Twin Peaks: Fire Walk with Me,1992,245515,Title
Leave Her to Heaven||1945,Leave Her to Heaven,1945,181353,Title
The Joy of Life||2005,The Joy of Life,2005,2615732,Title
The Royal Road||2015,The Royal Road,2015,45296064,Title
Amadeus||1984,Amadeus,1984,1065214,Title (film)
Daisies||1966,Daisies,1966,10163440,Title (film)
Murdering the Devil||1970,Murdering the Devil,1970,16671760,search
Kokomo City||2023,Kokomo City,2023,73448047,Title
A Report on the Party and the Guests||1966,A Report on the Party and the Guests,1966,22279167,Title
Valerie and Her Week of Wonders||1970,Valerie and Her Week of Wonders,1970,1868133,Title (film)
Paris Is Burning||1991,Paris Is Burning,1991,2406074,Title (film)
Shrek 2||2004,Shrek 2,2004,525314,Title
"Paris, Texas||1984","Paris, Texas",1984,237134,Title (film)
The Fall||2008,The Fall,2008,27941350,Title (YEAR film)
Casablanca||1943,Casablanca,1943,57585,Title (film)
Wings of a Serf||1926,Wings of a Serf,1926,49197801,search
Mulholland Drive||2001,Mulholland Drive,2001,20786,Title (film)
Winners||2024,Winners,2024,76033808,Title (YEAR film)
"Lust, Caution||2007","Lust, Caution",2007,5631382,Title (YEAR film)
The Lady from Shanghai||1947,The Lady from Shanghai,1947,1919203,Title
The Grandmaster||2013,The Grandmaster,2013,32963963,Title (film)
Times Square||1980,Times Square,1980,2154540,Title (YEAR film)
Inglourious Basterds||2009,Inglourious Basterds,2009,633052,Title
Sans Soleil||1983,Sans Soleil,1983,5263869,Title
Hook||1991,Hook,1991,443972,Title (YEAR film)
The Thief of Bagdad||1924,The Thief of Bagdad,1924,76385,Title (YEAR film)
Seven Samurai||1954,Seven Samurai,1954,31371,Title
Nightmare Alley||1947,Nightmare Alley,1947,2006189,Title (YEAR film)
Matilda||1996,Matilda,1996,675935,Title (YEAR film)
Inland Empire||2006,Inland Empire,2006,2028217,Title (film)
Top Hat||1935,Top Hat,1935,61501,Title (film)
Blade||1998,Blade,1998,471544,Title (YEAR film)
Big Time||1988,Big Time,1988,24105483,Title (YEAR film)
How the Grinch Stole Christmas||2000,How the Grinch Stole Christmas,2000,4867859,Title (YEAR film)
The Sugarland Express||1974,The Sugarland Express,1974,1646113,Title
Gattaca||1997,Gattaca,1997,42886,Title (film)
Bram Stoker's Dracula||1992,Bram Stoker's Dracula,1992,337740,Title (YEAR film)
It's a Wonderful Life||1946,It's a Wonderful Life,1946,60164,Title (film)
Song of the Little Road||1955,Song of the Little Road,1955,669691,Title
Queen of the Damned||2002,Queen of the Damned,2002,9088886,Title (film)
Aparajito||1956,Aparajito,1956,1267738,Title (film)
The World of Apu||1959,The World of Apu,1959,1471772,Title
Black Christmas||1974,Black Christmas,1974,1584998,Title (YEAR film)
Die Hard||1988,Die Hard,1988,97646,Title (film)
The Shop Around the Corner||1940,The Shop Around the Corner,1940,76353,Title
Close Encounters of the Third Kind||1977,Close Encounters of the Third Kind,1977,146236,Title
Only Lovers Left Alive||2013,Only Lovers Left Alive,2013,34888850,Title
RRR||2022,RRR,2022,59329596,Title (film)
Love Actually||2003,Love Actually,2003,370064,Title (film)
Edward Scissorhands||1990,Edward Scissorhands,1990,302970,Title
Singin' in the Rain||1952,Singin' in the Rain,1952,1883157,Title (film)
Pacific Rim||2013,Pacific Rim,2013,32112949,Title (YEAR film)
Speed Racer||2008,Speed Racer,2008,8737659,Title (YEAR film)
Underworld||2003,Underworld,2003,452767,Title (YEAR film)
The Muppet Christmas Carol||1992,The Muppet Christmas Carol,1992,1131832,Title
Meet Me in St. Louis||1944,Meet Me in St. Louis,1944,74942,Title (film)
Die Hard 2||1990,Die Hard 2,1990,433824,Title
Little Women||1994,Little Women,1994,781758,Title (YEAR film)
A League of Their Own||1992,A League of Their Own,1992,543433,Title
Groundhog Day||1993,Groundhog Day,1993,142327,Title (film)
Anaconda||1997,Anaconda,1997,703970,Title (YEAR film)
Tap||1989,Tap,1989,8771437,Title (film)
Single White Female||1992,Single White Female,1992,2632500,Title (film)
The Cable Guy||1996,The Cable Guy,1996,885776,Title
Dracula 2000||2000,Dracula 2000,2000,1219214,Title
Bottle Rocket||1996,Bottle Rocket,1996,524139,Title (film)
El Mariachi||1993,El Mariachi,1993,326446,Title
New Year's Evil||1980,New Year's Evil,1980,15589712,Title (film)
The Age of Innocence||1993,The Age of Innocence,1993,5836236,Title (YEAR film)
Boyz n the Hood||1991,Boyz n the Hood,1991,155997,Title
Double Team||1997,Double Team,1997,2862407,Title (film)
Bad Boys||1995,Bad Boys,1995,673613,Title (YEAR film)
Strange Days||1995,Strange Days,1995,1339563,Title (film)
The Sacrifice||1986,The Sacrifice,1986,593964,Title (YEAR film)
Fantastic Planet||1973,Fantastic Planet,1973,2322506,Title
A Fish Called Wanda||1988,A Fish Called Wanda,1988,308898,Title
Starship Troopers||1997,Starship Troopers,1997,203841,Title (YEAR film)
Moonage Daydream||2022,Moonage Daydream,2022,71440614,Title (film)
"Aguirre, the Wrath of God||1972","Aguirre, the Wrath of God",1972,158052,Title
Caligula||1979,Caligula,1979,243204,Title (film)
The Thing||1982,The Thing,1982,30809,Title (YEAR film)
Titane||2021,Titane,2021,66488453,Title (film)
The Bird with the Crystal Plumage||1970,The Bird with the Crystal Plumage,1970,3657826,Title
Pariah||2011,Pariah,2011,33025020,Title (YEAR film)
Godzilla Minus One||2023,Godzilla Minus One,2023,72171031,Title
Good One||2024,Good One,2024,76824251,Title (film)
Last Year at Marienbad||1961,Last Year at Marienbad,1961,157173,Title
His Three Daughters||2024,His Three Daughters,2024,74785116,Title (film)
Climax||2018,Climax,2018,57171624,Title (YEAR film)
Beasts of the Southern Wild||2012,Beasts of the Southern Wild,2012,35581515,Title
Emilia Pérez||2024,Emilia Pérez,2024,75607941,Title
India Song||1975,India Song,1975,33347419,Title
The People's Joker||2024,The People's Joker,2024,71776978,Title
Nothing Underneath||1985,Nothing Underneath,1985,42351579,Title
Star Trek: First Contact||1996,Star Trek: First Contact,1996,27097,Title
Rumours||2024,Rumours,2024,75785008,Title (YEAR film)
Megalopolis||2024,Megalopolis,2024,68613611,Title (film)
The Discreet Charm of the Bourgeoisie||1972,The Discreet Charm of the Bourgeoisie,1972,346569,Title
Rustin||2023,Rustin,2023,66716299,Title (film)
Fancy Dance||2024,Fancy Dance,2024,72842326,Title (film)
Sugarcane||2024,Sugarcane,2024,75835628,Title (film)
They Live||1988,They Live,1988,342556,Title (film)
Omen||2023,Omen,2023,75083336,Title (YEAR film)
The Fifth Element||1997,The Fifth Element,1997,143809,Title (film)
Dahomey||2024,Dahomey,2024,75935839,Title (film)
Monkey Man||2024,Monkey Man,2024,66481319,Title (film)
Twilight of the Warriors: Walled In||2024,Twilight of the Warriors: Walled In,2024,69461714,Title
Fargo||1996,Fargo,1996,142430,Title (YEAR film)
Challengers||2024,Challengers,2024,70047803,Title (YEAR film)
"Muriel, or the Time of Return||1963","Muriel, or the Time of Return",1963,12768840,search
Anora||2024,Anora,2024,75146745,Title (YEAR film)
March of the Penguins||2005,March of the Penguins,2005,2305746,Title
Flow||2024,Flow,2024,76884533,Title (YEAR film)
Be Pretty and Shut Up!||1981,Be Pretty and Shut Up!,1981,454223,search
"Baxter, Vera Baxter||1977","Baxter, Vera Baxter",1977,42074586,Title
Opera||1987,Opera,1987,5707225,Title (YEAR film)
Denis Villeneuve's Dune||2021,Denis Villeneuve's Dune,2021,52659577,search
The Substance||2024,The Substance,2024,70519613,Title (film)
A Different Man||2024,A Different Man,2024,71828618,Title
Journey to Italy||1954,Journey to Italy,1954,11784534,Title
The Two Faces of a Bamileke Woman||2018,The Two Faces of a Bamileke Woman,2018,76125470,search
Problemista||2024,Problemista,2024,72819864,Title
Evil Does Not Exist||2023,Evil Does Not Exist,2023,74574510,Title
Humanist Vampire Seeking Consenting Suicidal Person||2023,Humanist Vampire Seeking Consenting Suicidal Person,2023,74464581,Title
Stargate||1994,Stargate,1994,28327,Title (film)
Longlegs||2024,Longlegs,2024,72753280,Title
The Wages of Fear||1953,The Wages of Fear,1953,447074,Title (film)
Daughters of Darkness||1971,Daughters of Darkness,1971,14259399,Title
Irreversible||2002,Irreversible,2002,299490,Title (YEAR film)
Chez Jolie Coiffure||2019,Chez Jolie Coiffure,2019,83845501,Title
Hard Target||1993,Hard Target,1993,1631497,Title
Jumanji: Welcome to the Jungle||2017,Jumanji: Welcome to the Jungle,2017,48359197,Title
Lone Star||1996,Lone Star,1996,1108697,Title (YEAR film)
Carmen Jones||1954,Carmen Jones,1954,10554740,Title (film)
The Flying Ace||1926,The Flying Ace,1926,9798566,Title
Dead End||1977,Dead End,1977,38216944,Title (YEAR film)
The Teachers' Lounge||2023,The Teachers' Lounge,2023,74189366,Title
Barry Lyndon||1975,Barry Lyndon,1975,4227,Title (film)
Different from the Others||1919,Different from the Others,1919,1887155,Title
Armand||2024,Armand,2024,76881722,Title (film)
His Girl Friday||1940,His Girl Friday,1940,74018,Title
The Facts of Murder||1959,The Facts of Murder,1959,12780416,Title
The Ice Storm||1997,The Ice Storm,1997,7770667,Title (film)
Memories of Murder||2003,Memories of Murder,2003,2746792,Title (YEAR film)
Super Fly||1972,Super Fly,1972,195776,Title (YEAR film)
Blood and Black Lace||1964,Blood and Black Lace,1964,2010907,Title (film)
Cure||1997,Cure,1997,2359777,Title (YEAR film)
Repulsion||1965,Repulsion,1965,1001142,Title (film)
No Other Land||2024,No Other Land,2024,76180709,Title
Outrage||1950,Outrage,1950,3688065,Title (YEAR film)
Rapid Fire||1992,Rapid Fire,1992,551753,Title (YEAR film)
The Vanishing||1988,The Vanishing,1988,350584,Title (YEAR film)
Insomnia||2002,Insomnia,2002,4760936,Title (YEAR film)
Mambar Pierrette||2024,Mambar Pierrette,2024,72063414,search
Black Belt Jones||1974,Black Belt Jones,1974,1853942,Title
From Hilde with Love||2024,From Hilde with Love,2024,75928693,search
A Fistful of Dollars||1964,A Fistful of Dollars,1964,441926,Title
Unforgiven||1992,Unforgiven,1992,133574,Title (YEAR film)
The Double||2014,The Double,2014,35976870,search
Enemy||2014,Enemy,2014,38850565,Title (YEAR film)
The Garden That Tilts||1975,The Garden That Tilts,1975,23181860,Title
Mädchen in Uniform||1931,Mädchen in Uniform,1931,1245942,Title (YEAR film)
The Killing of a Sacred Deer||2017,The Killing of a Sacred Deer,2017,51436403,Title
High Life||2018,High Life,2018,54459964,Title (YEAR film)
Under the Skin||2014,Under the Skin,2014,39502001,Title (YEAR film)
Girl Talk||2022,Girl Talk,2022,48613108,search
An Affair to Remember||1957,An Affair to Remember,1957,884742,Title
Notting Hill||1999,Notting Hill,1999,204019,Title (film)
Barb & Star Go to Vista Del Mar||2021,Barb & Star Go to Vista Del Mar,2021,61290901,search
The Princess Bride||1987,The Princess Bride,1987,31153,Title (film)
Singles||1992,Singles,1992,577663,Title (YEAR film)
Cocote||2017,Cocote,2017,58474254,Title
Romeo Must Die||2000,Romeo Must Die,2000,1047463,Title
The Bugs Bunny Film Festival||1950,The Bugs Bunny Film Festival,1950,5055292,search
Enter the Dragon||1973,Enter the Dragon,1973,10193,Title
Glory||1989,Glory,1989,509676,Title (YEAR film)
Donkey Skin||1970,Donkey Skin,1970,3071676,Title (film)
Little Women||2019,Little Women,2019,57793159,Title (YEAR film)
Muppet Treasure Island||1996,Muppet Treasure Island,1996,1458752,Title
Point Break||1991,Point Break,1991,483274,Title (YEAR film)
The Wizard of Oz||1939,The Wizard of Oz,1939,561315,Title (YEAR film)
Fantastic Mr. Fox||2009,Fantastic Mr. Fox,2009,3112909,Title (film)
Victor and Victoria||1933,Victor and Victoria,1933,3478065,Title
Holiday||1938,Holiday,1938,4070671,Title (YEAR film)
The Incredibles||2004,The Incredibles,2004,565879,Title (YEAR film)
Judas and the Black Messiah||2021,Judas and the Black Messiah,2021,62113200,Title
The Return||2024,The Return,2024,73050420,Title (YEAR film)
The Parent Trap||1998,The Parent Trap,1998,2236329,Title (YEAR film)
The Cell||2000,The Cell,2000,666948,Title (film)
Golden Eighties||1986,Golden Eighties,1986,64325894,Title
Rumble in the Bronx||1995,Rumble in the Bronx,1995,165990,Title
Rush Hour||1998,Rush Hour,1998,489800,Title (YEAR film)
Sister Act||1992,Sister Act,1992,920468,Title (film)
Hear Her With Your Eyes||2023,Hear Her With Your Eyes,2023,9979,search
Hatari!||1962,Hatari!,1962,1955767,Title
This Woman||2023,This Woman,2023,56077935,Title (film)
X-Men: First Class||2011,X-Men: First Class,2011,28648635,Title (YEAR film)
"It Is Not the Homosexual Who Is Perverse, But the Society in Which He Lives||1971","It Is Not the Homosexual Who Is Perverse, But the Society in Which He Lives",1971,25326806,Title
Notorious||1946,Notorious,1946,255198,Title (YEAR film)
Porcelain War||2024,Porcelain War,2024,75931881,Title
Eastern Condors||1987,Eastern Condors,1987,12085775,Title
One Flew Over the Cuckoo's Nest||1975,One Flew Over the Cuckoo's Nest,1975,21913863,Title (film)
It Happened One Night||1934,It Happened One Night,1934,44696,Title
Titicut Follies||1967,Titicut Follies,1967,1195757,Title
Shock Waves||1977,Shock Waves,1977,3084973,Title (film)
The Funhouse||1981,The Funhouse,1981,4343543,Title
Alligator||1980,Alligator,1980,4946798,Title (YEAR film)
Aloïse||1975,Aloïse,1975,22586634,Title (film)
Hospital||1970,Hospital,1970,74376,Title (YEAR film)
The Bitter Tears of Petra von Kant||1972,The Bitter Tears of Petra von Kant,1972,844325,Title
The Girl with the Needle||2024,The Girl with the Needle,2024,76585133,Title (film)
The Death of Louis XIV||2016,The Death of Louis XIV,2016,51708937,Title
Liberté||2019,Liberté,2019,60531704,Title (YEAR film)
Bogancloch||2024,Bogancloch,2024,77506270,Title
Spirited Away||2001,Spirited Away,2001,70091,Title (film)
Edvard Munch||1974,Edvard Munch,1974,828348,Title (film)
"Now, at Last!||2018","Now, at Last!",2018,55462445,search
Kubo and the Two Strings||2016,Kubo and the Two Strings,2016,45062970,Title
National Gallery||2014,National Gallery,2014,77252576,Title (film)
Aimée & Jaguar||1999,Aimée & Jaguar,1999,451791,Title
Divine Madness||1980,Divine Madness,1980,5028682,Title (film)
Dead Ringers||1988,Dead Ringers,1988,826482,Title (YEAR film)
Taxi Driver||1976,Taxi Driver,1976,30000,Title (YEAR film)
Suspiria||1977,Suspiria,1977,347000,Title (YEAR film)
Amazing Grace||2018,Amazing Grace,2018,60361320,Title (YEAR film)
Dead Men Don't Wear Plaid||1982,Dead Men Don't Wear Plaid,1982,103088,Title
GoodFellas||1990,GoodFellas,1990,64394,Title
The Annihilation of Fish||1999,The Annihilation of Fish,1999,54459135,Title
Pacifiction||2022,Pacifiction,2022,72236843,Title
Female Perversions||1997,Female Perversions,1997,30306989,Title
Heat||1995,Heat,1995,43566,Title (YEAR film)
Outbreak||1995,Outbreak,1995,733927,Title (YEAR film)
The Verdict||1982,The Verdict,1982,106359,Title (YEAR film)
Good Will Hunting||1997,Good Will Hunting,1997,142456,Title
Story of My Death||2013,Story of My Death,2013,41706742,Title
The Town||2010,The Town,2010,24228929,Title (YEAR film)
Planet of the Apes||2001,Planet of the Apes,2001,20181491,Title (YEAR film)
Joy of Sex||1984,Joy of Sex,1984,24668194,Title (film)
Stand by Me||1986,Stand by Me,1986,87983,Title (film)
Address Unknown||1944,Address Unknown,1944,20760084,Title (YEAR film)
The Friends of Eddie Coyle||1973,The Friends of Eddie Coyle,1973,3213322,Title
Spotlight||2015,Spotlight,2015,43842546,Title (YEAR film)
The Departed||2006,The Departed,2006,1349086,Title (film)
Model||1981,Model,1981,81559609,Title (YEAR film)
Afternoons of Solitude||2025,Afternoons of Solitude,2025,77946692,Title
Valley Girl||1983,Valley Girl,1983,2406870,Title (YEAR film)
The French Connection||1971,The French Connection,1971,99463,Title (film)
The Store||1983,The Store,1983,82587910,Title (film)
Youth (Spring)||2023,Youth (Spring),2023,73803574,Title
Virtuosity||1995,Virtuosity,1995,234731,Title (film)
Youth (Hard Times)||2024,Youth (Hard Times),2024,77326698,Title
American Gangster||2007,American Gangster,2007,5017604,Title (YEAR film)
Princess Mononoke||1997,Princess Mononoke,1997,24653,Title
The Conversation||1974,The Conversation,1974,66853,Title (film)
It's the Old Army Game||1926,It's the Old Army Game,1926,33839298,Title
Youth (Homecoming)||2024,Youth (Homecoming),2024,77424164,Title
Harakiri||1962,Harakiri,1962,3137571,Title (YEAR film)
Brief Encounter||1945,Brief Encounter,1945,70508,Title (film)
Hoosiers||1986,Hoosiers,1986,74375,Title (film)
I'm Not There||2007,I'm Not There,2007,5388717,Title
A Serious Man||2009,A Serious Man,2009,19226290,Title
Fallen||1998,Fallen,1998,1151458,Title (YEAR film)
The Nice Guys||2016,The Nice Guys,2016,43846431,Title (YEAR film)
Game Changers||2024,Game Changers,2024,69482732,search
Night Moves||1975,Night Moves,1975,1665824,Title (YEAR film)
Subject to Review||2019,Subject to Review,2019,58984621,search
Shakespeare in Love||1998,Shakespeare in Love,1998,88075,Title
Mississippi Burning||1988,Mississippi Burning,1988,129410,Title
Scarface||1983,Scarface,1983,267848,Title (YEAR film)
Asia is One||1973,Asia is One,1973,2150352,search
The Royal Tenenbaums||2001,The Royal Tenenbaums,2001,223268,Title
Phenomena||1985,Phenomena,1985,3999301,Title (film)
Scarecrow||1973,Scarecrow,1973,2232039,Title (YEAR film)
Tenebre||1982,Tenebre,1982,4011202,Title (film)
Absolute Power||1997,Absolute Power,1997,3123893,Title (film)
The Wicker Man||1973,The Wicker Man,1973,42313,Title (YEAR film)
Nine to Five||1980,Nine to Five,1980,582398,Title (film)
Pineapple Express||2008,Pineapple Express,2008,9264341,Title (film)
Chungking Express||1994,Chungking Express,1994,213471,Title
Midsommar||2019,Midsommar,2019,58032225,Title (film)
Kamikaze 1989||1982,Kamikaze 1989,1982,23095277,Title (film)
Real Genius||1985,Real Genius,1985,483745,Title (film)
Top Secret!||1984,Top Secret!,1984,983849,Title
Summertime||1955,Summertime,1955,190393,Title (YEAR film)
Boxing Gym||2010,Boxing Gym,2010,56456888,Title
Millennium Actress||2002,Millennium Actress,2002,829780,Title
Raiders of the Lost Ark||1981,Raiders of the Lost Ark,1981,54166,Title
Buena Vista Social Club||1999,Buena Vista Social Club,1999,267633,Title (film)
A Woman Is a Woman||1961,A Woman Is a Woman,1961,1644858,Title
Risky Business||1983,Risky Business,1983,561226,Title (YEAR film)
The Namesake||2006,The Namesake,2006,2973132,Title (film)
News from Home||1977,News from Home,1977,29932707,Title
Alice Doesn't Live Here Anymore||1974,Alice Doesn't Live Here Anymore,1974,225481,Title (film)
Mother||2009,Mother,2009,22833707,Title (YEAR film)
The Secret of NIMH||1982,The Secret of NIMH,1982,558970,Title
The Tale of The Princess Kaguya||2013,The Tale of The Princess Kaguya,2013,37471874,Title (film)
Everything Everywhere All at Once||2022,Everything Everywhere All at Once,2022,58342225,Title
Mildred Pierce||1945,Mildred Pierce,1945,4995581,Title (YEAR film)
Mamma Roma||1962,Mamma Roma,1962,3653844,Title
2 or 3 Things I Know About Her||1967,2 or 3 Things I Know About Her,1967,1608743,Title
Indiana Jones and the Last Crusade||1989,Indiana Jones and the Last Crusade,1989,51888,Title
The Big Chill||1983,The Big Chill,1983,545795,Title (film)
Vampire Hunter D||1985,Vampire Hunter D,1985,5162931,Title (YEAR film)
Days and Nights in the Forest||1970,Days and Nights in the Forest,1970,2679338,Title (film)
The Adversary||1970,The Adversary,1970,3384689,Title (YEAR film)
Miracle Mile||1988,Miracle Mile,1988,936429,Title (film)
The Music Room||1958,The Music Room,1958,2508699,Title (film)
Charulata||1964,Charulata,1964,1773524,Title
Near Dark||1987,Near Dark,1987,1637470,Title
The Glory of Life||2024,The Glory of Life,2024,77072322,Title (YEAR film)
Weathering with You||2019,Weathering with You,2019,59385239,Title
Bedknobs and Broomsticks||1971,Bedknobs and Broomsticks,1971,357525,Title
The Big City||1963,The Big City,1963,2509635,Title (YEAR film)
Picnic at Hanging Rock||1975,Picnic at Hanging Rock,1975,5878044,Title (film)
Public Housing||1997,Public Housing,1997,54570979,Title (film)
Happy Together||1997,Happy Together,1997,184987,Title (YEAR film)
Belladonna of Sadness||1973,Belladonna of Sadness,1973,9974948,Title
10 Things I Hate About You||1999,10 Things I Hate About You,1999,398934,Title (film)
The Social Network||2010,The Social Network,2010,24319139,Title (film)
Downfall||2004,Downfall,2004,993791,Title (YEAR film)
Thief||1981,Thief,1981,1330774,Title (YEAR film)
The Keep||1983,The Keep,1983,1401046,Title (film)
The Great Escape||1963,The Great Escape,1963,181229,Title (film)
The Heartbreak Kid||1972,The Heartbreak Kid,1972,857298,Title (YEAR film)
Inu-Oh||2022,Inu-Oh,2022,68616843,Title
The Mortal Storm||1940,The Mortal Storm,1940,1533733,Title
Vision Quest||1985,Vision Quest,1985,678599,Title (film)
Firestarter||1984,Firestarter,1984,16182808,Title (YEAR film)
Phantom Lady||1944,Phantom Lady,1944,1757150,Title (YEAR film)
The Apartment||1960,The Apartment,1960,43849,Title (YEAR film)
The Watermelon Woman||1997,The Watermelon Woman,1997,7513196,Title
Before Midnight||2013,Before Midnight,2013,36929245,Title (YEAR film)
The Times of Harvey Milk||1984,The Times of Harvey Milk,1984,5766332,Title
Don Q Son of Zorro||1925,Don Q Son of Zorro,1925,7768616,Title
Daughters of the Dust||1991,Daughters of the Dust,1991,2014023,Title
Good Burger||1997,Good Burger,1997,230536,Title (film)
The Miseducation of Cameron Post||2018,The Miseducation of Cameron Post,2018,52316133,Title (film)
The Long Goodbye||1973,The Long Goodbye,1973,3624815,Title (YEAR film)
The Company of Strangers||1990,The Company of Strangers,1990,2436322,Title
Rabid||1977,Rabid,1977,451003,Title (YEAR film)
The Brood||1979,The Brood,1979,451023,Title (film)
Pecker||1998,Pecker,1998,1799076,Title (film)
28 Weeks Later||2007,28 Weeks Later,2007,5971538,Title
Nightbreed||1990,Nightbreed,1990,1126777,Title
The World Before Your Feet||2018,The World Before Your Feet,2018,61858819,Title
Videodrome||1983,Videodrome,1983,456587,Title
Day of the Dead||1985,Day of the Dead,1985,63310,Title (YEAR film)
Alien||1979,Alien,1979,23487440,Title (YEAR film)
Naked Lunch||1991,Naked Lunch,1991,307690,Title (film)
The Fly||1986,The Fly,1986,456601,Title (YEAR film)
Funeral Parade of Roses||1969,Funeral Parade of Roses,1969,6620825,Title
eXistenZ||1999,eXistenZ,1999,296252,Title
Crimes of the Future||2022,Crimes of the Future,2022,66580777,Title (YEAR film)
Beyond the Valley of the Dolls||1970,Beyond the Valley of the Dolls,1970,921865,Title
National Treasure||2004,National Treasure,2004,699208,Title (film)
Killer's Kiss||1955,Killer's Kiss,1955,1102966,Title
The Celluloid Closet||1996,The Celluloid Closet,1996,2069950,Title (film)
House||1977,House,1977,20286230,Title (YEAR film)
The Sword of Doom||1966,The Sword of Doom,1966,1358704,Title
Bride of Re-Animator||1990,Bride of Re-Animator,1990,1336108,Title
The Little Girl Who Conquered Time||1983,The Little Girl Who Conquered Time,1983,21079738,Title
The Hunt for Red October||1990,The Hunt for Red October,1990,3557540,Title (film)
The Living End||1992,The Living End,1992,6074576,Title (film)
Return of the Living Dead III||1993,Return of the Living Dead III,1993,30854893,Title
Always||1989,Always,1989,848218,Title (YEAR film)
The Island Closest to Heaven||1984,The Island Closest to Heaven,1984,72385465,Title
"His Motorbike, Her Island||1986","His Motorbike, Her Island",1986,26778372,Title
Far and Away||1992,Far and Away,1992,705925,Title
How to Survive a Plague||2012,How to Survive a Plague,2012,37922084,Title
Querelle||1982,Querelle,1982,183575,Title
Ugetsu||1953,Ugetsu,1953,1975933,Title (film)
Scott Pilgrim vs. the World||2010,Scott Pilgrim vs. the World,2010,17574075,Title
Mommie Dearest||1981,Mommie Dearest,1981,2079686,Title (film)
Drop Dead Gorgeous||1999,Drop Dead Gorgeous,1999,871658,Title (film)
Jackass: The Movie||2002,Jackass: The Movie,2002,1161730,Title
Green Room||2016,Green Room,2016,44256011,Title (film)
Floating Clouds||1955,Floating Clouds,1955,15242021,Title
Sudden Rain||1956,Sudden Rain,1956,21167644,Title (YEAR film)
Yearning||1964,Yearning,1964,31740169,Title (YEAR film)
Sound of the Mountain||1954,Sound of the Mountain,1954,16341960,Title
Kuroneko||1968,Kuroneko,1968,6289269,Title
Sabrina||1954,Sabrina,1954,1356971,Title (YEAR film)
Ash Wednesday||1973,Ash Wednesday,1973,24689511,Title (YEAR film)
The Outsiders||1983,The Outsiders,1983,3186725,Title (film)
Kill Bill: Vol. 1||2003,Kill Bill: Vol. 1,2003,301314,Title
Untamed Woman||1957,Untamed Woman,1957,18066013,Title
A Wife's Heart||1956,A Wife's Heart,1956,16342092,Title
Kill Bill: Vol. 2||2004,Kill Bill: Vol. 2,2004,525270,Title
Life of a Shock Force Worker||2023,Life of a Shock Force Worker,2023,75509155,Title
Demon Pond||1979,Demon Pond,1979,78156753,Title (YEAR film)
Weekend||1967,Weekend,1967,2117053,Title (YEAR film)
The Exterminating Angel||1962,The Exterminating Angel,1962,2642594,Title (film)
He Got Game||1998,He Got Game,1998,1644364,Title
High and Low||1963,High and Low,1963,867935,Title (YEAR film)
Johnny Guitar||1954,Johnny Guitar,1954,1352995,Title
Shin Godzilla||2016,Shin Godzilla,2016,44649915,Title
The Blob||1988,The Blob,1988,2521806,Title (YEAR film)
Something Different||1963,Something Different,1963,61231426,Title (YEAR film)
Ran||1985,Ran,1985,75984,Title (YEAR film)
Dazed and Confused||1993,Dazed and Confused,1993,503573,Title (YEAR film)
Sweet Sweetback's Baadasssss Song||1971,Sweet Sweetback's Baadasssss Song,1971,1237909,Title
Days of Being Wild||1990,Days of Being Wild,1990,430419,Title
Freddy Got Fingered||2001,Freddy Got Fingered,2001,518018,Title
Modern Times||1936,Modern Times,1936,74962,Title (film)
Wallace & Gromit: The Curse of the Were-Rabbit||2005,Wallace & Gromit: The Curse of the Were-Rabbit,2005,1784731,Title
A New Leaf||1971,A New Leaf,1971,4932099,Title (film)
The Devil and Daniel Johnston||2006,The Devil and Daniel Johnston,2006,8291607,Title
In Another Country||2012,In Another Country,2012,35562670,Title (film)
Breathless||1983,Breathless,1983,5989305,Title (YEAR film)
Yourself and Yours||2016,Yourself and Yours,2016,52132625,Title
Bullitt||1968,Bullitt,1968,433285,Title
Bloody Birthday||1981,Bloody Birthday,1981,4343515,Title
Swimming to Cambodia||1987,Swimming to Cambodia,1987,1624783,Title
The Thin Line||1966,The Thin Line,1966,52317782,Title (YEAR film)
Mixed Blood||1984,Mixed Blood,1984,26085256,Title (YEAR film)
Like You Know It All||2009,Like You Know It All,2009,20442820,Title
Other Side||2025,Other Side,2025,6559110,search
When a Woman Ascends the Stairs||1960,When a Woman Ascends the Stairs,1960,9344111,Title
Videoheaven||2025,Videoheaven,2025,80283064,Title
Ashes of Time||1994,Ashes of Time,1994,221858,Title
Walk Up||2022,Walk Up,2022,71880486,Title
Kansas City||1996,Kansas City,1996,1693894,Title (YEAR film)
Travelling Actors||1940,Travelling Actors,1940,67635297,Title (YEAR film)
Cat People||1942,Cat People,1942,1056686,Title (YEAR film)
Cat People||1982,Cat People,1982,1056696,Title (YEAR film)
Short Cuts||1993,Short Cuts,1993,676038,Title (film)
Fallen Angels||1995,Fallen Angels,1995,624433,Title (YEAR film)
Dr. Strangelove or: How I Learned to Stop Worrying and Love the Bomb||1964,Dr. Strangelove or: How I Learned to Stop Worrying and Love the Bomb,1964,8695,Title
"One, Two, Three||1961","One, Two, Three",1961,17440633,Title (film)
All About Eve||1950,All About Eve,1950,41881,Title (film)
The Girls||1968,The Girls,1968,32684003,Title (YEAR film)
Loving Couples||1964,Loving Couples,1964,21759848,Title (YEAR film)
Death & Taxes||2024,Death & Taxes,2024,4844776,Title (film)
The Fast and the Furious: Tokyo Drift||2006,The Fast and the Furious: Tokyo Drift,2006,2913859,Title
Fever Pitch||2005,Fever Pitch,2005,1448684,Title (YEAR film)
In Our Day||2023,In Our Day,2023,75600131,Title
Dogtooth||2009,Dogtooth,2009,22832896,Title (film)
Ghost Ship||2002,Ghost Ship,2002,1354688,Title (YEAR film)
"Alice, Sweet Alice||1976","Alice, Sweet Alice",1976,2009947,Title
Wife! Be Like a Rose!||1935,Wife! Be Like a Rose!,1935,66287998,Title
In the Mood for Love||2000,In the Mood for Love,2000,213413,Title
Flowing||1956,Flowing,1956,17723727,Title (YEAR film)
Goodnight Mommy||2015,Goodnight Mommy,2015,47543704,Title
2046||2004,2046,2004,213462,Title (film)
Night and Day||2008,Night and Day,2008,20425100,Title (YEAR film)
Cape Fear||1962,Cape Fear,1962,171029,Title (YEAR film)
Hero||2002,Hero,2002,318542,Title (YEAR film)
The Player||1992,The Player,1992,358263,Title (YEAR film)
Cape Fear||1991,Cape Fear,1991,171026,Title (YEAR film)
Gosford Park||2001,Gosford Park,2001,142476,Title
Road House||1989,Road House,1989,901489,Title (YEAR film)
Watermelon Man||1970,Watermelon Man,1970,2735755,Title (film)
Putney Swope||1969,Putney Swope,1969,3692025,Title
The Big Cube||1969,The Big Cube,1969,18802880,Title
The Women||1939,The Women,1939,19978736,Title (YEAR film)
The Brady Bunch Movie||1995,The Brady Bunch Movie,1995,2158983,Title
The Power of Kangwon Province||1998,The Power of Kangwon Province,1998,7362462,Title
Grass||2018,Grass,2018,56764960,Title (YEAR film)
Them||2006,Them,2006,9249020,Title (YEAR film)
Hill of Freedom||2014,Hill of Freedom,2014,44253359,Title
Village of the Damned||1995,Village of the Damned,1995,1721255,Title (YEAR film)
Inside Llewyn Davis||2013,Inside Llewyn Davis,2013,34604057,Title
When the Cat Comes||1963,When the Cat Comes,1963,13135357,Title
The Sting||1973,The Sting,1973,62440,Title (film)
On the Occasion of Remembering the Turning Gate||2002,On the Occasion of Remembering the Turning Gate,2002,7362626,Title
The Lovers on the Bridge||1991,The Lovers on the Bridge,1991,3329045,Title (film)
A Better Tomorrow||1986,A Better Tomorrow,1986,89541,Title (YEAR film)
Lovers Rock||2020,Lovers Rock,2020,64179486,Title (YEAR film)
"Red, White and Blue||2020","Red, White and Blue",2020,65968147,Title (YEAR film)
City on Fire||1987,City on Fire,1987,1640215,Title (YEAR film)
Caught by the Tides||2024,Caught by the Tides,2024,76585127,Title
A Traveler's Needs||2024,A Traveler's Needs,2024,75929437,Title
Shanghai Blues||1984,Shanghai Blues,1984,31176526,Title
Beauty and the Beast||1946,Beauty and the Beast,1946,1226363,Title (YEAR film)
The Palm Beach Story||1942,The Palm Beach Story,1942,2254144,Title
The Darjeeling Limited||2007,The Darjeeling Limited,2007,6238106,Title
Michael Clayton||2007,Michael Clayton,2007,5968326,Title (film)
Clueless||1995,Clueless,1995,105872,Title (film)
Beuys||2017,Beuys,2017,52994727,Title (film)
The Left Handed Gun||1958,The Left Handed Gun,1958,10990102,Title
Roma||1972,Roma,1972,1721399,Title (YEAR film)
A Better Tomorrow II||1987,A Better Tomorrow II,1987,3365741,Title
"I Was Born, But… / Pixote||1932","I Was Born, But… / Pixote",1932,73460,search
Art War||2014,Art War,2014,1826578,search
The Killer||1989,The Killer,1989,451877,Title (YEAR film)
Castle in the Sky||1986,Castle in the Sky,1986,147697,Title (film)
The Catered Affair||1956,The Catered Affair,1956,7885996,Title
Postcards from the Edge||1990,Postcards from the Edge,1990,21675573,Title (film)
Eno||2024,Eno,2024,75853418,Title (YEAR film)
Ray||2004,Ray,2004,993226,Title (YEAR film)
Dude Bro Party Massacre III||2015,Dude Bro Party Massacre III,2015,53255086,Title
One Cut of the Dead||2017,One Cut of the Dead,2017,58845544,Title
Lightning||1952,Lightning,1952,23208313,Title (YEAR film)
Hell House LLC||2015,Hell House LLC,2015,52965398,Title
A Chinese Ghost Story||1987,A Chinese Ghost Story,1987,204809,Title
Troll Hunter||2010,Troll Hunter,2010,29345692,Title
Eat Drink Man Woman||1994,Eat Drink Man Woman,1994,881249,Title
Willow Creek||2013,Willow Creek,2013,39530705,Title (film)
Noroi: The Curse||2005,Noroi: The Curse,2005,14449597,Title
Peking Opera Blues||1986,Peking Opera Blues,1986,1602624,Title
Impatience of the Heart||2025,Impatience of the Heart,2025,52371,search
The Midnight Swim||2015,The Midnight Swim,2015,43519862,Title
Lake Mungo||2009,Lake Mungo,2009,21652388,Title (film)
The Sacrament||2013,The Sacrament,2013,41438706,Title (YEAR film)
M*A*S*H||1970,M*A*S*H,1970,23784006,Title (film)
A Wanderer's Notebook||1962,A Wanderer's Notebook,1962,31750495,Title
Europa Report||2013,Europa Report,2013,34707165,Title
The McPherson Tape||1989,The McPherson Tape,1989,15686529,Title
The Devil's Doorway||2018,The Devil's Doorway,2018,63406600,Title
WALL·E||2008,WALL·E,2008,8980330,Title
The Last Exorcism||2010,The Last Exorcism,2010,26588977,Title
V/H/S/2||2013,V/H/S/2,2013,38357481,Title
Yen and Ai-Lee||2024,Yen and Ai-Lee,2024,78117987,Title
Midnight Run||1988,Midnight Run,1988,1122030,Title (film)
The Trouble with Harry||1955,The Trouble with Harry,1955,579127,Title
Cloverfield||2008,Cloverfield,2008,12064359,Title (YEAR film)
Magic Mike XXL||2015,Magic Mike XXL,2015,43719778,Title
Opening Night||1977,Opening Night,1977,2581818,Title (YEAR film)
Late Chrysanthemums||1954,Late Chrysanthemums,1954,18587615,Title
Wife||1953,Wife,1953,43865754,Title (film)
Don't Torture a Duckling||1972,Don't Torture a Duckling,1972,11510742,Title
Hard Boiled||1992,Hard Boiled,1992,577618,Title (film)
The Muppets Take Manhattan||1984,The Muppets Take Manhattan,1984,1099178,Title
Repast||1951,Repast,1951,6584492,Title (film)
Pink Narcissus||1971,Pink Narcissus,1971,183550,Title
Bullet in the Head||1990,Bullet in the Head,1990,1862671,Title
Shane||1953,Shane,1953,76351,Title (film)
Shanghai Express||1932,Shanghai Express,1932,61061,Title (film)
Four Nights of a Dreamer||1972,Four Nights of a Dreamer,1972,18555807,Title
Christopher Strong||1933,Christopher Strong,1933,1958815,Title
The Gold Rush||1925,The Gold Rush,1925,73882,Title (film)
7th Heaven||1927,7th Heaven,1927,61049,Title (YEAR film)
Snow White||1916,Snow White,1916,2826225,Title (YEAR film)
M||1931,M,1931,66322,Title (YEAR film)
Pat Garrett & Billy the Kid||1973,Pat Garrett & Billy the Kid,1973,2143256,Title
Lifeboat||1944,Lifeboat,1944,264869,Title (YEAR film)
Hour of the Wolf||1968,Hour of the Wolf,1968,1724742,Title
Heightened Scrutiny||2025,Heightened Scrutiny,2025,83347199,Title (YEAR film)
Amores Perros||2000,Amores Perros,2000,729979,Title
Rope||1948,Rope,1948,23477436,Title (YEAR film)
Carrie||1976,Carrie,1976,4899791,Title (YEAR film)
Greed||1924,Greed,1924,73930,Title (YEAR film)
Linda Linda Linda||2005,Linda Linda Linda,2005,7587190,Title
Dilwale Dulhania Le Jayenge||1995,Dilwale Dulhania Le Jayenge,1995,274258,Title (YEAR film)
Every-Night Dreams||1933,Every-Night Dreams,1933,37554282,Title
Street Without End||1934,Street Without End,1934,66481766,Title
Mangrove||2020,Mangrove,2020,64179488,Title (film)
Jane Austen Wrecked My Life||2025,Jane Austen Wrecked My Life,2025,77791089,Title
The Spirit of the Beehive||1973,The Spirit of the Beehive,1973,1583660,Title
The Day a Pig Fell Into the Well||1996,The Day a Pig Fell Into the Well,1996,3603641,Title (film)
Carnival of Souls||1962,Carnival of Souls,1962,1100688,Title (YEAR film)
Madonna: Truth or Dare||1991,Madonna: Truth or Dare,1991,5461236,Title
By the Stream||2024,By the Stream,2024,77327003,Title
Our Sunhi||2013,Our Sunhi,2013,40284801,Title
Prom Night||1980,Prom Night,1980,2497347,Title (YEAR film)
"Suddenly, Last Summer||1959","Suddenly, Last Summer",1959,7771844,Title (film)
I Accuse!||1958,I Accuse!,1958,22811714,Title
The Prowler||1981,The Prowler,1981,9489391,Title (YEAR film)
Diabolique||1955,Diabolique,1955,152749,Title (YEAR film)
The Lost Boys||1987,The Lost Boys,1987,673472,Title (film)
The Phantom of the Opera||1925,The Phantom of the Opera,1925,308930,Title (YEAR film)
Possession||1981,Possession,1981,5542682,Title (YEAR film)
Simple Men||1992,Simple Men,1992,6394318,Title
The Unbelievable Truth||1990,The Unbelievable Truth,1990,7760868,Title (film)
I Know What You Did Last Summer||1997,I Know What You Did Last Summer,1997,255049,Title (YEAR film)
Trust||1990,Trust,1990,4056928,Title (YEAR film)
The Fog||1980,The Fog,1980,1443093,Title (YEAR film)
Mad Monster Party?||1967,Mad Monster Party?,1967,7392111,Title
The Crowd||1928,The Crowd,1928,928593,Title (YEAR film)
The Devil's Backbone||2001,The Devil's Backbone,2001,5523710,Title
Child's Play 2||1990,Child's Play 2,1990,534812,Title
Gods and Monsters||1998,Gods and Monsters,1998,171555,Title (film)
Days of Wine and Roses||1963,Days of Wine and Roses,1963,161866,Title (film)
Moment of Terror||1966,Moment of Terror,1966,2513971,search
E.T. the Extra-Terrestrial||1982,E.T. the Extra-Terrestrial,1982,73441,Title
The Tender Bar||2021,The Tender Bar,2021,66061508,Title (film)
Hotel Transylvania||2012,Hotel Transylvania,2012,31327794,Title (YEAR film)
The Odd Couple||1968,The Odd Couple,1968,6492614,Title (film)
A Girl Walks Home Alone at Night||2014,A Girl Walks Home Alone at Night,2014,41301968,Title
The Woman Who Ran||2020,The Woman Who Ran,2020,63110771,Title
Jonathan||1970,Jonathan,1970,38024097,Title (YEAR film)
Lady Dracula||1977,Lady Dracula,1977,62067684,Title
A Nightmare on Elm Street 3: Dream Warriors||1987,A Nightmare on Elm Street 3: Dream Warriors,1987,3037946,Title
Ghostbusters||1984,Ghostbusters,1984,205013,Title (YEAR film)
Tenderness of the Wolves||1973,Tenderness of the Wolves,1973,27249473,search
Tigers Are Not Afraid||2017,Tigers Are Not Afraid,2017,61595904,Title (film)
Candyman||2021,Candyman,2021,62150510,Title (YEAR film)
The Witches of Eastwick||1987,The Witches of Eastwick,1987,5526366,Title (film)
Oddity||2024,Oddity,2024,76591225,Title (film)
Mandy||2018,Mandy,2018,56359151,Title (YEAR film)
Wolf||1994,Wolf,1994,686022,Title (YEAR film)
Elvira: Mistress of the Dark||1988,Elvira: Mistress of the Dark,1988,4227273,Title (film)
Copycat||1995,Copycat,1995,3154773,Title (YEAR film)
Scary Movie||2000,Scary Movie,2000,277667,Title (YEAR film)
Arsenic and Old Lace||1944,Arsenic and Old Lace,1944,787704,Title (film)
Ginza Cosmetics||1951,Ginza Cosmetics,1951,31731713,Title
Sinners||2025,Sinners,2025,75895455,Title (YEAR film)
The Song Lantern||1943,The Song Lantern,1943,72076809,Title
Fairyland||2023,Fairyland,2023,71693627,Title (film)
A Hard Day's Night||1964,A Hard Day's Night,1964,248601,Title (film)
"Learn from Experience, Part Two||1937","Learn from Experience, Part Two",1937,3825974,search
Halloween II||2009,Halloween II,2009,20736730,Title (YEAR film)
6-A Akash Ganga||2023,6-A Akash Ganga,2023,2725075,search
The Thomas Crown Affair||1968,The Thomas Crown Affair,1968,2367145,Title (YEAR film)
The Girl in the Rumor||1935,The Girl in the Rumor,1935,66400499,Title
The Wiser Age||1962,The Wiser Age,1962,950929,search
Au Hasard Balthazar||1966,Au Hasard Balthazar,1966,1885499,Title
Love Story||1970,Love Story,1970,99461,Title (YEAR film)
Let Us Live||1939,Let Us Live,1939,33000092,Title
Washington Merry-Go-Round||1932,Washington Merry-Go-Round,1932,39674347,Title (film)
Saturday Night Fever||1977,Saturday Night Fever,1977,54175,Title
The Brave Bulls||1951,The Brave Bulls,1951,48139564,Title (film)
Amar Akbar Anthony||1977,Amar Akbar Anthony,1977,1205729,Title (YEAR film)
The Grapes of Wrath||1940,The Grapes of Wrath,1940,4350811,Title (film)
You've Got Mail||1998,You've Got Mail,1998,158982,Title (film)
Network||1976,Network,1976,101935,Title (YEAR film)
Mysterious Intruder||1946,Mysterious Intruder,1946,39976667,Title
Ladies in Retirement||1941,Ladies in Retirement,1941,10872789,Title
Gunman's Walk||1958,Gunman's Walk,1958,32812378,Title
Thunderhoof||1948,Thunderhoof,1948,63526212,Title (film)
Smoke Signals||1998,Smoke Signals,1998,1469880,Title (film)
Home Alone||1990,Home Alone,1990,216072,Title (film)
Josie and the Pussycats||2001,Josie and the Pussycats,2001,754323,Title (film)
Child's Play||1988,Child's Play,1988,534792,Title (YEAR film)
Poltergeist III||1988,Poltergeist III,1988,3316533,Title
The Visit||2015,The Visit,2015,43633622,search
Where the Wild Things Are||2009,Where the Wild Things Are,2009,3677015,Title (film)
The Untouchables||1987,The Untouchables,1987,3842730,Title (YEAR film)
The Fugitive||1993,The Fugitive,1993,1822067,Title (YEAR film)
Trap||2024,Trap,2024,71946032,Title (YEAR film)
Call Northside 777||1948,Call Northside 777,1948,1611590,Title
Boyhood||2014,Boyhood,2014,11055577,Title (YEAR film)
Love Jones||1997,Love Jones,1997,2812852,Title (YEAR film)
About Last Night...||1986,About Last Night...,1986,936787,search
Cooley High||1975,Cooley High,1975,1692374,Title
Master and Commander: The Far Side of the World||2003,Master and Commander: The Far Side of the World,2003,370858,Title
Myra Breckinridge||1970,Myra Breckinridge,1970,6782517,Title (film)
Nirvanna the Band the Show the Movie||2026,Nirvanna the Band the Show the Movie,2026,75165538,Title
Blue Moon||2025,Blue Moon,2025,77178873,Title (YEAR film)
High Fidelity||2000,High Fidelity,2000,160047,Title (film)
Jupiter Ascending||2015,Jupiter Ascending,2015,37599043,Title (film)
Nimona||2023,Nimona,2023,70090285,Title (YEAR film)
8 Women||2002,8 Women,2002,2594435,Title
Carol||2015,Carol,2015,39562051,Title (YEAR film)
Yi Yi||2000,Yi Yi,2000,3710372,Title (YEAR film)
Commando||1985,Commando,1985,230483,Title (YEAR film)
Demolition Man||1993,Demolition Man,1993,548669,Title (film)
Resurrection||2025,Resurrection,2025,79910828,Title (YEAR film)
None Shall Escape||1944,None Shall Escape,1944,9742232,Title
First Reformed||2018,First Reformed,2018,54729955,Title (film)
We're No Angels||1955,We're No Angels,1955,3585054,Title (YEAR film)
Tokyo Godfathers||2003,Tokyo Godfathers,2003,981874,Title
We're No Angels||1989,We're No Angels,1989,10587298,Title (YEAR film)
My Sister Eileen||1942,My Sister Eileen,1942,24067673,Title (YEAR film)
Together Again||1944,Together Again,1944,27533931,Title (film)
Don't Open Till Christmas||1984,Don't Open Till Christmas,1984,25502856,Title
Striptease||1996,Striptease,1996,18943833,Title (YEAR film)
The Librarians||2025,The Librarians,2025,79003235,Title (YEAR film)
Women's Prison||1955,Women's Prison,1955,33055398,Title (YEAR film)
Pickup||1951,Pickup,1951,37126793,Title (YEAR film)
Pumping Iron||1977,Pumping Iron,1977,83448,Title
Hysteria||2025,Hysteria,2025,78930639,Title (YEAR film)
Kill Bill: The Whole Bloody Affair||2011,Kill Bill: The Whole Bloody Affair,2011,81317584,Title
Emma.||2020,Emma.,2020,58910666,Title (YEAR film)
Pride & Prejudice||2005,Pride & Prejudice,2005,2312056,Title (YEAR film)
Metropolitan||1990,Metropolitan,1990,3493786,Title (YEAR film)
All the President's Men||1976,All the President's Men,1976,3876620,Title (film)
The Santa Clause||1994,The Santa Clause,1994,144415,Title
Three Days of the Condor||1975,Three Days of the Condor,1975,470185,Title
A Face in the Crowd||1957,A Face in the Crowd,1957,2019404,Title (film)
The Natural||1984,The Natural,1984,11213660,Title (film)
Butch Cassidy and the Sundance Kid||1969,Butch Cassidy and the Sundance Kid,1969,99031,Title
Charlie's Angels: Full Throttle||2003,Charlie's Angels: Full Throttle,2003,256337,Title
The Hot Rock||1972,The Hot Rock,1972,5080099,Title (film)
The Candidate||1972,The Candidate,1972,3232438,Title (YEAR film)
The Electric Horseman||1979,The Electric Horseman,1979,2022395,Title
Jeremiah Johnson||1972,Jeremiah Johnson,1972,649482,Title (film)
White Christmas||1954,White Christmas,1954,2817162,Title (YEAR film)
Downhill Racer||1969,Downhill Racer,1969,6168251,Title
Ordinary People||1980,Ordinary People,1980,106335,Title (YEAR film)
Brazil||1985,Brazil,1985,74537,Title (YEAR film)
Charade||1963,Charade,1963,899442,Title (YEAR film)
Rocky IV||1985,Rocky IV,1985,104984,Title
Die Hard: With a Vengeance||1995,Die Hard: With a Vengeance,1995,357473,Title
The Thin Man||1934,The Thin Man,1934,61175,Title (film)
After the Thin Man||1936,After the Thin Man,1936,144637,Title (film)
Batman||1989,Batman,1989,4726,Title (YEAR film)
The Monkey||2025,The Monkey,2025,73762796,Title (film)
The Mastermind||2025,The Mastermind,2025,78207619,Title (YEAR film)
Final Destination Bloodlines||2025,Final Destination Bloodlines,2025,68017316,Title
Henry: Portrait of a Serial Killer||1986,Henry: Portrait of a Serial Killer,1986,1141596,Title
How to Train Your Dragon||2010,How to Train Your Dragon,2010,18394730,Title (YEAR film)
Bugonia||2025,Bugonia,2025,76136533,Title (film)
The Painter and the Thief||2020,The Painter and the Thief,2020,64103121,Title
Eddington||2025,Eddington,2025,75843768,Title (film)
Occupied City||2023,Occupied City,2023,69701238,Title
Sisters||1973,Sisters,1973,1519886,Title (YEAR film)
Amrum||2025,Amrum,2025,79548502,Title (film)
Familiar Touch||2025,Familiar Touch,2025,77753484,Title
Fréwaka||2025,Fréwaka,2025,81078400,Title
Weapons||2025,Weapons,2025,73248680,Title (YEAR film)
"Sorry, Baby||2025","Sorry, Baby",2025,78578409,Title (YEAR film)
Stalker||1979,Stalker,1979,286266,Title (YEAR film)
Among Neighbors||2024,Among Neighbors,2024,83535228,Title (film)
Misericordia||2024,Misericordia,2024,76603314,Title (YEAR film)
Die My Love||2025,Die My Love,2025,77177879,Title
If I Had Legs I'd Kick You||2025,If I Had Legs I'd Kick You,2025,76020898,Title
Nouvelle Vague||2025,Nouvelle Vague,2025,76269453,Title (YEAR film)
Who Framed Roger Rabbit||1988,Who Framed Roger Rabbit,1988,76018,Title (film)
Vulcanizadora||2025,Vulcanizadora,2025,77247074,Title
Crossing Delancey||1988,Crossing Delancey,1988,954902,Title
Frankenstein||2025,Frankenstein,2025,73297429,Title (YEAR film)
Blow-Up||1966,Blow-Up,1966,448385,Title (film)
One of Them Days||2025,One of Them Days,2025,77358498,Title
Happyend||2025,Happyend,2025,77550744,Title
Certified Copy||2010,Certified Copy,2010,26968376,Title (film)
Cloud||2024,Cloud,2024,77246399,Title (film)
L'Avventura||1960,L'Avventura,1960,330874,Title
A Bay of Blood||1971,A Bay of Blood,1971,4136530,Title
Splitsville||2025,Splitsville,2025,78277967,Title (film)
Put Your Soul on Your Hand and Walk||2025,Put Your Soul on Your Hand and Walk,2025,79735756,Title
Slap Shot||1977,Slap Shot,1977,1412408,Title (film)
Train Dreams||2025,Train Dreams,2025,76032207,Title (film)
Fear and Desire||1953,Fear and Desire,1953,543517,Title
The History of Sound||2025,The History of Sound,2025,69227350,Title
Peter Hujar's Day||2025,Peter Hujar's Day,2025,78577080,Title
Star Wars: Episode III - Revenge of the Sith||2005,Star Wars: Episode III - Revenge of the Sith,2005,55447,Title
An Unfinished Film||2024,An Unfinished Film,2024,76826415,Title
My Man Godfrey||1936,My Man Godfrey,1936,74979,Title (YEAR film)
Wake Up Dead Man: A Knives Out Mystery||2025,Wake Up Dead Man: A Knives Out Mystery,2025,67267207,Title (YEAR film)
The Defiant Ones||1958,The Defiant Ones,1958,92642,Title (film)
Red Desert||1964,Red Desert,1964,1833819,Title (film)
Safe||1995,Safe,1995,2021218,Title (YEAR film)
Gothic||1987,Gothic,1987,992455,Title (film)
Sholay||1975,Sholay,1975,648216,Title (YEAR film)
City of Hope||1991,City of Hope,1991,10479762,Title (YEAR film)
Partner||1968,Partner,1968,39145444,Title (YEAR film)
The Hunger||1983,The Hunger,1983,1139763,Title (YEAR film)
Taste of Cherry||1997,Taste of Cherry,1997,1873693,Title (film)
Woman of the Year||1942,Woman of the Year,1942,76641,Title (YEAR film)
"Now, Voyager||1942","Now, Voyager",1942,180993,Title
Dangerous Liaisons||1988,Dangerous Liaisons,1988,75933,Title
Trouble Sleep||2020,Trouble Sleep,2020,27909271,search
Eve's Bayou||1997,Eve's Bayou,1997,2159438,Title
Trolls||2016,Trolls,2016,37935799,Title (film)
Le Amiche||1955,Le Amiche,1955,12710627,Title
A Man Named John||1965,A Man Named John,1965,19064014,Title
Crimson Peak||2015,Crimson Peak,2015,39031627,Title (film)
Barb Wire||1996,Barb Wire,1996,4506211,Title (YEAR film)
Sparrows||1926,Sparrows,1926,13613782,Title (YEAR film)
Mary Poppins||1964,Mary Poppins,1964,77856,Title (YEAR film)
Paths of Glory||1957,Paths of Glory,1957,23255,Title (film)
Beauty and the Beast||1991,Beauty and the Beast,1991,133462,Title (YEAR film)
Lilies of the Field||1963,Lilies of the Field,1963,97734,Title (YEAR film)
The Lion King||1994,The Lion King,1994,88678,Title (YEAR film)
"What's Up, Doc?||1972","What's Up, Doc?",1972,1159860,Title (YEAR film)
Encanto||2021,Encanto,2021,62975109,Title (YEAR film)
Holding Liat||2025,Holding Liat,2025,79301703,Title
The Bad Seed||1956,The Bad Seed,1956,7657211,Title (YEAR film)
Lolita||1962,Lolita,1962,1488066,Title (YEAR film)
The Others||2001,The Others,2001,1267713,Title (YEAR film)
The Dead Thing||2025,The Dead Thing,2025,78177067,Title
Colette and Justin||2022,Colette and Justin,2022,14941280,search
From Beyond||1986,From Beyond,1986,5283093,Title (film)
Sleepy Hollow||1999,Sleepy Hollow,1999,55601,Title (film)
Punching the World||2025,Punching the World,2025,79121904,Title
All God's Children||2024,All God's Children,2024,113463,search
A Raisin in the Sun||1961,A Raisin in the Sun,1961,1676837,Title (YEAR film)
Pressure Point||1962,Pressure Point,1962,23624370,Title (YEAR film)
Waiting for Guffman||1996,Waiting for Guffman,1996,706860,Title
Little Miss Sunshine||2006,Little Miss Sunshine,2006,7047921,Title (film)
Almost Famous||2000,Almost Famous,2000,431562,Title
A Woman of the World||1925,A Woman of the World,1925,25616609,Title
Surviving the Game||1994,Surviving the Game,1994,3417075,Title
Annie Hall||1977,Annie Hall,1977,66870,Title
The Fiancés||1963,The Fiancés,1963,3645672,search
Il Posto||1961,Il Posto,1961,3645663,Title
Modern Romance||1981,Modern Romance,1981,3161156,Title (film)
The Sheltering Sky||1990,The Sheltering Sky,1990,19775805,Title (film)
Mary Shelley's Frankenstein||1994,Mary Shelley's Frankenstein,1994,1246394,Title (YEAR film)
The Philadelphia Story||1940,The Philadelphia Story,1940,62592,Title (film)
The Holdovers||2023,The Holdovers,2023,70173604,Title
Can She Bake a Cherry Pie?||1983,Can She Bake a Cherry Pie?,1983,23289657,Title
Meet John Doe||1941,Meet John Doe,1941,2462689,Title
Smokey and the Bandit||1977,Smokey and the Bandit,1977,844078,Title (film)
Night of the Living Dead||1968,Night of the Living Dead,1968,30275,Title (YEAR film)
The Car||1977,The Car,1977,2938431,Title (YEAR film)
Friday the 13th Double Feature||1993,Friday the 13th Double Feature,1993,168958,search
The Peanuts Movie||2015,The Peanuts Movie,2015,39367067,Title (film)
Pat and Mike||1952,Pat and Mike,1952,2731103,Title
Desk Set||1957,Desk Set,1957,165106,Title (film)
The Hudsucker Proxy||1994,The Hudsucker Proxy,1994,170858,Title
Saturday the 14th||1981,Saturday the 14th,1981,9693961,Title
The Lion in Winter||1968,The Lion in Winter,1968,7870124,Title (YEAR film)
On Golden Pond||1981,On Golden Pond,1981,15119799,Title (YEAR film)
Blackmail||1929,Blackmail,1929,1237381,Title (YEAR film)
Footloose||1984,Footloose,1984,877743,Title (YEAR film)
The Thin Blue Line||1988,The Thin Blue Line,1988,597576,Title (YEAR film)
Bringing Up Baby||1938,Bringing Up Baby,1938,73376,Title
Monsoon Wedding||2001,Monsoon Wedding,2001,940565,Title (YEAR film)
Double Indemnity||1944,Double Indemnity,1944,73438,Title (YEAR film)
Exorcist II: The Heretic||1977,Exorcist II: The Heretic,1977,571383,Title
Finding Nemo||2003,Finding Nemo,2003,239587,Title (film)
The Texas Chainsaw Massacre 2||1986,The Texas Chainsaw Massacre 2,1986,397753,Title
The Devil's Rejects||2005,The Devil's Rejects,2005,2063141,Title
Mirrors No. 3||2025,Mirrors No. 3,2025,79836490,Title
André Is an Idiot||2026,André Is an Idiot,2026,81977450,Title
One-Eyed Jacks||1961,One-Eyed Jacks,1961,418252,Title
Paddington||2014,Paddington,2014,40525118,Title (YEAR film)
Paddington 2||2017,Paddington 2,2017,52019421,Title
Best in Show||2000,Best in Show,2000,587507,Title (film)
Mudbound||2017,Mudbound,2017,50355187,Title (film)
Tank Girl||1995,Tank Girl,1995,9415710,Title (film)
Pale Flower||1964,Pale Flower,1964,30871010,Title
Nadja||1995,Nadja,1995,2812082,Title (film)
Ichi the Killer||2001,Ichi the Killer,2001,311179,Title (film)
Bud Abbott and Lou Costello Meet Frankenstein||1948,Bud Abbott and Lou Costello Meet Frankenstein,1948,68082,Title
The Boy with Green Hair||1948,The Boy with Green Hair,1948,7595972,Title
Cronos||1993,Cronos,1993,3080704,Title (film)
Double Suicide||1969,Double Suicide,1969,3644578,Title (YEAR film)
Captive's Island||1966,Captive's Island,1966,51934666,Title
Full Metal Jacket||1987,Full Metal Jacket,1987,11701,Title (film)
History of the World: Part I||1981,History of the World: Part I,1981,442668,Title
The Shawshank Redemption||1994,The Shawshank Redemption,1994,30625,Title (YEAR film)
FernGully: The Last Rainforest||1992,FernGully: The Last Rainforest,1992,2108776,Title
Bending the Arc||2017,Bending the Arc,2017,53781076,Title
White Material||2010,White Material,2010,26825116,Title
The Turin Horse||2011,The Turin Horse,2011,24143556,Title
The Thing from Another World||1951,The Thing from Another World,1951,76387,Title
Up||2009,Up,2009,11659396,Title (YEAR film)
Pavements||2025,Pavements,2025,72475347,Title (film)
The Quiet Family||1998,The Quiet Family,1998,3611352,Title
Annihilation||2018,Annihilation,2018,46654061,Title (YEAR film)
Werckmeister Harmonies||2001,Werckmeister Harmonies,2001,3342195,Title
The Dark Crystal||1982,The Dark Crystal,1982,348292,Title (film)
Labyrinth||1986,Labyrinth,1986,177906,Title (YEAR film)
Jackie Brown||1997,Jackie Brown,1997,394792,Title (YEAR film)
Galaxy Quest||1999,Galaxy Quest,1999,13149,Title
High Anxiety||1977,High Anxiety,1977,442675,Title
The Right Stuff||1983,The Right Stuff,1983,113442,Title (YEAR film)
Saving Face||2004,Saving Face,2004,2812718,Title (YEAR film)
The Half of It||2020,The Half of It,2020,60562903,Title
Everyone Is Lying to You for Money||2026,Everyone Is Lying to You for Money,2026,82972039,Title
Damnation||1988,Damnation,1988,6482317,Title (film)
Assassination||1964,Assassination,1964,8088017,Title (YEAR film)
Body Snatchers||1993,Body Snatchers,1993,5735467,Title (YEAR film)
Satantango||1994,Satantango,1994,4340438,Title (film)
Aliens||1986,Aliens,1986,213472,Title (YEAR film)
The Day of the Triffids||1963,The Day of the Triffids,1963,5832380,Title (YEAR film)
The Producers||1968,The Producers,1968,76030,Title (YEAR film)
A.I. Artificial Intelligence||2001,A.I. Artificial Intelligence,2001,142224,Title
Requiem for a Dream||2000,Requiem for a Dream,2000,23830211,Title (film)
Spaceballs||1987,Spaceballs,1987,75222,Title (film)
The House with Laughing Windows||1976,The House with Laughing Windows,1976,7854762,Title
Santa Sangre||1989,Santa Sangre,1989,1064537,Title
"Steal This Story, Please!||2026","Steal This Story, Please!",2026,81593884,Title
The Wedding Singer||1998,The Wedding Singer,1998,454655,Title
A Lizard in a Woman's Skin||1971,A Lizard in a Woman's Skin,1971,8600276,Title
Hollywood Shuffle||1987,Hollywood Shuffle,1987,2973523,Title
The Double Life of Véronique||1991,The Double Life of Véronique,1991,733176,Title
The Passion of Joan of Arc||1928,The Passion of Joan of Arc,1928,457561,Title
Barfly||1987,Barfly,1987,1722535,Title (film)
The Terminator||1984,The Terminator,1984,30327,Title (YEAR film)
A Simple Plan||1998,A Simple Plan,1998,6233638,Title (film)
The Taste of Tea||2004,The Taste of Tea,2004,9065304,Title
Eyes of the Spider||1998,Eyes of the Spider,1998,146947,search
The Gift||2000,The Gift,2000,1312584,Title (YEAR film)
Double Feature: Ed Wood / Plan 9 from Outer Space||1957,Double Feature: Ed Wood / Plan 9 from Outer Space,1957,18491946,search
Freaky Friday||1976,Freaky Friday,1976,7533357,Title (YEAR film)
The Computer Wore Tennis Shoes||1969,The Computer Wore Tennis Shoes,1969,5453739,Title
Persona||1966,Persona,1966,667945,Title (YEAR film)
Escape from New York||1981,Escape from New York,1981,9835,Title
Solaris||1972,Solaris,1972,20181213,Title (YEAR film)
The Blair Witch Project||1999,The Blair Witch Project,1999,18841979,Title
Black Swan||2010,Black Swan,2010,24480838,Title (film)
The Princess Diaries||2001,The Princess Diaries,2001,564986,Title (film)
Trees Lounge||1996,Trees Lounge,1996,2547388,Title
Cecil B. Demented||2000,Cecil B. Demented,2000,1039414,Title
Double Feature: Evil Dead (2013) / Evil Dead Rise||2013,Double Feature: Evil Dead (2013) / Evil Dead Rise,2013,76494133,search
Ready to Rumble||2000,Ready to Rumble,2000,2216322,Title
An American in Paris||1951,An American in Paris,1951,1587300,Title (film)
Kings of the Road||1976,Kings of the Road,1976,8862350,Title
Ghost World||2001,Ghost World,2001,20179720,Title (film)
Massacre at Central High||1976,Massacre at Central High,1976,4220213,Title
Doctor Strange in the Multiverse of Madness||2022,Doctor Strange in the Multiverse of Madness,2022,59353603,Title
Body Slam||1986,Body Slam,1986,24160921,Title (film)
Zindagi Na Milegi Dobara||2011,Zindagi Na Milegi Dobara,2011,29525315,Title
The Fox and the Hound||1981,The Fox and the Hound,1981,1371138,Title (YEAR film)
Bugsy Malone||1976,Bugsy Malone,1976,307158,Title
Miss Julie||1951,Miss Julie,1951,8744262,Title (YEAR film)
The Piano Teacher||2001,The Piano Teacher,2001,846828,Title (YEAR film)
The Bad News Bears||1976,The Bad News Bears,1976,464128,Title (YEAR film)
Used Cars||1980,Used Cars,1980,1640125,Title (YEAR film)
Jurassic Park||1993,Jurassic Park,1993,68485,Title (film)
Carny||1980,Carny,1980,15452919,Title (YEAR film)
The General||1926,The General,1926,68388,Title (YEAR film)
Baby Boy||2001,Baby Boy,2001,156558,Title (YEAR film)
Native Son||1951,Native Son,1951,9879767,Title (YEAR film)
Irma Vep||1996,Irma Vep,1996,326124,Title
The Lavender Hill Mob||1951,The Lavender Hill Mob,1951,156632,Title
Move Ya Body: The Birth of House||2025,Move Ya Body: The Birth of House,2025,78877930,Title
The Stunt Man||1980,The Stunt Man,1980,164395,Title
Drag Me to Hell||2009,Drag Me to Hell,2009,20469278,Title
Babystar||2026,Babystar,2026,79959824,search
Before Sunrise||1995,Before Sunrise,1995,63401571,Title (film)
Before Sunset||2004,Before Sunset,2004,805120,Title (film)
Space Jam||1996,Space Jam,1996,265033,Title (YEAR film)
From Dusk Till Dawn||1996,From Dusk Till Dawn,1996,447299,Title (film)
Malcolm X||1992,Malcolm X,1992,300972,Title (YEAR film)
Major League||1989,Major League,1989,685987,Title (film)
Bitter Rice||1949,Bitter Rice,1949,2461103,Title
Terrifier 2||2022,Terrifier 2,2022,61809773,Title
Killer Klowns from Outer Space||1988,Killer Klowns from Outer Space,1988,1249019,Title
"The Adventures of Priscilla, Queen of the Desert||1994","The Adventures of Priscilla, Queen of the Desert",1994,482882,Title
Breakdown||1997,Breakdown,1997,1730420,Title (YEAR film)
Flightplan||2005,Flightplan,2005,2008863,Title (film)
Desert Hearts||1985,Desert Hearts,1985,7313414,Title
Rose of Nevada||2026,Rose of Nevada,2026,79157961,Title
Beautiful Thing||1996,Beautiful Thing,1996,34043061,Title (film)
The Prestige||2006,The Prestige,2006,2809621,Title (YEAR film)
Macho Dancer||1989,Macho Dancer,1989,6772810,Title (film)
Hedwig and the Angry Inch||2001,Hedwig and the Angry Inch,2001,15782460,Title (film)
Xanadu||1980,Xanadu,1980,317873,Title (film)
Bull Durham||1988,Bull Durham,1988,670386,Title
House of 1000 Corpses||2003,House of 1000 Corpses,2003,307789,Title
It Chapter Two||2019,It Chapter Two,2019,50733124,Title (YEAR film)
Django||1966,Django,1966,3586028,Title (YEAR film)
Contact||1997,Contact,1997,422269,search
The Wiz||1978,The Wiz,1978,8711666,Title (film)
Catch Me If You Can||2002,Catch Me If You Can,2002,215873,Title (YEAR film)
Coming to America||1988,Coming to America,1988,54540,Title (film)
Overboard||1987,Overboard,1987,2209172,Title (YEAR film)
American Psycho||2000,American Psycho,2000,4846576,Title (film)
Sommersby||1993,Sommersby,1993,977671,Title
Saving Private Ryan||1998,Saving Private Ryan,1998,28269,Title
Dunkirk||2017,Dunkirk,2017,48936686,Title (YEAR film)
Miss Congeniality||2000,Miss Congeniality,2000,19715,Title (film)
"Summer of Soul (...Or, When the Revolution Could Not Be Televised)||2021","Summer of Soul (...Or, When the Revolution Could Not Be Televised)",2021,66623644,Title
Superbad||2007,Superbad,2007,6254878,Title (film)
Take Me Out to the Ball Game||1949,Take Me Out to the Ball Game,1949,17519548,Title (film)
Alfie||1966,Alfie,1966,98503,Title (YEAR film)
Drunken Tai Chi||1984,Drunken Tai Chi,1984,11038654,Title
John Wick: Chapter 4||2023,John Wick: Chapter 4,2023,61747554,Title
Alien³||1992,Alien³,1992,213251,Title (film)
Fire in the Sky||1993,Fire in the Sky,1993,722551,Title
The Hateful Eight||2015,The Hateful Eight,2015,43308964,Title
Carnage||2011,Carnage,2011,30885871,Title (YEAR film)
Terminator 2: Judgment Day||1991,Terminator 2: Judgment Day,1991,34344124,Title (film)
SPL: Kill Zone||2005,SPL: Kill Zone,2005,3819605,search
Invasion of the Saucer Men||1957,Invasion of the Saucer Men,1957,8731626,Title
The Seven Year Itch||1955,The Seven Year Itch,1955,763753,Title (film)
Fly Me to the Moon||2024,Fly Me to the Moon,2024,70438308,Title (YEAR film)
Cool Hand Luke||1967,Cool Hand Luke,1967,161897,Title
Ask E. Jean||2026,Ask E. Jean,2026,80914286,Title (film)
The Man Who Shot Liberty Valance||1962,The Man Who Shot Liberty Valance,1962,434089,Title
Repo Man||1984,Repo Man,1984,26541,Title (YEAR film)
Minority Report||2002,Minority Report,2002,142049,Title (YEAR film)
Cisco Pike||1972,Cisco Pike,1972,15203301,Title
Tenet||2020,Tenet,2020,59770239,Title (YEAR film)
UFOria||1984,UFOria,1984,2918501,Title
Lucky||2017,Lucky,2017,51992470,search
Death Watch||1980,Death Watch,1980,2414949,Title
Fear Strikes Out||1957,Fear Strikes Out,1957,6048532,Title
Christine||1983,Christine,1983,2071077,Title (YEAR film)
Mars Attacks!||1996,Mars Attacks!,1996,3565461,Title
The Last Temptation of Christ||1988,The Last Temptation of Christ,1988,7832768,Title (film)
The Faculty||1998,The Faculty,1998,308430,Title (film)
Pretty in Pink||1986,Pretty in Pink,1986,454223,Title (film)
State of Firsts||2026,State of Firsts,2026,80743768,Title (film)
The Asphalt Jungle||1950,The Asphalt Jungle,1950,894179,Title
Communion||1989,Communion,1989,9358857,Title (YEAR film)
Invasion of the Body Snatchers||1978,Invasion of the Body Snatchers,1978,5735396,Title (YEAR film)
Howard the Duck||1986,Howard the Duck,1986,6551171,Title (film)
Gentlemen Prefer Blondes||1953,Gentlemen Prefer Blondes,1953,418598,Title (YEAR film)
Chang: A Drama of the Wilderness||1927,Chang: A Drama of the Wilderness,1927,42861,Title
The Prince and the Showgirl||1957,The Prince and the Showgirl,1957,1997332,Title
The Misfits||1961,The Misfits,1961,1134155,Title (YEAR film)
The Mask||1994,The Mask,1994,1485962,Title (YEAR film)
Clash of the Titans||1981,Clash of the Titans,1981,948548,Title (YEAR film)
West Side Story||1961,West Side Story,1961,4608223,Title (YEAR film)
Mikey and Nicky||1976,Mikey and Nicky,1976,3446656,Title
Dark Angel||1990,Dark Angel,1990,9963622,Title (YEAR film)
Love in the Afternoon||1972,Love in the Afternoon,1972,5216578,Title (YEAR film)
Midnight in the Garden of Good and Evil||1997,Midnight in the Garden of Good and Evil,1997,14307697,Title (film)
Zardoz||1974,Zardoz,1974,149928,Title
Cabaret||1972,Cabaret,1972,236691,Title (YEAR film)
The Piano||1993,The Piano,1993,133688,Title (film)
The Heart of the Matter||1953,The Heart of the Matter,1953,7739227,Title (film)
Manhunter||1986,Manhunter,1986,600235,Title (YEAR film)
The Band Wagon||1953,The Band Wagon,1953,73366,Title
The Lord of the Rings: The Two Towers||2002,The Lord of the Rings: The Two Towers,2002,173944,Title (YEAR film)
Our Man in Havana||1960,Our Man in Havana,1960,11588549,Title (film)
The Stranger's Hand||1954,The Stranger's Hand,1954,39545816,Title
Sleepaway Camp II: Unhappy Campers||1988,Sleepaway Camp II: Unhappy Campers,1988,4133151,Title
"Triple Feature: Malkovich, Malkovich, Malkovich!||1988","Triple Feature: Malkovich, Malkovich, Malkovich!",1988,44122,search
Ministry of Fear||1944,Ministry of Fear,1944,2522946,Title
Invaders from Mars||1953,Invaders from Mars,1953,2393932,Title (YEAR film)
Went the Day Well?||1942,Went the Day Well?,1942,2044745,Title
Tokyo Story||1953,Tokyo Story,1953,846336,Title
The Cycle of Love||2026,The Cycle of Love,2026,80921228,Title
"Good Night, and Good Luck.||2005","Good Night, and Good Luck.",2005,2663129,Title
Akira||1988,Akira,1988,605939,Title (YEAR film)
Bicycle Thieves||1948,Bicycle Thieves,1948,642744,Title (YEAR film)
The Third Man||1949,The Third Man,1949,71473,Title (film)
Allegro non troppo||1976,Allegro non troppo,1976,4562372,Title
The Fallen Idol||1948,The Fallen Idol,1948,2221107,Title (film)
The Lord of the Rings: The Return of the King||2003,The Lord of the Rings: The Return of the King,2003,174251,Title (film)
Brighton Rock||1948,Brighton Rock,1948,10972714,Title (YEAR film)
Desperate Living||1977,Desperate Living,1977,1328188,Title
Persepolis||2007,Persepolis,2007,11347793,Title (film)
Metropolis||2001,Metropolis,2001,6198415,Title (YEAR film)
The Fugitive||1947,The Fugitive,1947,2666581,Title (YEAR film)
Working Girls||1987,Working Girls,1987,6163214,search
Killer of Sheep||1978,Killer of Sheep,1978,74848,Title
True Stories||1986,True Stories,1986,1138831,Title (film)
Welcome to the Dollhouse||1996,Welcome to the Dollhouse,1996,2298338,Title (film)
Ghost in the Shell||1995,Ghost in the Shell,1995,3228403,Title (YEAR film)
Silvestre||1982,Silvestre,1982,48435044,Title (film)
Berlin Hero||2025,Berlin Hero,2025,242104,search
Citizen Kane||1941,Citizen Kane,1941,5224,Title
Harold and Maude||1971,Harold and Maude,1971,13290,Title
Shrek||2001,Shrek,2001,18717177,Title (YEAR film)
The Lives of Others||2006,The Lives of Others,2006,5454803,Title
The Godfather||1972,The Godfather,1972,2466773,Title (YEAR film)
The Jerk||1979,The Jerk,1979,179044,Title (film)
The Goonies||1985,The Goonies,1985,89631,Title
Lenny||1974,Lenny,1974,64291,Title (film)
Sleeping Dogs||1978,Sleeping Dogs,1978,10030670,search
Travels with My Aunt||1972,Travels with My Aunt,1972,20867795,Title (film)
Hunt for the Wilderpeople||2016,Hunt for the Wilderpeople,2016,49200910,Title
For Heaven's Sake||1926,For Heaven's Sake,1926,5045155,Title (YEAR film)
Hovering Over the Water||2013,Hovering Over the Water,2013,81754609,Title
East of Eden||1955,East of Eden,1955,290970,Title (YEAR film)
Dead Calm||1989,Dead Calm,1989,697868,Title (film)
Event Horizon||1997,Event Horizon,1997,29320113,Title (film)
CODA||2021,CODA,2021,66255918,Title (YEAR film)
In the Mouth of Madness||1995,In the Mouth of Madness,1995,343684,Title (film)
Romy and Michele's High School Reunion||1997,Romy and Michele's High School Reunion,1997,201553,Title
The Graduate||1967,The Graduate,1967,29942,Title (film)
A Goofy Movie||1995,A Goofy Movie,1995,155785,Title
Down by Law||1986,Down by Law,1986,3375635,Title (film)
Hocus Pocus||1993,Hocus Pocus,1993,1962219,Title (YEAR film)
My Brother's Wedding||1985,My Brother's Wedding,1985,30879026,Title
Captain January||1924,Captain January,1924,8174574,Title (YEAR film)
Recollections of the Yellow House||1989,Recollections of the Yellow House,1989,37809940,Title
Vagabond||1985,Vagabond,1985,897713,Title (YEAR film)
The Beyond||1981,The Beyond,1981,1864142,Title (YEAR film)
High Society||1956,High Society,1956,255194,Title (YEAR film)
Ten Dark Women||1961,Ten Dark Women,1961,34888791,Title
Freaks||1932,Freaks,1932,73494,Title (YEAR film)
God's Comedy||1996,God's Comedy,1996,18523660,Title
The Blade||1995,The Blade,1995,5697939,Title (film)
Cannibal Holocaust||1980,Cannibal Holocaust,1980,513149,Title
Careful||1992,Careful,1992,8136508,Title (YEAR film)
Uncle Boonmee Who Can Recall His Past Lives||2010,Uncle Boonmee Who Can Recall His Past Lives,2010,26978753,Title
Bellissima||1952,Bellissima,1952,10748976,Title (film)
The Adventures of Prince Achmed||1926,The Adventures of Prince Achmed,1926,4321732,Title
He Ran All the Way||1951,He Ran All the Way,1951,3820793,Title
Strictly Ballroom||1992,Strictly Ballroom,1992,542202,Title
Sunrise: A Song of Two Humans||1927,Sunrise: A Song of Two Humans,1927,61904,Title
Häxan||1922,Häxan,1922,3644898,Title
Pink Flamingos||1972,Pink Flamingos,1972,320527,Title
Steel Magnolias||1989,Steel Magnolias,1989,600008,Title
Diva||1981,Diva,1981,30874145,Title (YEAR film)
Witness||1985,Witness,1985,84931,Title (YEAR film)
"New York, New York||1977","New York, New York",1977,1230920,Title (YEAR film)
The Human Condition I: No Greater Love||1959,The Human Condition I: No Greater Love,1959,69840192,Title
Parents||1989,Parents,1989,5330839,Title (YEAR film)
The Human Condition II: Road to Eternity||1959,The Human Condition II: Road to Eternity,1959,81194255,Title
The Human Condition III: A Soldier's Prayer||1961,The Human Condition III: A Soldier's Prayer,1961,30405035,Title
The 'Burbs||1989,The 'Burbs,1989,600216,Title
Back to the Future||1985,Back to the Future,1985,42993,Title (YEAR film)
A Few Good Men||1992,A Few Good Men,1992,20691749,Title (film)
Dead Snow||2009,Dead Snow,2009,20611596,Title
Heaven Can Wait||1943,Heaven Can Wait,1943,77653,Title (YEAR film)
Mystery Train||1989,Mystery Train,1989,3509663,Title (film)
Little Nicky||2000,Little Nicky,2000,1011854,Title (film)
The Spousals of God||1999,The Spousals of God,1999,1033167,search
Barbarian||2022,Barbarian,2022,71399138,Title (YEAR film)
Kaagaz Ke Phool||1959,Kaagaz Ke Phool,1959,8448870,Title
Dracula & Frankenstein Double Feature||1931,Dracula & Frankenstein Double Feature,1931,73297429,search
Knives Out||2019,Knives Out,2019,58400663,Title (film)
The Devil's Advocate||1997,The Devil's Advocate,1997,673274,Title (YEAR film)
Final Destination 3||2006,Final Destination 3,2006,1945359,Title
The Adventures of Baron Munchausen||1988,The Adventures of Baron Munchausen,1988,164502,Title
Au Revoir les Enfants||1987,Au Revoir les Enfants,1987,1688060,Title
Faust||1926,Faust,1926,1343856,Title (YEAR film)
The Devils||1971,The Devils,1971,459586,Title (film)
RPM Fest Presents: Karel Doing||1998,RPM Fest Presents: Karel Doing,1998,,unresolved
Boston Punk Unbound/Rewound||1976,Boston Punk Unbound/Rewound,1976,,unresolved
Futility in Frames: The Hypnoses of Vlatko Gilic||1968,Futility in Frames: The Hypnoses of Vlatko Gilic,1968,,unresolved
Maso and Miso Go Boating||1976,Maso and Miso Go Boating,1976,,unresolved
Sanggyedong Olympic / Graeae: A Stationed Idea||1988,Sanggyedong Olympic / Graeae: A Stationed Idea,1988,,unresolved
Labor News No. 1 / melting icecream||1989,Labor News No. 1 / melting icecream,1989,,unresolved
RPM Fest Presents Mountains Meet the Sea: Kathy Rugh||2007,RPM Fest Presents Mountains Meet the Sea: Kathy Rugh,2007,,unresolved
"RPM Presents: Time, a Substance: Janie Geiser||2020","RPM Presents: Time, a Substance: Janie Geiser",2020,,unresolved
Document of Collision: The Whiplashed Ones (Dokyumento Rinka: Muchiutareru Mono)||1969,Document of Collision: The Whiplashed Ones (Dokyumento Rinka: Muchiutareru Mono),1969,,unresolved
"The Ecstatic Square: Karpo Godina’s Experimental Shorts, 1965-1972||1965","The Ecstatic Square: Karpo Godina’s Experimental Shorts, 1965-1972",1965,,unresolved
Harald Naegeli - Der Sprayer von Zürich||2021,Harald Naegeli - Der Sprayer von Zürich,2021,,unresolved
FOUND FOOTAGE FEST: Porcelain VHS Treasures||2025,FOUND FOOTAGE FEST: Porcelain VHS Treasures,2025,,unresolved
"RPM Fest Presents Crossing Lines, Films by Raymond Rea||1982","RPM Fest Presents Crossing Lines, Films by Raymond Rea",1982,,unresolved
"Farpões, baldios / O Pão||1963","Farpões, baldios / O Pão",1963,,unresolved
GODZILLATHON||1954,GODZILLATHON,1954,,unresolved
Jordan Belson by Raymond Foye - Program i||1951,Jordan Belson by Raymond Foye - Program i,1951,,unresolved
Vanity Street / Three Wise Girls||1932,Vanity Street / Three Wise Girls,1932,,unresolved
RPM Fest Presents Crossing Lines: Films by Raymond Rea||1985,RPM Fest Presents Crossing Lines: Films by Raymond Rea,1985,,unresolved
Keaton & Chaplin Double Feature: THE GENERAL / THE IMMIGRANT||1917,Keaton & Chaplin Double Feature: THE GENERAL / THE IMMIGRANT,1917,,unresolved
The Conformist||1971,The Conformist,1971,,unresolved
RPM Presents “Between Breaths”: Films by Kalpana Subramanian||2026,RPM Presents “Between Breaths”: Films by Kalpana Subramanian,2026,,unresolved
RPM Presents “The Blue Rose of Forgetfulness”: Films by Lewis Klahr||2019,RPM Presents “The Blue Rose of Forgetfulness”: Films by Lewis Klahr,2019,,unresolved
RPM Presents “For All Audiences”: Films by Josh Weissbach||2014,RPM Presents “For All Audiences”: Films by Josh Weissbach,2014,,unresolved
Slowburn Shoot: An Indie Wrestling Story||2026,Slowburn Shoot: An Indie Wrestling Story,2026,,unresolved
Double Feature: Sleepaway Camp / Teenage Sex and Death at Camp Miasma||2026,Double Feature: Sleepaway Camp / Teenage Sex and Death at Camp Miasma,2026,,unresolved
Racetrack||1985,Racetrack,1985,,unresolved
Teenage Wasteland||2025,Teenage Wasteland,2025,,unresolved
La Musica||1967,La Musica,1967,,unresolved
Aspen||1991,Aspen,1991,,unresolved
,Blue Giant,,,unresolved
Nam June Paik: Moon Is the Oldest TV||2023,Nam June Paik: Moon Is the Oldest TV,2023,,unresolved
Nostalgia||1983,Nostalgia,1983,,unresolved
Lemon Sky||1988,Lemon Sky,1988,,unresolved
Hangdog||2023,Hangdog,2023,,unresolved
Change of Life||1967,Change of Life,1967,,unresolved
Poundcake||2023,Poundcake,2023,,unresolved
Trails||1978,Trails,1978,,unresolved
Vilarinho das Furnas||1971,Vilarinho das Furnas,1971,,unresolved
Carol for Another Christmas||1964,Carol for Another Christmas,1964,,unresolved
Woodland||2023,Woodland,2023,,unresolved
Turning Tables||2025,Turning Tables,2025,,unresolved
Revenge||2018,Revenge,2018,,unresolved
Pepe||2025,Pepe,2025,,unresolved
Two Years at Sea||2011,Two Years at Sea,2011,,unresolved
Essene||1972,Essene,1972,,unresolved
High School||1969,High School,1969,,unresolved
The Lord of the Rings Trilogy||2001,The Lord of the Rings Trilogy,2001,,unresolved
Two to One||2024,Two to One,2024,,unresolved
School in the Crosshairs||1981,School in the Crosshairs,1981,,unresolved
Sabbath Queen||2024,Sabbath Queen,2024,,unresolved
Ghostwatch||1992,Ghostwatch,1992,,unresolved
The Sealed Soil||1977,The Sealed Soil,1977,,unresolved
Brother and Sister||1953,Brother and Sister,1953,,unresolved
Devdas||2002,Devdas,2002,,unresolved
Elie Wiesel: Soul on Fire||2024,Elie Wiesel: Soul on Fire,2024,,unresolved
Friendship||2025,Friendship,2025,,unresolved
The Spider's Stratagem||1970,The Spider's Stratagem,1970,,unresolved
Twin Peaks||1989,Twin Peaks,1989,,unresolved
Aladdin||1992,Aladdin,1992,,unresolved
Angel's Egg||1985,Angel's Egg,1985,,unresolved
Sherman's March||1985,Sherman's March,1985,,unresolved
Snow White||2000,Snow White,2000,,unresolved
The Last Dive||1992,The Last Dive,1992,,unresolved
Prince: Sign O' the Times||1987,Prince: Sign O' the Times,1987,,unresolved
Beyond the Blue Border||2024,Beyond the Blue Border,2024,,unresolved
Bonnie Blue: James Cotton's Life in the Blues||2022,Bonnie Blue: James Cotton's Life in the Blues,2022,,unresolved
Double Feature - Wild Innovators/A Reckoning in Boston||2024,Double Feature - Wild Innovators/A Reckoning in Boston,2024,,unresolved
Zontar: The Thing from Venus||1967,Zontar: The Thing from Venus,1967,,unresolved
"Harry Smith Films Nos. 1 – 5, 7 & 10, 11 & 16||1946","Harry Smith Films Nos. 1 – 5, 7 & 10, 11 & 16",1946,,unresolved
Billy in the Lowlands||1979,Billy in the Lowlands,1979,,unresolved
Holding Back the Tide||2024,Holding Back the Tide,2024,,unresolved
Falamos de Rio de Onor||1974,Falamos de Rio de Onor,1974,,unresolved
23rd Halloween Horror Marathon||2024,23rd Halloween Horror Marathon,2024,,unresolved
O Mal-Amado||1974,O Mal-Amado,1974,,unresolved
Histórias Selvagens||1978,Histórias Selvagens,1978,,unresolved
Harry Smith - Film No. 18 (Mahagonny)||1970,Harry Smith - Film No. 18 (Mahagonny),1970,,unresolved
Neo Homo Promo||1994,Neo Homo Promo,1994,,unresolved
Afro Promo||1997,Afro Promo,1997,,unresolved
"Salad Days: A Decade of Punk in Washington, DC (1980-90)||2015","Salad Days: A Decade of Punk in Washington, DC (1980-90)",2015,,unresolved
Where to After the Rain?||1967,Where to After the Rain?,1967,,unresolved
Prism||2021,Prism,2021,,unresolved
The Optical Tricks of a Cinemagician||1896,The Optical Tricks of a Cinemagician,1896,,unresolved
Only in Dreams: The Evils that Lurk||1896,Only in Dreams: The Evils that Lurk,1896,,unresolved
Santa Teresa & Other Stories||2015,Santa Teresa & Other Stories,2015,,unresolved
"Voyages through Earth, Sea and Space||1896","Voyages through Earth, Sea and Space",1896,,unresolved
Delphine’s Prayers||2021,Delphine’s Prayers,2021,,unresolved
Boston Sci-Fi Film Festival Marathon||2025,Boston Sci-Fi Film Festival Marathon,2025,,unresolved
Punch-Drunk Love / Ali: Fear Eats the Soul||1974,Punch-Drunk Love / Ali: Fear Eats the Soul,1974,,unresolved
Collective Monologue||2024,Collective Monologue,2024,,unresolved
Dorian Gray in the Mirror of the Yellow Press||1984,Dorian Gray in the Mirror of the Yellow Press,1984,,unresolved
Beau travail / Brief Encounter||1945,Beau travail / Brief Encounter,1945,,unresolved
La Jetée / In the Mood for Love||1962,La Jetée / In the Mood for Love,1962,,unresolved
"Prewar and Wartime Animation, Part One||1931","Prewar and Wartime Animation, Part One",1931,,unresolved
To the Japs: South Korean A-Bomb Survivors Speak Out||1971,To the Japs: South Korean A-Bomb Survivors Speak Out,1971,,unresolved
Sea Palace / The Sea Demon on Land||1930,Sea Palace / The Sea Demon on Land,1930,,unresolved
Underground and in the Air: Musical Experiments in Yugoslavia||1962,Underground and in the Air: Musical Experiments in Yugoslavia,1962,,unresolved
Ghost in the Shell Double Feature||1995,Ghost in the Shell Double Feature,1995,,unresolved
Battalion to My Beat||2016,Battalion to My Beat,2016,,unresolved
"Frame for a Few Poses, Episodes 1 - 3||1976","Frame for a Few Poses, Episodes 1 - 3",1976,,unresolved
Franky Five Star||2023,Franky Five Star,2023,,unresolved
Two in the Shadow||1967,Two in the Shadow,1967,,unresolved
Double Feature: The Sweet Hereafter and Gates of Heaven||1980,Double Feature: The Sweet Hereafter and Gates of Heaven,1980,,unresolved
Ha Ha Ha||2010,Ha Ha Ha,2010,,unresolved
The Last Class||2025,The Last Class,2025,,unresolved
Twin Peaks: The Return (Part 1 & 2)||2017,Twin Peaks: The Return (Part 1 & 2),2017,,unresolved
Twin Peaks: The Return (Part 3 & 4)||2017,Twin Peaks: The Return (Part 3 & 4),2017,,unresolved
Sticker Movie||2023,Sticker Movie,2023,,unresolved
Twin Peaks: The Return (Part 5 & 6)||2017,Twin Peaks: The Return (Part 5 & 6),2017,,unresolved
Twin Peaks: The Return (Part 7 & 8)||2017,Twin Peaks: The Return (Part 7 & 8),2017,,unresolved
Alex Wheatle/Education||2020,Alex Wheatle/Education,2020,,unresolved
Twin Peaks: The Return (Part 9 & 10)||2017,Twin Peaks: The Return (Part 9 & 10),2017,,unresolved
Twin Peaks: The Return (Part 11 & 12)||2017,Twin Peaks: The Return (Part 11 & 12),2017,,unresolved
Twin Peaks: The Return (Part 13 & 14)||2017,Twin Peaks: The Return (Part 13 & 14),2017,,unresolved
Twin Peaks: The Return (Part 15 & 16)||2017,Twin Peaks: The Return (Part 15 & 16),2017,,unresolved
Twin Peaks: The Return (Part 17 & 18)||2017,Twin Peaks: The Return (Part 17 & 18),2017,,unresolved
Salli||2024,Salli,2024,,unresolved
Fleischer Fairy Tales||1931,Fleischer Fairy Tales,1931,,unresolved
A Terra! The Cinema of Marta Mateus Program I||1974,A Terra! The Cinema of Marta Mateus Program I,1974,,unresolved
A Terra! The Cinema of Marta Mateus Program III||1962,A Terra! The Cinema of Marta Mateus Program III,1962,,unresolved
Fire of Wind||2024,Fire of Wind,2024,,unresolved
24th Halloween Horror Marathon||2025,24th Halloween Horror Marathon,2025,,unresolved
"Learn from Experience, Part One||1937","Learn from Experience, Part One",1937,,unresolved
The Road I Travel With You / Avalanche||1936,The Road I Travel With You / Avalanche,1936,,unresolved
"There Was, There Was Not||2025","There Was, There Was Not",2025,,unresolved
Miracle in Milan / Killer of Sheep||1951,Miracle in Milan / Killer of Sheep,1951,,unresolved
Under Age / Girls Under 21||1940,Under Age / Girls Under 21,1940,,unresolved
Don Hertzfeldt’s Animation Mixtape||2025,Don Hertzfeldt’s Animation Mixtape,2025,,unresolved
Best of RPM 2025||2025,Best of RPM 2025,2025,,unresolved
Rebel Without a Cause / High School||1953,Rebel Without a Cause / High School,1953,,unresolved
Prickly Mountain and My Design/ Build Life||2025,Prickly Mountain and My Design/ Build Life,2025,,unresolved
The Great Yawn of History||2024,The Great Yawn of History,2024,,unresolved
The Umbrellas of Cherbourg / Hyena||1964,The Umbrellas of Cherbourg / Hyena,1964,,unresolved
The Umbrellas of Cherbourg / Hyenas||1964,The Umbrellas of Cherbourg / Hyenas,1964,,unresolved
51st Annual Boston Science Fiction Film Marathon||2026,51st Annual Boston Science Fiction Film Marathon,2026,,unresolved
Night Fight||2025,Night Fight,2025,,unresolved
"Growing Up Female, Second-Wave||1971","Growing Up Female, Second-Wave",1971,,unresolved
Coconut Head Generation||2023,Coconut Head Generation,2023,,unresolved
Youth in Fury||1960,Youth in Fury,1960,,unresolved
I Have Sinned||1936,I Have Sinned,1936,,unresolved
Born Innocent: The Redd Kross Story||2024,Born Innocent: The Redd Kross Story,2024,,unresolved
A Hot Roof||1995,A Hot Roof,1995,,unresolved
Double Feature: Island of Lost Souls / The Leopard Man||1932,Double Feature: Island of Lost Souls / The Leopard Man,1932,,unresolved
Local Spotlight: Viet Nam: The Aftermath||1982,Local Spotlight: Viet Nam: The Aftermath,1982,,unresolved
Double Feature: Chime / Serpent’s Path||1998,Double Feature: Chime / Serpent’s Path,1998,,unresolved
Double Feature: Chime + Serpent’s Path||1998,Double Feature: Chime + Serpent’s Path,1998,,unresolved
Santo vs. Doctor Death||1973,Santo vs. Doctor Death,1973,,unresolved
"Double Feature: Adaptation / Synecdoche, New York||2002","Double Feature: Adaptation / Synecdoche, New York",2002,,unresolved
Double Feature: Nouvelle Vague / Contempt||1963,Double Feature: Nouvelle Vague / Contempt,1963,,unresolved
Mare’s Nest||2026,Mare’s Nest,2026,,unresolved
Red Stars Upon the Field||2025,Red Stars Upon the Field,2025,,unresolved
Marathon '77||1977,Marathon '77,1977,,unresolved
Keaton and Pickford Double Feature: One Week / Stella Maris||1918,Keaton and Pickford Double Feature: One Week / Stella Maris,1918,,unresolved
Cemetery Cinema: The Straight Story & Wings of Desire||1987,Cemetery Cinema: The Straight Story & Wings of Desire,1987,,unresolved
Lotte Reiniger Short Films||1926,Lotte Reiniger Short Films,1926,,unresolved
Ghost Ship and The Fog Aboard the Sea Witch||1980,Ghost Ship and The Fog Aboard the Sea Witch,1980,,unresolved
The Hips of J.W.||1997,The Hips of J.W.,1997,,unresolved
Leviathan and Deep Rising Aboard the Sea Witch||1989,Leviathan and Deep Rising Aboard the Sea Witch,1989,,unresolved
Jaws and Deep Blue Sea Aboard the Sea Witch||1975,Jaws and Deep Blue Sea Aboard the Sea Witch,1975,,unresolved
